Loan_ID,Bank,Sector,Loan_Type,Disbursement_Date,Principal_Amount_GHS,Interest_Rate_Pct,Days_Past_Due,Asset_Classification,Is_NPL,Provision_Rate,ECL_Provision_GHS
GHA-LN-10001,Alpha Bank Ghana,Manufacturing,Syndicated Loan,02/04/2023,1962000,35.36,75,Other Loans Especially Mentioned (OLEM),0,NA,NA
GHA-LN-10002,Zenith Frontier Bank,Services,Overdraft,03/02/2026,4241000,31.27,210,Doubtful,1,0.5,2120500
GHA-LN-10003,Alpha Bank Ghana,Construction,Syndicated Loan,15/04/2025,3150000,31.67,0,Current,0,0.01,31500
GHA-LN-10004,Alpha Bank Ghana,Services,SME Asset Financing,17/04/2023,3845000,36.46,0,Current,0,0.01,38450
GHA-LN-10005,Beacon Trust Bank,Services,Overdraft,25/01/2023,3656000,29.69,0,Current,0,0.01,36560
GHA-LN-10006,Savannah National Bank,Commerce & Finance,SME Asset Financing,12/09/2023,5021000,33.67,45,Other Loans Especially Mentioned (OLEM),0,NA,NA
GHA-LN-10007,Beacon Trust Bank,Agriculture,SME Asset Financing,07/04/2023,2113000,26.69,0,Current,0,0.01,21130
GHA-LN-10008,Beacon Trust Bank,Manufacturing,SME Asset Financing,18/10/2025,2136000,34.42,120,Substandard,1,0.2,427200
GHA-LN-10009,Alpha Bank Ghana,Services,Overdraft,24/05/2025,5314000,27.31,0,Current,0,0.01,53140
GHA-LN-10010,Savannah National Bank,Manufacturing,SME Asset Financing,22/12/2023,7455000,36.95,0,Current,0,0.01,74550
GHA-LN-10011,Alpha Bank Ghana,Manufacturing,Overdraft,14/10/2024,2012000,32.74,75,Other Loans Especially Mentioned (OLEM),0,NA,NA
GHA-LN-10012,Zenith Frontier Bank,Services,Overdraft,09/03/2022,4679000,32.52,75,Other Loans Especially Mentioned (OLEM),0,NA,NA
GHA-LN-10013,Savannah National Bank,Agriculture,Term Loan,21/06/2024,3980000,29.35,120,Substandard,1,0.2,796000
GHA-LN-10014,Beacon Trust Bank,Manufacturing,Overdraft,08/02/2025,2482000,34.17,0,Current,0,0.01,24820
GHA-LN-10015,Beacon Trust Bank,Commerce & Finance,Overdraft,10/07/2024,3733000,27.4,0,Current,0,0.01,37330
GHA-LN-10016,Meridian Credit Bank,Agriculture,Syndicated Loan,22/04/2023,5292000,31.4,0,Current,0,0.01,52920
GHA-LN-10017,Alpha Bank Ghana,Manufacturing,Term Loan,13/11/2022,403000,32.11,0,Current,0,0.01,4030
GHA-LN-10019,Meridian Credit Bank,Construction,Term Loan,15/02/2024,4829000,31.91,0,Current,0,0.01,48290
GHA-LN-10020,Savannah National Bank,Construction,Term Loan,27/02/2023,6897000,37.87,0,Current,0,0.01,68970
GHA-LN-10021,Zenith Frontier Bank,Services,Syndicated Loan,05/04/2022,4491000,26.31,15,Current,0,0.01,44910
GHA-LN-10022,Zenith Frontier Bank,Agriculture,Overdraft,12/12/2023,2324000,34.03,15,Current,0,0.01,23240
GHA-LN-10023,Zenith Frontier Bank,Manufacturing,Syndicated Loan,17/03/2025,776000,26.34,0,Current,0,0.01,7760
GHA-LN-10024,Savannah National Bank,Services,Syndicated Loan,11/04/2025,1153000,30.02,0,Current,0,0.01,11530
GHA-LN-10025,Beacon Trust Bank,Manufacturing,Overdraft,21/08/2022,4077000,29.14,45,Other Loans Especially Mentioned (OLEM),0,NA,NA
GHA-LN-10026,Savannah National Bank,Services,SME Asset Financing,01/08/2024,4705000,32.18,45,Other Loans Especially Mentioned (OLEM),0,NA,NA
GHA-LN-10027,Meridian Credit Bank,Agriculture,Term Loan,25/04/2022,6536000,32.4,15,Current,0,0.01,65360
GHA-LN-10028,Beacon Trust Bank,Construction,Syndicated Loan,28/02/2026,841000,30.06,0,Current,0,0.01,8410
GHA-LN-10029,Alpha Bank Ghana,Construction,Overdraft,31/05/2023,6153000,33.56,45,Other Loans Especially Mentioned (OLEM),0,NA,NA
GHA-LN-10030,Beacon Trust Bank,Commerce & Finance,SME Asset Financing,06/02/2022,3773000,28.76,0,Current,0,0.01,37730
GHA-LN-10031,Meridian Credit Bank,Services,Syndicated Loan,29/08/2023,6178000,31.84,0,Current,0,0.01,61780
GHA-LN-10032,Beacon Trust Bank,Manufacturing,Overdraft,01/12/2022,1462000,31.39,15,Current,0,0.01,14620
GHA-LN-10033,Savannah National Bank,Construction,Overdraft,21/06/2022,3769000,36.23,75,Other Loans Especially Mentioned (OLEM),0,NA,NA
GHA-LN-10034,Savannah National Bank,Manufacturing,SME Asset Financing,14/05/2024,3390000,33.04,0,Current,0,0.01,33900
GHA-LN-10035,Beacon Trust Bank,Agriculture,Overdraft,30/10/2023,4214000,30.58,0,Current,0,0.01,42140
GHA-LN-10036,Zenith Frontier Bank,Manufacturing,Term Loan,21/02/2024,2960000,29,45,Other Loans Especially Mentioned (OLEM),0,NA,NA
GHA-LN-10037,Savannah National Bank,Commerce & Finance,Overdraft,19/08/2023,7311000,36.81,0,Current,0,0.01,73110
GHA-LN-10038,Zenith Frontier Bank,Services,Overdraft,26/06/2022,1736000,27.89,0,Current,0,0.01,17360
GHA-LN-10039,Savannah National Bank,Agriculture,SME Asset Financing,14/03/2024,2045000,34.65,0,Current,0,0.01,20450
GHA-LN-10040,Beacon Trust Bank,Unclassified,Term Loan,05/09/2022,3488000,26.1,210,Doubtful,1,0.5,1744000
GHA-LN-10041,Beacon Trust Bank,Commerce & Finance,SME Asset Financing,20/11/2023,1608000,35.21,0,Current,0,0.01,16080
GHA-LN-10042,Meridian Credit Bank,Services,SME Asset Financing,23/12/2025,6998000,31.63,0,Current,0,0.01,69980
GHA-LN-10043,Alpha Bank Ghana,Commerce & Finance,SME Asset Financing,27/09/2025,5276000,29.94,45,Other Loans Especially Mentioned (OLEM),0,NA,NA
GHA-LN-10044,Zenith Frontier Bank,Construction,Term Loan,13/11/2022,6672000,36,0,Current,0,0.01,66720
GHA-LN-10045,Beacon Trust Bank,Manufacturing,Syndicated Loan,29/09/2024,5179000,34.84,0,Current,0,0.01,51790
GHA-LN-10046,Beacon Trust Bank,Commerce & Finance,SME Asset Financing,20/08/2022,5423000,28.64,0,Current,0,0.01,54230
GHA-LN-10047,Beacon Trust Bank,Commerce & Finance,Syndicated Loan,16/08/2024,2893000,30.99,0,Current,0,0.01,28930
GHA-LN-10048,Savannah National Bank,Construction,Term Loan,23/04/2023,2781000,29.44,45,Other Loans Especially Mentioned (OLEM),0,NA,NA
GHA-LN-10049,Meridian Credit Bank,Manufacturing,Syndicated Loan,14/02/2025,1017000,27.6,0,Current,0,0.01,10170
GHA-LN-10050,Zenith Frontier Bank,Commerce & Finance,Overdraft,31/07/2024,6427000,36.18,0,Current,0,0.01,64270
GHA-LN-10051,Beacon Trust Bank,Commerce & Finance,Overdraft,03/11/2025,3373000,33.97,0,Current,0,0.01,33730
GHA-LN-10052,Beacon Trust Bank,Manufacturing,Term Loan,28/11/2024,45105000,32.43,0,Current,0,0.01,451050
GHA-LN-10053,Beacon Trust Bank,Commerce & Finance,SME Asset Financing,17/02/2022,7073000,36.84,0,Current,0,0.01,70730
GHA-LN-10054,Zenith Frontier Bank,Manufacturing,Syndicated Loan,02/04/2023,5766000,35.74,0,Current,0,0.01,57660
GHA-LN-10055,Alpha Bank Ghana,Commerce & Finance,SME Asset Financing,28/10/2023,6422000,29.6,45,Other Loans Especially Mentioned (OLEM),0,NA,NA
GHA-LN-10056,Alpha Bank Ghana,Mining,Term Loan,06/08/2024,2684000,31.38,0,Current,0,0.01,26840
GHA-LN-10057,Savannah National Bank,Construction,Syndicated Loan,12/11/2022,4466000,35.04,0,Current,0,0.01,44660
GHA-LN-10058,Zenith Frontier Bank,Services,Overdraft,28/04/2025,4654000,36.85,0,Current,0,0.01,46540
GHA-LN-10059,Beacon Trust Bank,Commerce & Finance,Overdraft,29/04/2025,2415000,36.45,15,Current,0,0.01,24150
GHA-LN-10060,Alpha Bank Ghana,Commerce & Finance,Overdraft,14/09/2022,5424000,36.05,15,Current,0,0.01,54240
GHA-LN-10061,Zenith Frontier Bank,Agriculture,Term Loan,27/07/2025,1162000,30.59,0,Current,0,0.01,11620
GHA-LN-10062,Savannah National Bank,Commerce & Finance,Term Loan,20/04/2022,3872000,30.22,0,Current,0,0.01,38720
GHA-LN-10063,Savannah National Bank,Commerce & Finance,Syndicated Loan,15/09/2024,3774000,30.57,0,Current,0,0.01,37740
GHA-LN-10064,Alpha Bank Ghana,Commerce & Finance,SME Asset Financing,02/09/2023,6397000,28.29,0,Current,0,0.01,63970
GHA-LN-10065,Meridian Credit Bank,Services,SME Asset Financing,15/03/2024,3926000,32.85,15,Current,0,0.01,39260
GHA-LN-10066,Meridian Credit Bank,Construction,Syndicated Loan,10/10/2023,3712000,30.59,15,Current,0,0.01,37120
GHA-LN-10067,Zenith Frontier Bank,Unclassified,Syndicated Loan,17/05/2022,5581000,33.6,45,Other Loans Especially Mentioned (OLEM),0,NA,NA
GHA-LN-10068,Zenith Frontier Bank,Commerce & Finance,SME Asset Financing,20/03/2024,2538000,33.68,0,Current,0,0.01,25380
GHA-LN-10069,Savannah National Bank,Agriculture,Overdraft,09/04/2025,6901000,29.29,0,Current,0,0.01,69010
GHA-LN-10070,Zenith Frontier Bank,Commerce & Finance,Syndicated Loan,21/08/2022,486000,37.93,0,Current,0,0.01,4860
GHA-LN-10071,Savannah National Bank,Commerce & Finance,Overdraft,17/03/2022,5540000,27.27,0,Current,0,0.01,55400
GHA-LN-10073,Beacon Trust Bank,Construction,Overdraft,23/04/2025,5057000,33.76,45,Other Loans Especially Mentioned (OLEM),0,NA,NA
GHA-LN-10074,Alpha Bank Ghana,Services,Term Loan,08/08/2023,1294000,29.67,45,Other Loans Especially Mentioned (OLEM),0,NA,NA
GHA-LN-10075,Beacon Trust Bank,Agriculture,Syndicated Loan,02/02/2026,6008000,30.67,0,Current,0,0.01,60080
GHA-LN-10076,Zenith Frontier Bank,Manufacturing,Term Loan,06/04/2024,7486000,32.63,45,Other Loans Especially Mentioned (OLEM),0,NA,NA
GHA-LN-10077,Zenith Frontier Bank,Services,SME Asset Financing,30/11/2023,751000,27.43,0,Current,0,0.01,7510
GHA-LN-10078,Savannah National Bank,Manufacturing,Overdraft,09/01/2026,4766000,30.5,0,Current,0,0.01,47660
GHA-LN-10079,Alpha Bank Ghana,Commerce & Finance,Syndicated Loan,08/03/2024,7465000,34.1,75,Other Loans Especially Mentioned (OLEM),0,NA,NA
GHA-LN-10080,Savannah National Bank,Services,Overdraft,18/04/2025,1520000,32.95,120,Substandard,1,0.2,304000
GHA-LN-10081,Beacon Trust Bank,Construction,SME Asset Financing,24/12/2023,1347000,32.01,15,Current,0,0.01,13470
GHA-LN-10082,Beacon Trust Bank,Manufacturing,SME Asset Financing,05/05/2024,5183000,28.97,0,Current,0,0.01,51830
GHA-LN-10083,Meridian Credit Bank,Commerce & Finance,Syndicated Loan,11/09/2025,32115000,34.49,15,Current,0,0.01,321150
GHA-LN-10084,Zenith Frontier Bank,Services,Overdraft,21/12/2022,3333000,35.25,0,Current,0,0.01,33330
GHA-LN-10085,Zenith Frontier Bank,Commerce & Finance,Overdraft,13/10/2025,7024000,37.72,0,Current,0,0.01,70240
GHA-LN-10086,Meridian Credit Bank,Agriculture,Overdraft,20/12/2022,7326000,30.14,45,Other Loans Especially Mentioned (OLEM),0,NA,NA
GHA-LN-10087,Savannah National Bank,Commerce & Finance,Term Loan,11/12/2024,1601000,30,0,Current,0,0.01,16010
GHA-LN-10088,Zenith Frontier Bank,Mining,Term Loan,28/11/2023,2219000,35.76,0,Current,0,0.01,22190
GHA-LN-10089,Alpha Bank Ghana,Commerce & Finance,Syndicated Loan,30/10/2025,222000,31.71,0,Current,0,0.01,2220
GHA-LN-10090,Savannah National Bank,Commerce & Finance,SME Asset Financing,02/03/2025,4657000,34.98,0,Current,0,0.01,46570
GHA-LN-10091,Alpha Bank Ghana,Mining,Term Loan,04/11/2025,2641000,37.53,45,Other Loans Especially Mentioned (OLEM),0,NA,NA
GHA-LN-10092,Alpha Bank Ghana,Mining,SME Asset Financing,10/06/2025,5135000,31.76,0,Current,0,0.01,51350
GHA-LN-10093,Zenith Frontier Bank,Construction,Overdraft,25/02/2024,4469000,31.7,0,Current,0,0.01,44690
GHA-LN-10094,Meridian Credit Bank,Commerce & Finance,SME Asset Financing,04/02/2022,5699000,33.55,15,Current,0,0.01,56990
GHA-LN-10095,Alpha Bank Ghana,Manufacturing,SME Asset Financing,05/06/2023,6340000,34.56,0,Current,0,0.01,63400
GHA-LN-10096,Beacon Trust Bank,Manufacturing,Overdraft,28/07/2023,3562000,28.5,120,Substandard,1,0.2,712400
GHA-LN-10097,Zenith Frontier Bank,Commerce & Finance,Term Loan,23/01/2022,487000,36.76,75,Other Loans Especially Mentioned (OLEM),0,NA,NA
GHA-LN-10098,Alpha Bank Ghana,Mining,SME Asset Financing,09/08/2025,1519000,30.38,0,Current,0,0.01,15190
GHA-LN-10099,Zenith Frontier Bank,Agriculture,Syndicated Loan,24/11/2024,4473000,37.02,0,Current,0,0.01,44730
GHA-LN-10100,Zenith Frontier Bank,Unclassified,Syndicated Loan,05/05/2025,2577000,34.25,0,Current,0,0.01,25770
GHA-LN-10101,Alpha Bank Ghana,Commerce & Finance,SME Asset Financing,08/02/2022,6357000,29.37,15,Current,0,0.01,63570
GHA-LN-10102,Beacon Trust Bank,Services,SME Asset Financing,12/12/2023,2300000,34.98,0,Current,0,0.01,23000
GHA-LN-10103,Meridian Credit Bank,Services,SME Asset Financing,07/02/2025,2599000,30.14,0,Current,0,0.01,25990
GHA-LN-10104,Beacon Trust Bank,Agriculture,Overdraft,06/02/2024,4083000,33.8,0,Current,0,0.01,40830
GHA-LN-10105,Beacon Trust Bank,Agriculture,Overdraft,10/12/2025,3384000,29.12,0,Current,0,0.01,33840
GHA-LN-10106,Alpha Bank Ghana,Commerce & Finance,SME Asset Financing,01/05/2022,987000,26.55,0,Current,0,0.01,9870
GHA-LN-10107,Meridian Credit Bank,Commerce & Finance,Term Loan,09/01/2022,2776000,31.99,0,Current,0,0.01,27760
GHA-LN-10108,Alpha Bank Ghana,Commerce & Finance,Term Loan,20/05/2022,913000,27,0,Current,0,0.01,9130
GHA-LN-10109,Zenith Frontier Bank,Services,Term Loan,28/01/2022,1792000,35.13,0,Current,0,0.01,17920
GHA-LN-10110,Alpha Bank Ghana,Services,Overdraft,20/09/2025,4043000,28.65,0,Current,0,0.01,40430
GHA-LN-10111,Meridian Credit Bank,Commerce & Finance,Overdraft,23/05/2022,958000,28.18,0,Current,0,0.01,9580
GHA-LN-10112,Alpha Bank Ghana,Manufacturing,Syndicated Loan,14/08/2022,2568000,27.21,0,Current,0,0.01,25680
GHA-LN-10113,Meridian Credit Bank,Services,Overdraft,13/02/2024,4029000,30.12,0,Current,0,0.01,40290
GHA-LN-10114,Zenith Frontier Bank,Commerce & Finance,Overdraft,04/04/2025,5154000,33.59,0,Current,0,0.01,51540
GHA-LN-10115,Alpha Bank Ghana,Services,Overdraft,24/06/2023,5399000,26.87,0,Current,0,0.01,53990
GHA-LN-10116,Alpha Bank Ghana,Services,Term Loan,07/12/2024,3655000,28.37,0,Current,0,0.01,36550
GHA-LN-10117,Beacon Trust Bank,Services,Syndicated Loan,27/03/2024,2804000,33.1,0,Current,0,0.01,28040
GHA-LN-10118,Beacon Trust Bank,Construction,Term Loan,05/02/2022,101000,28.8,15,Current,0,0.01,1010
GHA-LN-10119,Savannah National Bank,Agriculture,Overdraft,15/03/2024,6461000,37.29,0,Current,0,0.01,64610
GHA-LN-10120,Savannah National Bank,Manufacturing,Overdraft,23/09/2023,3224000,32.61,75,Other Loans Especially Mentioned (OLEM),0,NA,NA
GHA-LN-10121,Beacon Trust Bank,Construction,SME Asset Financing,24/10/2023,4152000,31.58,0,Current,0,0.01,41520
GHA-LN-10122,Beacon Trust Bank,Services,Syndicated Loan,21/10/2023,4464000,29.43,0,Current,0,0.01,44640
GHA-LN-10123,Savannah National Bank,Construction,Overdraft,03/12/2025,1295000,37.91,0,Current,0,0.01,12950
GHA-LN-10124,Savannah National Bank,Manufacturing,Overdraft,06/12/2022,2589000,35.13,0,Current,0,0.01,25890
GHA-LN-10125,Beacon Trust Bank,Construction,Syndicated Loan,29/08/2022,7114000,35.06,15,Current,0,0.01,71140
GHA-LN-10126,Alpha Bank Ghana,Commerce & Finance,Term Loan,20/01/2025,1812000,28.51,0,Current,0,0.01,18120
GHA-LN-10127,Alpha Bank Ghana,Agriculture,SME Asset Financing,21/07/2024,1095000,31.75,0,Current,0,0.01,10950
GHA-LN-10128,Beacon Trust Bank,Services,SME Asset Financing,20/03/2024,535000,35.73,0,Current,0,0.01,5350
GHA-LN-10129,Beacon Trust Bank,Manufacturing,Syndicated Loan,15/07/2023,4293000,34.86,0,Current,0,0.01,42930
GHA-LN-10130,Alpha Bank Ghana,Commerce & Finance,SME Asset Financing,22/05/2025,6124000,36.34,0,Current,0,0.01,61240
GHA-LN-10131,Savannah National Bank,Construction,SME Asset Financing,04/04/2023,1390000,31.98,0,Current,0,0.01,13900
GHA-LN-10132,Meridian Credit Bank,Agriculture,Overdraft,13/07/2022,4277000,28.79,0,Current,0,0.01,42770
GHA-LN-10133,Zenith Frontier Bank,Services,SME Asset Financing,06/02/2024,4738000,29.06,0,Current,0,0.01,47380
GHA-LN-10134,Beacon Trust Bank,Manufacturing,Term Loan,02/11/2025,999000,36.11,0,Current,0,0.01,9990
GHA-LN-10135,Savannah National Bank,Services,Overdraft,09/09/2022,2841000,32.47,0,Current,0,0.01,28410
GHA-LN-10136,Beacon Trust Bank,Manufacturing,Syndicated Loan,12/02/2026,6254000,30.71,0,Current,0,0.01,62540
GHA-LN-10137,Meridian Credit Bank,Construction,SME Asset Financing,12/04/2024,1264000,27.68,0,Current,0,0.01,12640
GHA-LN-10138,Beacon Trust Bank,Commerce & Finance,SME Asset Financing,14/07/2023,3965000,36.61,210,Doubtful,1,0.5,1982500
GHA-LN-10139,Alpha Bank Ghana,Services,Term Loan,11/12/2025,2137000,35.04,0,Current,0,0.01,21370
GHA-LN-10140,Savannah National Bank,Commerce & Finance,Syndicated Loan,03/03/2022,6923000,30.77,0,Current,0,0.01,69230
GHA-LN-10141,Zenith Frontier Bank,Services,Overdraft,29/03/2022,7426000,35.64,0,Current,0,0.01,74260
GHA-LN-10142,Beacon Trust Bank,Services,Overdraft,07/11/2022,6877000,34.97,75,Other Loans Especially Mentioned (OLEM),0,NA,NA
GHA-LN-10143,Alpha Bank Ghana,Manufacturing,Term Loan,17/02/2025,4876000,32.27,0,Current,0,0.01,48760
GHA-LN-10144,Alpha Bank Ghana,Services,Syndicated Loan,11/09/2022,2117000,33.58,0,Current,0,0.01,21170
GHA-LN-10145,Zenith Frontier Bank,Agriculture,SME Asset Financing,28/12/2024,1382000,29.25,0,Current,0,0.01,13820
GHA-LN-10146,Meridian Credit Bank,Construction,Term Loan,30/11/2022,6900000,36.98,0,Current,0,0.01,69000
GHA-LN-10147,Savannah National Bank,Commerce & Finance,Term Loan,08/04/2024,2557000,29.67,0,Current,0,0.01,25570
GHA-LN-10149,Alpha Bank Ghana,Services,Syndicated Loan,09/11/2022,1911000,35.62,0,Current,0,0.01,19110
GHA-LN-10150,Zenith Frontier Bank,Commerce & Finance,Syndicated Loan,16/04/2025,6650000,37.59,0,Current,0,0.01,66500
GHA-LN-10151,Meridian Credit Bank,Manufacturing,Overdraft,03/07/2024,2459000,28.9,0,Current,0,0.01,24590
GHA-LN-10152,Beacon Trust Bank,Services,Term Loan,16/09/2024,5995000,29.92,15,Current,0,0.01,59950
GHA-LN-10153,Zenith Frontier Bank,Manufacturing,Syndicated Loan,01/01/2026,1169000,34.12,120,Substandard,1,0.2,233800
GHA-LN-10154,Meridian Credit Bank,Mining,Syndicated Loan,02/06/2025,4317000,27.59,0,Current,0,0.01,43170
GHA-LN-10155,Savannah National Bank,Commerce & Finance,Term Loan,21/06/2022,5823000,36.23,0,Current,0,0.01,58230
GHA-LN-10156,Beacon Trust Bank,Construction,SME Asset Financing,20/07/2023,6908000,35.87,0,Current,0,0.01,69080
GHA-LN-10157,Alpha Bank Ghana,Commerce & Finance,Syndicated Loan,12/08/2025,5685000,34.89,0,Current,0,0.01,56850
GHA-LN-10158,Meridian Credit Bank,Agriculture,SME Asset Financing,24/05/2022,2033000,26.06,0,Current,0,0.01,20330
GHA-LN-10159,Meridian Credit Bank,Commerce & Finance,Overdraft,31/03/2024,6062000,30.34,0,Current,0,0.01,60620
GHA-LN-10160,Savannah National Bank,Commerce & Finance,Syndicated Loan,13/09/2022,2971000,35.76,0,Current,0,0.01,29710
GHA-LN-10161,Savannah National Bank,Services,Term Loan,02/12/2022,7474000,35.03,0,Current,0,0.01,74740
GHA-LN-10162,Savannah National Bank,Agriculture,Overdraft,21/05/2024,7069000,37.68,0,Current,0,0.01,70690
GHA-LN-10163,Meridian Credit Bank,Agriculture,Term Loan,17/08/2024,2025000,33.21,0,Current,0,0.01,20250
GHA-LN-10164,Alpha Bank Ghana,Commerce & Finance,Term Loan,17/07/2022,4085000,31.87,0,Current,0,0.01,40850
GHA-LN-10165,Alpha Bank Ghana,Services,Term Loan,16/06/2024,555000,27.9,0,Current,0,0.01,5550
GHA-LN-10166,Alpha Bank Ghana,Services,SME Asset Financing,20/06/2024,5454000,33.56,0,Current,0,0.01,54540
GHA-LN-10167,Zenith Frontier Bank,Services,Syndicated Loan,28/01/2023,5975000,37.21,0,Current,0,0.01,59750
GHA-LN-10168,Savannah National Bank,Commerce & Finance,SME Asset Financing,29/04/2023,390000,35.54,0,Current,0,0.01,3900
GHA-LN-10169,Alpha Bank Ghana,Mining,SME Asset Financing,15/05/2024,5670000,31,0,Current,0,0.01,56700
GHA-LN-10170,Zenith Frontier Bank,Agriculture,Overdraft,18/04/2025,769000,28.92,15,Current,0,0.01,7690
GHA-LN-10171,Savannah National Bank,Commerce & Finance,Term Loan,08/11/2024,4049000,37.4,45,Other Loans Especially Mentioned (OLEM),0,NA,NA
GHA-LN-10172,Alpha Bank Ghana,Services,Term Loan,07/09/2023,3234000,34.64,0,Current,0,0.01,32340
GHA-LN-10173,Alpha Bank Ghana,Manufacturing,Syndicated Loan,28/05/2024,3462000,31.99,75,Other Loans Especially Mentioned (OLEM),0,NA,NA
GHA-LN-10175,Savannah National Bank,Services,SME Asset Financing,07/08/2024,1645000,32.38,120,Substandard,1,0.2,329000
GHA-LN-10176,Beacon Trust Bank,Commerce & Finance,Syndicated Loan,31/12/2023,5936000,34.45,0,Current,0,0.01,59360
GHA-LN-10177,Meridian Credit Bank,Commerce & Finance,SME Asset Financing,17/08/2023,3841000,36.05,0,Current,0,0.01,38410
GHA-LN-10178,Zenith Frontier Bank,Manufacturing,Overdraft,28/06/2025,729000,30.6,0,Current,0,0.01,7290
GHA-LN-10179,Zenith Frontier Bank,Construction,Overdraft,27/03/2022,2675000,36.4,0,Current,0,0.01,26750
GHA-LN-10180,Savannah National Bank,Manufacturing,Syndicated Loan,01/10/2023,1777000,34.33,0,Current,0,0.01,17770
GHA-LN-10181,Alpha Bank Ghana,Services,Term Loan,14/09/2022,7465000,29.13,45,Other Loans Especially Mentioned (OLEM),0,NA,NA
GHA-LN-10182,Meridian Credit Bank,Commerce & Finance,Syndicated Loan,28/02/2022,1060000,34.01,0,Current,0,0.01,10600
GHA-LN-10183,Savannah National Bank,Construction,Term Loan,11/12/2025,6452000,30.39,15,Current,0,0.01,64520
GHA-LN-10184,Zenith Frontier Bank,Services,SME Asset Financing,09/08/2022,7265000,30.05,0,Current,0,0.01,72650
GHA-LN-10185,Beacon Trust Bank,Services,Overdraft,31/01/2024,5358000,28.66,0,Current,0,0.01,53580
GHA-LN-10186,Alpha Bank Ghana,Agriculture,Overdraft,08/01/2026,3463000,27.24,15,Current,0,0.01,34630
GHA-LN-10187,Alpha Bank Ghana,Services,Syndicated Loan,28/05/2023,6198000,33.71,0,Current,0,0.01,61980
GHA-LN-10188,Alpha Bank Ghana,Services,SME Asset Financing,24/02/2022,1208000,29.54,15,Current,0,0.01,12080
GHA-LN-10189,Meridian Credit Bank,Commerce & Finance,Term Loan,02/01/2026,462000,26.28,0,Current,0,0.01,4620
GHA-LN-10190,Beacon Trust Bank,Commerce & Finance,Syndicated Loan,10/06/2024,5963000,33.79,75,Other Loans Especially Mentioned (OLEM),0,NA,NA
GHA-LN-10191,Zenith Frontier Bank,Services,Syndicated Loan,09/01/2025,2440000,28.33,0,Current,0,0.01,24400
GHA-LN-10192,Savannah National Bank,Construction,SME Asset Financing,26/01/2025,4473000,37.71,15,Current,0,0.01,44730
GHA-LN-10193,Savannah National Bank,Manufacturing,Term Loan,06/01/2026,6446000,37.85,0,Current,0,0.01,64460
GHA-LN-10194,Zenith Frontier Bank,Construction,SME Asset Financing,09/07/2023,5690000,32.14,0,Current,0,0.01,56900
GHA-LN-10195,Alpha Bank Ghana,Commerce & Finance,Overdraft,27/01/2024,4454000,28.38,0,Current,0,0.01,44540
GHA-LN-10196,Savannah National Bank,Commerce & Finance,Overdraft,06/02/2023,2767000,33.79,0,Current,0,0.01,27670
GHA-LN-10197,Alpha Bank Ghana,Commerce & Finance,Term Loan,28/10/2025,1550000,37.56,45,Other Loans Especially Mentioned (OLEM),0,NA,NA
GHA-LN-10198,Alpha Bank Ghana,Mining,SME Asset Financing,16/05/2024,3210000,36.59,120,Substandard,1,0.2,642000
GHA-LN-10199,Zenith Frontier Bank,Manufacturing,Overdraft,11/05/2025,6825000,27.22,0,Current,0,0.01,68250
GHA-LN-10200,Meridian Credit Bank,Manufacturing,Overdraft,29/05/2024,3932000,26.04,0,Current,0,0.01,39320
GHA-LN-10201,Alpha Bank Ghana,Commerce & Finance,SME Asset Financing,07/08/2025,1451000,35.46,0,Current,0,0.01,14510
GHA-LN-10202,Beacon Trust Bank,Mining,Overdraft,02/10/2022,3210000,31.48,45,Other Loans Especially Mentioned (OLEM),0,NA,NA
GHA-LN-10203,Savannah National Bank,Agriculture,SME Asset Financing,27/01/2022,7415000,29.83,75,Other Loans Especially Mentioned (OLEM),0,NA,NA
GHA-LN-10204,Beacon Trust Bank,Commerce & Finance,Overdraft,05/11/2025,4852000,30.79,0,Current,0,0.01,48520
GHA-LN-10205,Zenith Frontier Bank,Commerce & Finance,Syndicated Loan,28/02/2023,3442000,27.39,0,Current,0,0.01,34420
GHA-LN-10206,Zenith Frontier Bank,Manufacturing,Syndicated Loan,15/07/2023,6675000,29.25,0,Current,0,0.01,66750
GHA-LN-10207,Meridian Credit Bank,Commerce & Finance,Term Loan,18/09/2024,55000,32.72,0,Current,0,0.01,550
GHA-LN-10208,Zenith Frontier Bank,Services,Term Loan,22/09/2023,3652000,35.38,45,Other Loans Especially Mentioned (OLEM),0,NA,NA
GHA-LN-10209,Beacon Trust Bank,Services,Syndicated Loan,18/10/2025,4824000,28.5,0,Current,0,0.01,48240
GHA-LN-10210,Alpha Bank Ghana,Unclassified,Syndicated Loan,19/04/2023,2836000,36.36,0,Current,0,0.01,28360
GHA-LN-10211,Alpha Bank Ghana,Services,Term Loan,03/08/2024,2645000,37.83,0,Current,0,0.01,26450
GHA-LN-10212,Alpha Bank Ghana,Commerce & Finance,Syndicated Loan,05/07/2025,897000,31.07,0,Current,0,0.01,8970
GHA-LN-10213,Meridian Credit Bank,Services,Overdraft,18/02/2025,3289000,33.38,0,Current,0,0.01,32890
GHA-LN-10214,Savannah National Bank,Unclassified,Overdraft,03/02/2025,5135000,37.33,120,Substandard,1,0.2,1027000
GHA-LN-10215,Beacon Trust Bank,Manufacturing,Term Loan,22/12/2025,5471000,26.91,15,Current,0,0.01,54710
GHA-LN-10216,Beacon Trust Bank,Commerce & Finance,SME Asset Financing,30/04/2023,4695000,32.27,0,Current,0,0.01,46950
GHA-LN-10217,Beacon Trust Bank,Construction,Term Loan,17/04/2022,5895000,35.06,0,Current,0,0.01,58950
GHA-LN-10218,Beacon Trust Bank,Manufacturing,Syndicated Loan,17/06/2022,2770000,37.88,210,Doubtful,1,0.5,1385000
GHA-LN-10219,Savannah National Bank,Commerce & Finance,Overdraft,16/12/2023,7128000,37.68,0,Current,0,0.01,71280
GHA-LN-10220,Savannah National Bank,Agriculture,Term Loan,15/12/2025,956000,26.59,0,Current,0,0.01,9560
GHA-LN-10221,Zenith Frontier Bank,Construction,Term Loan,22/10/2025,3654000,37.15,0,Current,0,0.01,36540
GHA-LN-10222,Alpha Bank Ghana,Mining,SME Asset Financing,24/04/2022,3328000,36.77,0,Current,0,0.01,33280
GHA-LN-10223,Meridian Credit Bank,Agriculture,Overdraft,28/01/2025,139000,27.6,0,Current,0,0.01,1390
GHA-LN-10224,Zenith Frontier Bank,Commerce & Finance,Term Loan,02/01/2022,5942000,27.6,15,Current,0,0.01,59420
GHA-LN-10225,Savannah National Bank,Commerce & Finance,Syndicated Loan,26/01/2025,7357000,33.67,0,Current,0,0.01,73570
GHA-LN-10226,Beacon Trust Bank,Services,Overdraft,05/01/2026,189000,35.38,0,Current,0,0.01,1890
GHA-LN-10227,Beacon Trust Bank,Commerce & Finance,SME Asset Financing,29/05/2022,1943000,33.44,0,Current,0,0.01,19430
GHA-LN-10228,Alpha Bank Ghana,Construction,Syndicated Loan,26/06/2024,1439000,37.67,15,Current,0,0.01,14390
GHA-LN-10229,Meridian Credit Bank,Commerce & Finance,Term Loan,29/08/2023,2868000,27.79,45,Other Loans Especially Mentioned (OLEM),0,NA,NA
GHA-LN-10230,Savannah National Bank,Commerce & Finance,Syndicated Loan,13/02/2026,3983000,34.36,0,Current,0,0.01,39830
GHA-LN-10231,Beacon Trust Bank,Commerce & Finance,Overdraft,28/05/2022,832000,31.81,0,Current,0,0.01,8320
GHA-LN-10232,Alpha Bank Ghana,Commerce & Finance,SME Asset Financing,25/02/2024,3799000,30.94,0,Current,0,0.01,37990
GHA-LN-10233,Beacon Trust Bank,Manufacturing,Term Loan,18/11/2022,6691000,31.6,75,Other Loans Especially Mentioned (OLEM),0,NA,NA
GHA-LN-10234,Meridian Credit Bank,Manufacturing,Term Loan,31/12/2024,1166000,30.02,45,Other Loans Especially Mentioned (OLEM),0,NA,NA
GHA-LN-10235,Alpha Bank Ghana,Construction,SME Asset Financing,06/12/2024,2978000,28.6,0,Current,0,0.01,29780
GHA-LN-10236,Meridian Credit Bank,Commerce & Finance,Term Loan,15/06/2025,5841000,36.14,0,Current,0,0.01,58410
GHA-LN-10237,Meridian Credit Bank,Agriculture,Overdraft,09/01/2024,1097000,31.7,120,Substandard,1,0.2,219400
GHA-LN-10238,Savannah National Bank,Construction,Syndicated Loan,29/07/2023,6472000,26.15,0,Current,0,0.01,64720
GHA-LN-10239,Zenith Frontier Bank,Manufacturing,Syndicated Loan,20/01/2023,1317000,26.3,0,Current,0,0.01,13170
GHA-LN-10240,Savannah National Bank,Construction,SME Asset Financing,06/08/2023,6201000,33,45,Other Loans Especially Mentioned (OLEM),0,NA,NA
GHA-LN-10241,Beacon Trust Bank,Construction,Overdraft,26/12/2022,6164000,36.65,0,Current,0,0.01,61640
GHA-LN-10242,Alpha Bank Ghana,Mining,Term Loan,07/07/2024,836000,36.16,0,Current,0,0.01,8360
GHA-LN-10243,Meridian Credit Bank,Commerce & Finance,SME Asset Financing,14/10/2024,4181000,35,0,Current,0,0.01,41810
GHA-LN-10244,Alpha Bank Ghana,Commerce & Finance,Term Loan,17/04/2022,6522000,34.38,0,Current,0,0.01,65220
GHA-LN-10245,Meridian Credit Bank,Commerce & Finance,Overdraft,19/09/2024,5184000,29.95,15,Current,0,0.01,51840
GHA-LN-10246,Zenith Frontier Bank,Commerce & Finance,SME Asset Financing,15/11/2022,5612000,26.64,0,Current,0,0.01,56120
GHA-LN-10247,Savannah National Bank,Manufacturing,Syndicated Loan,01/10/2023,3868000,29.54,15,Current,0,0.01,38680
GHA-LN-10248,Zenith Frontier Bank,Services,Overdraft,05/12/2025,2380000,36.04,0,Current,0,0.01,23800
GHA-LN-10249,Alpha Bank Ghana,Manufacturing,Term Loan,09/10/2023,4822000,32.87,0,Current,0,0.01,48220
GHA-LN-10250,Beacon Trust Bank,Services,SME Asset Financing,05/01/2026,6212000,33.98,0,Current,0,0.01,62120
GHA-LN-10251,Beacon Trust Bank,Commerce & Finance,Term Loan,03/01/2026,3925000,35.14,0,Current,0,0.01,39250
GHA-LN-10252,Savannah National Bank,Agriculture,SME Asset Financing,04/01/2022,6266000,36.03,0,Current,0,0.01,62660
GHA-LN-10253,Zenith Frontier Bank,Construction,Overdraft,17/01/2025,119000,37.95,45,Other Loans Especially Mentioned (OLEM),0,NA,NA
GHA-LN-10254,Meridian Credit Bank,Commerce & Finance,Term Loan,16/10/2023,1654000,30.67,0,Current,0,0.01,16540
GHA-LN-10255,Beacon Trust Bank,Commerce & Finance,Syndicated Loan,05/12/2023,2070000,30.29,0,Current,0,0.01,20700
GHA-LN-10256,Alpha Bank Ghana,Services,Term Loan,25/01/2026,1600000,37.63,75,Other Loans Especially Mentioned (OLEM),0,NA,NA
GHA-LN-10257,Alpha Bank Ghana,Services,SME Asset Financing,19/03/2025,4252000,29.02,120,Substandard,1,0.2,850400
GHA-LN-10258,Zenith Frontier Bank,Manufacturing,Term Loan,15/10/2025,6096000,32.64,0,Current,0,0.01,60960
GHA-LN-10259,Beacon Trust Bank,Commerce & Finance,Overdraft,22/02/2024,5685000,35.77,0,Current,0,0.01,56850
GHA-LN-10260,Meridian Credit Bank,Agriculture,SME Asset Financing,17/01/2025,3491000,30.34,45,Other Loans Especially Mentioned (OLEM),0,NA,NA
GHA-LN-10261,Beacon Trust Bank,Construction,Syndicated Loan,17/09/2022,5969000,29.02,0,Current,0,0.01,59690
GHA-LN-10262,Meridian Credit Bank,Commerce & Finance,Overdraft,23/04/2024,667000,28.71,120,Substandard,1,0.2,133400
GHA-LN-10263,Meridian Credit Bank,Services,SME Asset Financing,27/07/2023,3871000,31.9,0,Current,0,0.01,38710
GHA-LN-10264,Savannah National Bank,Services,SME Asset Financing,14/09/2025,7189000,31.09,0,Current,0,0.01,71890
GHA-LN-10265,Zenith Frontier Bank,Commerce & Finance,Overdraft,13/01/2022,1890000,29.44,0,Current,0,0.01,18900
GHA-LN-10266,Savannah National Bank,Agriculture,Term Loan,20/12/2024,6167000,26.07,15,Current,0,0.01,61670
GHA-LN-10267,Zenith Frontier Bank,Manufacturing,Syndicated Loan,01/08/2022,7390000,37.2,45,Other Loans Especially Mentioned (OLEM),0,NA,NA
GHA-LN-10268,Savannah National Bank,Commerce & Finance,SME Asset Financing,01/03/2025,787000,37.65,0,Current,0,0.01,7870
GHA-LN-10269,Meridian Credit Bank,Commerce & Finance,Syndicated Loan,17/03/2024,3131000,36.34,0,Current,0,0.01,31310
GHA-LN-10270,Beacon Trust Bank,Commerce & Finance,Syndicated Loan,18/09/2023,5442000,37.5,0,Current,0,0.01,54420
GHA-LN-10271,Alpha Bank Ghana,Services,Syndicated Loan,30/04/2024,5065000,28.94,15,Current,0,0.01,50650
GHA-LN-10272,Meridian Credit Bank,Manufacturing,Term Loan,27/12/2025,5100000,31.91,75,Other Loans Especially Mentioned (OLEM),0,NA,NA
GHA-LN-10273,Savannah National Bank,Services,Overdraft,12/09/2023,3072000,37.76,0,Current,0,0.01,30720
GHA-LN-10274,Alpha Bank Ghana,Commerce & Finance,Term Loan,15/12/2024,4434000,36.17,210,Doubtful,1,0.5,2217000
GHA-LN-10275,Zenith Frontier Bank,Mining,SME Asset Financing,23/02/2026,6068000,37.58,120,Substandard,1,0.2,1213600
GHA-LN-10276,Savannah National Bank,Services,Term Loan,04/01/2023,4907000,36.33,0,Current,0,0.01,49070
GHA-LN-10277,Zenith Frontier Bank,Manufacturing,Overdraft,10/08/2025,6080000,27.65,0,Current,0,0.01,60800
GHA-LN-10278,Savannah National Bank,Commerce & Finance,SME Asset Financing,14/11/2023,3997000,31.26,0,Current,0,0.01,39970
GHA-LN-10279,Zenith Frontier Bank,Commerce & Finance,Term Loan,06/06/2024,1062000,34.97,0,Current,0,0.01,10620
GHA-LN-10280,Savannah National Bank,Services,SME Asset Financing,18/01/2025,4384000,34.22,45,Other Loans Especially Mentioned (OLEM),0,NA,NA
GHA-LN-10281,Zenith Frontier Bank,Manufacturing,SME Asset Financing,20/01/2023,3913000,32.84,0,Current,0,0.01,39130
GHA-LN-10282,Beacon Trust Bank,Commerce & Finance,Syndicated Loan,11/01/2026,3357000,26.36,0,Current,0,0.01,33570
GHA-LN-10283,Zenith Frontier Bank,Services,SME Asset Financing,08/06/2024,4415000,31.28,0,Current,0,0.01,44150
GHA-LN-10284,Beacon Trust Bank,Agriculture,Overdraft,17/02/2025,7390000,34.47,15,Current,0,0.01,73900
GHA-LN-10285,Beacon Trust Bank,Manufacturing,Syndicated Loan,02/11/2025,1766000,33.4,0,Current,0,0.01,17660
GHA-LN-10286,Savannah National Bank,Commerce & Finance,Syndicated Loan,03/07/2025,2324000,34.65,0,Current,0,0.01,23240
GHA-LN-10287,Meridian Credit Bank,Unclassified,Overdraft,02/01/2025,2750000,27.78,15,Current,0,0.01,27500
GHA-LN-10288,Alpha Bank Ghana,Mining,SME Asset Financing,19/01/2026,3123000,29.69,0,Current,0,0.01,31230
GHA-LN-10289,Zenith Frontier Bank,Mining,Syndicated Loan,18/10/2025,1679000,37.39,120,Substandard,1,0.2,335800
GHA-LN-10290,Savannah National Bank,Agriculture,Overdraft,09/03/2024,3609000,31.13,0,Current,0,0.01,36090
GHA-LN-10291,Meridian Credit Bank,Construction,SME Asset Financing,06/09/2024,1240000,36.07,0,Current,0,0.01,12400
GHA-LN-10292,Alpha Bank Ghana,Commerce & Finance,Term Loan,21/06/2023,1331000,32.22,0,Current,0,0.01,13310
GHA-LN-10293,Beacon Trust Bank,Services,Term Loan,15/09/2022,3651000,29.46,210,Doubtful,1,0.5,1825500
GHA-LN-10294,Meridian Credit Bank,Commerce & Finance,Term Loan,13/03/2023,5559000,29.57,0,Current,0,0.01,55590
GHA-LN-10295,Savannah National Bank,Commerce & Finance,SME Asset Financing,05/07/2023,6591000,26.53,0,Current,0,0.01,65910
GHA-LN-10296,Beacon Trust Bank,Commerce & Finance,Overdraft,21/02/2024,1999000,31.73,0,Current,0,0.01,19990
GHA-LN-10297,Alpha Bank Ghana,Manufacturing,Overdraft,17/01/2026,1524000,26.56,210,Doubtful,1,0.5,762000
GHA-LN-10298,Savannah National Bank,Manufacturing,Term Loan,28/03/2022,3022000,27.98,0,Current,0,0.01,30220
GHA-LN-10299,Beacon Trust Bank,Commerce & Finance,Term Loan,27/07/2023,1626000,26.34,0,Current,0,0.01,16260
GHA-LN-10300,Alpha Bank Ghana,Manufacturing,Term Loan,01/12/2022,1483000,35.65,0,Current,0,0.01,14830
GHA-LN-10301,Meridian Credit Bank,Commerce & Finance,SME Asset Financing,27/12/2022,7405000,28.99,0,Current,0,0.01,74050
GHA-LN-10302,Meridian Credit Bank,Construction,Syndicated Loan,19/06/2023,2194000,37.47,0,Current,0,0.01,21940
GHA-LN-10303,Zenith Frontier Bank,Construction,Syndicated Loan,02/09/2023,1775000,34.37,0,Current,0,0.01,17750
GHA-LN-10304,Savannah National Bank,Services,Syndicated Loan,10/05/2022,1400000,35.83,15,Current,0,0.01,14000
GHA-LN-10305,Beacon Trust Bank,Construction,Term Loan,10/06/2025,4558000,28.01,0,Current,0,0.01,45580
GHA-LN-10306,Beacon Trust Bank,Agriculture,Overdraft,08/02/2025,6513000,26.58,15,Current,0,0.01,65130
GHA-LN-10307,Alpha Bank Ghana,Services,Syndicated Loan,30/06/2025,983000,36.86,0,Current,0,0.01,9830
GHA-LN-10308,Beacon Trust Bank,Services,Overdraft,19/09/2022,1483000,36.62,0,Current,0,0.01,14830
GHA-LN-10309,Meridian Credit Bank,Commerce & Finance,Syndicated Loan,13/02/2022,6269000,28.98,45,Other Loans Especially Mentioned (OLEM),0,NA,NA
GHA-LN-10310,Alpha Bank Ghana,Manufacturing,Overdraft,30/10/2022,6917000,26.93,0,Current,0,0.01,69170
GHA-LN-10311,Beacon Trust Bank,Commerce & Finance,SME Asset Financing,03/10/2023,4816000,33.22,0,Current,0,0.01,48160
GHA-LN-10312,Zenith Frontier Bank,Manufacturing,Term Loan,03/08/2025,3617000,34.16,0,Current,0,0.01,36170
GHA-LN-10313,Zenith Frontier Bank,Commerce & Finance,Syndicated Loan,16/02/2023,5811000,32.79,0,Current,0,0.01,58110
GHA-LN-10314,Beacon Trust Bank,Agriculture,Overdraft,07/12/2023,3912000,35.03,0,Current,0,0.01,39120
GHA-LN-10315,Meridian Credit Bank,Commerce & Finance,SME Asset Financing,09/01/2022,2974000,30.9,0,Current,0,0.01,29740
GHA-LN-10316,Meridian Credit Bank,Services,Overdraft,17/01/2023,6012000,36.64,0,Current,0,0.01,60120
GHA-LN-10317,Beacon Trust Bank,Commerce & Finance,SME Asset Financing,26/08/2022,85000,33.71,0,Current,0,0.01,850
GHA-LN-10318,Beacon Trust Bank,Commerce & Finance,Syndicated Loan,20/01/2025,5974000,37.65,0,Current,0,0.01,59740
GHA-LN-10319,Beacon Trust Bank,Manufacturing,Term Loan,27/09/2022,5333000,30.41,0,Current,0,0.01,53330
GHA-LN-10320,Savannah National Bank,Mining,SME Asset Financing,30/11/2023,7074000,32.39,0,Current,0,0.01,70740
GHA-LN-10321,Alpha Bank Ghana,Commerce & Finance,SME Asset Financing,21/10/2023,7083000,32,210,Doubtful,1,0.5,3541500
GHA-LN-10322,Beacon Trust Bank,Commerce & Finance,Overdraft,01/01/2024,2346000,29.67,0,Current,0,0.01,23460
GHA-LN-10323,Zenith Frontier Bank,Manufacturing,SME Asset Financing,10/12/2022,3037000,28.02,75,Other Loans Especially Mentioned (OLEM),0,NA,NA
GHA-LN-10324,Alpha Bank Ghana,Manufacturing,Term Loan,16/10/2023,3738000,29.22,15,Current,0,0.01,37380
GHA-LN-10325,Savannah National Bank,Agriculture,Overdraft,08/03/2022,5777000,37.31,0,Current,0,0.01,57770
GHA-LN-10326,Meridian Credit Bank,Commerce & Finance,Term Loan,07/08/2025,6895000,36.29,15,Current,0,0.01,68950
GHA-LN-10327,Savannah National Bank,Services,Syndicated Loan,01/03/2024,1166000,37.31,45,Other Loans Especially Mentioned (OLEM),0,NA,NA
GHA-LN-10328,Meridian Credit Bank,Manufacturing,SME Asset Financing,29/10/2024,5189000,35.79,15,Current,0,0.01,51890
GHA-LN-10329,Savannah National Bank,Commerce & Finance,SME Asset Financing,19/12/2022,6068000,36.58,0,Current,0,0.01,60680
GHA-LN-10330,Alpha Bank Ghana,Construction,Syndicated Loan,11/10/2022,1666000,35.44,45,Other Loans Especially Mentioned (OLEM),0,NA,NA
GHA-LN-10331,Beacon Trust Bank,Commerce & Finance,Overdraft,14/08/2025,1731000,37.71,0,Current,0,0.01,17310
GHA-LN-10332,Meridian Credit Bank,Agriculture,Overdraft,09/07/2025,1987000,30.39,45,Other Loans Especially Mentioned (OLEM),0,NA,NA
GHA-LN-10333,Alpha Bank Ghana,Construction,SME Asset Financing,22/01/2022,2256000,31.77,0,Current,0,0.01,22560
GHA-LN-10334,Beacon Trust Bank,Commerce & Finance,Overdraft,18/04/2025,3588000,30.08,0,Current,0,0.01,35880
GHA-LN-10335,Alpha Bank Ghana,Commerce & Finance,Syndicated Loan,05/01/2025,1971000,35.88,0,Current,0,0.01,19710
GHA-LN-10336,Meridian Credit Bank,Agriculture,SME Asset Financing,02/09/2024,5167000,35.5,120,Substandard,1,0.2,1033400
GHA-LN-10337,Zenith Frontier Bank,Agriculture,SME Asset Financing,28/07/2022,4843000,36.66,15,Current,0,0.01,48430
GHA-LN-10338,Beacon Trust Bank,Mining,SME Asset Financing,10/02/2024,4984000,26.56,75,Other Loans Especially Mentioned (OLEM),0,NA,NA
GHA-LN-10339,Alpha Bank Ghana,Manufacturing,Overdraft,09/11/2023,3883000,32.99,0,Current,0,0.01,38830
GHA-LN-10340,Alpha Bank Ghana,Services,Overdraft,13/02/2025,1050000,37.76,0,Current,0,0.01,10500
GHA-LN-10341,Beacon Trust Bank,Agriculture,SME Asset Financing,30/09/2022,3212000,28.32,75,Other Loans Especially Mentioned (OLEM),0,NA,NA
GHA-LN-10342,Alpha Bank Ghana,Commerce & Finance,Term Loan,18/08/2024,1472000,30.22,0,Current,0,0.01,14720
GHA-LN-10343,Savannah National Bank,Commerce & Finance,Overdraft,01/12/2025,597000,31.81,45,Other Loans Especially Mentioned (OLEM),0,NA,NA
GHA-LN-10344,Alpha Bank Ghana,Commerce & Finance,SME Asset Financing,05/02/2023,2928000,35.88,0,Current,0,0.01,29280
GHA-LN-10345,Meridian Credit Bank,Commerce & Finance,Term Loan,14/04/2024,2941000,26.43,45,Other Loans Especially Mentioned (OLEM),0,NA,NA
GHA-LN-10346,Alpha Bank Ghana,Commerce & Finance,SME Asset Financing,12/01/2025,6147000,26.36,0,Current,0,0.01,61470
GHA-LN-10347,Savannah National Bank,Manufacturing,Overdraft,22/01/2024,4765000,34.26,0,Current,0,0.01,47650
GHA-LN-10348,Meridian Credit Bank,Construction,SME Asset Financing,17/07/2024,6530000,34.55,15,Current,0,0.01,65300
GHA-LN-10349,Meridian Credit Bank,Services,Overdraft,08/05/2023,6907000,28.52,0,Current,0,0.01,69070
GHA-LN-10350,Zenith Frontier Bank,Manufacturing,Overdraft,20/09/2024,1730000,31.97,15,Current,0,0.01,17300
GHA-LN-10351,Zenith Frontier Bank,Construction,SME Asset Financing,15/04/2025,6425000,35.5,0,Current,0,0.01,64250
GHA-LN-10352,Meridian Credit Bank,Commerce & Finance,Term Loan,28/12/2023,5998000,34.62,0,Current,0,0.01,59980
GHA-LN-10353,Zenith Frontier Bank,Services,Syndicated Loan,13/06/2022,5213000,33.87,15,Current,0,0.01,52130
GHA-LN-10354,Beacon Trust Bank,Agriculture,Syndicated Loan,13/01/2026,1650000,28.48,15,Current,0,0.01,16500
GHA-LN-10355,Savannah National Bank,Services,SME Asset Financing,22/09/2025,5091000,35.36,0,Current,0,0.01,50910
GHA-LN-10356,Beacon Trust Bank,Construction,Overdraft,03/01/2026,6949000,36.41,15,Current,0,0.01,69490
GHA-LN-10357,Savannah National Bank,Mining,Overdraft,04/05/2024,3272000,28.38,0,Current,0,0.01,32720
GHA-LN-10358,Alpha Bank Ghana,Commerce & Finance,SME Asset Financing,24/09/2025,108000,29.49,0,Current,0,0.01,1080
GHA-LN-10359,Alpha Bank Ghana,Manufacturing,Term Loan,10/01/2025,1471000,34.62,0,Current,0,0.01,14710
GHA-LN-10360,Savannah National Bank,Agriculture,SME Asset Financing,28/01/2024,6566000,26.67,15,Current,0,0.01,65660
GHA-LN-10361,Alpha Bank Ghana,Commerce & Finance,Term Loan,17/08/2022,4698000,37.25,0,Current,0,0.01,46980
GHA-LN-10362,Meridian Credit Bank,Manufacturing,Syndicated Loan,12/10/2024,5999000,26.58,0,Current,0,0.01,59990
GHA-LN-10363,Meridian Credit Bank,Construction,Overdraft,11/10/2025,1586000,32.36,0,Current,0,0.01,15860
GHA-LN-10364,Beacon Trust Bank,Commerce & Finance,Overdraft,03/02/2024,267000,32.05,45,Other Loans Especially Mentioned (OLEM),0,NA,NA
GHA-LN-10365,Beacon Trust Bank,Commerce & Finance,Term Loan,25/06/2024,3397000,35.97,15,Current,0,0.01,33970
GHA-LN-10366,Alpha Bank Ghana,Commerce & Finance,Syndicated Loan,05/12/2022,537000,27.81,0,Current,0,0.01,5370
GHA-LN-10367,Savannah National Bank,Services,Term Loan,13/02/2026,7216000,34.41,0,Current,0,0.01,72160
GHA-LN-10368,Zenith Frontier Bank,Services,Overdraft,30/11/2025,6000000,31.64,0,Current,0,0.01,60000
GHA-LN-10369,Zenith Frontier Bank,Agriculture,Term Loan,31/10/2025,879000,32.17,0,Current,0,0.01,8790
GHA-LN-10370,Zenith Frontier Bank,Commerce & Finance,Term Loan,27/05/2024,6659000,36,15,Current,0,0.01,66590
GHA-LN-10371,Savannah National Bank,Mining,SME Asset Financing,11/03/2023,1640000,34.7,0,Current,0,0.01,16400
GHA-LN-10372,Meridian Credit Bank,Commerce & Finance,Syndicated Loan,23/06/2024,7201000,30.42,0,Current,0,0.01,72010
GHA-LN-10373,Alpha Bank Ghana,Commerce & Finance,Overdraft,18/01/2023,5189000,32.99,45,Other Loans Especially Mentioned (OLEM),0,NA,NA
GHA-LN-10374,Beacon Trust Bank,Commerce & Finance,Term Loan,25/01/2024,4089000,31.72,0,Current,0,0.01,40890
GHA-LN-10375,Savannah National Bank,Commerce & Finance,Overdraft,16/10/2022,5948000,32.96,0,Current,0,0.01,59480
GHA-LN-10376,Beacon Trust Bank,Commerce & Finance,Overdraft,05/08/2022,4135000,33.85,0,Current,0,0.01,41350
GHA-LN-10377,Meridian Credit Bank,Manufacturing,Overdraft,20/04/2025,992000,29.76,210,Doubtful,1,0.5,496000
GHA-LN-10378,Alpha Bank Ghana,Services,Term Loan,21/06/2024,7311000,34.22,210,Doubtful,1,0.5,3655500
GHA-LN-10379,Meridian Credit Bank,Commerce & Finance,Term Loan,05/05/2023,5851000,37.59,0,Current,0,0.01,58510
GHA-LN-10380,Beacon Trust Bank,Manufacturing,Term Loan,18/05/2025,299000,33.91,0,Current,0,0.01,2990
GHA-LN-10381,Alpha Bank Ghana,Services,Overdraft,04/06/2025,4735000,35.18,0,Current,0,0.01,47350
GHA-LN-10382,Savannah National Bank,Services,SME Asset Financing,24/12/2025,7003000,37.09,45,Other Loans Especially Mentioned (OLEM),0,NA,NA
GHA-LN-10383,Alpha Bank Ghana,Agriculture,Overdraft,10/10/2025,5559000,26.28,0,Current,0,0.01,55590
GHA-LN-10384,Zenith Frontier Bank,Agriculture,Syndicated Loan,08/08/2023,2356000,28.14,15,Current,0,0.01,23560
GHA-LN-10385,Meridian Credit Bank,Services,Overdraft,17/04/2022,5264000,33.63,0,Current,0,0.01,52640
GHA-LN-10386,Beacon Trust Bank,Services,Syndicated Loan,17/05/2024,6156000,27.97,75,Other Loans Especially Mentioned (OLEM),0,NA,NA
GHA-LN-10387,Zenith Frontier Bank,Commerce & Finance,Syndicated Loan,02/09/2025,6303000,36.31,15,Current,0,0.01,63030
GHA-LN-10388,Alpha Bank Ghana,Construction,Syndicated Loan,20/09/2024,6565000,27.9,0,Current,0,0.01,65650
GHA-LN-10389,Meridian Credit Bank,Services,Term Loan,29/06/2025,1531000,28.72,0,Current,0,0.01,15310
GHA-LN-10390,Zenith Frontier Bank,Manufacturing,Term Loan,22/10/2023,6851000,27.53,0,Current,0,0.01,68510
GHA-LN-10391,Beacon Trust Bank,Construction,SME Asset Financing,01/02/2025,6958000,32.72,0,Current,0,0.01,69580
GHA-LN-10392,Beacon Trust Bank,Construction,Term Loan,19/10/2022,1066000,37.29,15,Current,0,0.01,10660
GHA-LN-10393,Beacon Trust Bank,Unclassified,Syndicated Loan,22/04/2022,5600000,26.54,0,Current,0,0.01,56000
GHA-LN-10394,Meridian Credit Bank,Construction,Syndicated Loan,25/09/2024,869000,28.29,0,Current,0,0.01,8690
GHA-LN-10395,Zenith Frontier Bank,Construction,Overdraft,18/06/2024,6064000,37.5,0,Current,0,0.01,60640
GHA-LN-10396,Alpha Bank Ghana,Services,SME Asset Financing,19/02/2025,1306000,29.57,0,Current,0,0.01,13060
GHA-LN-10397,Savannah National Bank,Commerce & Finance,Term Loan,28/03/2022,6010000,33.72,0,Current,0,0.01,60100
GHA-LN-10398,Beacon Trust Bank,Commerce & Finance,Term Loan,25/12/2025,5458000,31.03,0,Current,0,0.01,54580
GHA-LN-10399,Savannah National Bank,Manufacturing,Overdraft,12/09/2022,4039000,29.32,0,Current,0,0.01,40390
GHA-LN-10400,Meridian Credit Bank,Services,SME Asset Financing,18/03/2023,2600000,35.92,0,Current,0,0.01,26000
GHA-LN-10401,Savannah National Bank,Construction,Term Loan,18/11/2024,2976000,35.03,0,Current,0,0.01,29760
GHA-LN-10402,Alpha Bank Ghana,Commerce & Finance,Overdraft,09/08/2022,3897000,36.1,0,Current,0,0.01,38970
GHA-LN-10403,Savannah National Bank,Agriculture,Syndicated Loan,10/12/2023,6187000,36.58,0,Current,0,0.01,61870
GHA-LN-10404,Meridian Credit Bank,Agriculture,SME Asset Financing,15/04/2022,4655000,26.38,210,Doubtful,1,0.5,2327500
GHA-LN-10405,Meridian Credit Bank,Commerce & Finance,Overdraft,20/08/2024,2325000,28.28,75,Other Loans Especially Mentioned (OLEM),0,NA,NA
GHA-LN-10406,Zenith Frontier Bank,Manufacturing,Term Loan,28/06/2025,93000,36.15,0,Current,0,0.01,930
GHA-LN-10407,Meridian Credit Bank,Commerce & Finance,Term Loan,13/04/2022,3837000,36.89,15,Current,0,0.01,38370
GHA-LN-10408,Beacon Trust Bank,Mining,Syndicated Loan,14/04/2023,4874000,29.95,0,Current,0,0.01,48740
GHA-LN-10409,Zenith Frontier Bank,Construction,Term Loan,01/05/2025,5096000,30.64,0,Current,0,0.01,50960
GHA-LN-10410,Beacon Trust Bank,Services,SME Asset Financing,06/11/2024,837000,35.48,0,Current,0,0.01,8370
GHA-LN-10411,Meridian Credit Bank,Manufacturing,Term Loan,26/03/2022,2509000,33.66,75,Other Loans Especially Mentioned (OLEM),0,NA,NA
GHA-LN-10412,Zenith Frontier Bank,Services,Syndicated Loan,19/09/2023,5699000,28.6,0,Current,0,0.01,56990
GHA-LN-10413,Zenith Frontier Bank,Manufacturing,Term Loan,14/07/2024,7309000,30.84,0,Current,0,0.01,73090
GHA-LN-10414,Beacon Trust Bank,Manufacturing,Overdraft,11/01/2024,2281000,30.46,15,Current,0,0.01,22810
GHA-LN-10415,Zenith Frontier Bank,Unclassified,Overdraft,20/01/2025,2630000,27.68,0,Current,0,0.01,26300
GHA-LN-10416,Meridian Credit Bank,Services,Overdraft,04/04/2023,6922000,34.01,0,Current,0,0.01,69220
GHA-LN-10417,Zenith Frontier Bank,Services,Term Loan,07/06/2025,7116000,27.03,0,Current,0,0.01,71160
GHA-LN-10418,Meridian Credit Bank,Commerce & Finance,SME Asset Financing,27/02/2024,2632000,30.27,0,Current,0,0.01,26320
GHA-LN-10419,Beacon Trust Bank,Commerce & Finance,Overdraft,17/03/2023,5220000,37.64,75,Other Loans Especially Mentioned (OLEM),0,NA,NA
GHA-LN-10420,Meridian Credit Bank,Commerce & Finance,SME Asset Financing,14/12/2023,4684000,30.96,75,Other Loans Especially Mentioned (OLEM),0,NA,NA
GHA-LN-10421,Beacon Trust Bank,Services,Syndicated Loan,09/09/2022,3709000,28.93,0,Current,0,0.01,37090
GHA-LN-10422,Savannah National Bank,Commerce & Finance,SME Asset Financing,16/07/2023,5528000,37.34,0,Current,0,0.01,55280
GHA-LN-10423,Zenith Frontier Bank,Commerce & Finance,Overdraft,10/03/2024,406000,32.2,15,Current,0,0.01,4060
GHA-LN-10424,Zenith Frontier Bank,Commerce & Finance,SME Asset Financing,20/09/2024,3353000,26.33,0,Current,0,0.01,33530
GHA-LN-10425,Meridian Credit Bank,Commerce & Finance,Syndicated Loan,08/05/2024,729000,26.41,0,Current,0,0.01,7290
GHA-LN-10426,Beacon Trust Bank,Manufacturing,Overdraft,01/01/2023,359000,26.85,0,Current,0,0.01,3590
GHA-LN-10427,Meridian Credit Bank,Manufacturing,Term Loan,23/03/2022,6163000,31.31,0,Current,0,0.01,61630
GHA-LN-10428,Beacon Trust Bank,Services,Overdraft,11/08/2022,7339000,35.19,0,Current,0,0.01,73390
GHA-LN-10429,Alpha Bank Ghana,Mining,Overdraft,24/10/2025,4479000,29.97,0,Current,0,0.01,44790
GHA-LN-10430,Zenith Frontier Bank,Services,SME Asset Financing,04/12/2023,1058000,34.79,0,Current,0,0.01,10580
GHA-LN-10431,Beacon Trust Bank,Commerce & Finance,SME Asset Financing,09/02/2025,101000,28.46,0,Current,0,0.01,1010
GHA-LN-10432,Beacon Trust Bank,Manufacturing,Syndicated Loan,31/01/2022,3421000,37.98,45,Other Loans Especially Mentioned (OLEM),0,NA,NA
GHA-LN-10433,Alpha Bank Ghana,Commerce & Finance,Syndicated Loan,19/01/2024,2831000,33.06,0,Current,0,0.01,28310
GHA-LN-10434,Savannah National Bank,Manufacturing,Term Loan,22/02/2025,2418000,27.35,0,Current,0,0.01,24180
GHA-LN-10435,Savannah National Bank,Services,Overdraft,03/06/2024,2398000,30.78,75,Other Loans Especially Mentioned (OLEM),0,NA,NA
GHA-LN-10436,Savannah National Bank,Unclassified,Overdraft,10/04/2023,3930000,30.48,0,Current,0,0.01,39300
GHA-LN-10437,Zenith Frontier Bank,Commerce & Finance,SME Asset Financing,02/06/2023,868000,35.81,0,Current,0,0.01,8680
GHA-LN-10438,Beacon Trust Bank,Agriculture,SME Asset Financing,06/10/2023,244000,35.46,0,Current,0,0.01,2440
GHA-LN-10439,Zenith Frontier Bank,Commerce & Finance,Term Loan,01/11/2025,4202000,35.24,210,Doubtful,1,0.5,2101000
GHA-LN-10440,Alpha Bank Ghana,Services,Syndicated Loan,21/02/2024,1341000,30.16,0,Current,0,0.01,13410
GHA-LN-10441,Meridian Credit Bank,Construction,Term Loan,16/10/2022,2591000,27.85,75,Other Loans Especially Mentioned (OLEM),0,NA,NA
GHA-LN-10442,Zenith Frontier Bank,Construction,Overdraft,09/09/2022,623000,30.91,75,Other Loans Especially Mentioned (OLEM),0,NA,NA
GHA-LN-10443,Beacon Trust Bank,Commerce & Finance,Term Loan,22/04/2024,1364000,28.7,120,Substandard,1,0.2,272800
GHA-LN-10444,Zenith Frontier Bank,Agriculture,SME Asset Financing,12/02/2024,3327000,30.23,0,Current,0,0.01,33270
GHA-LN-10445,Meridian Credit Bank,Services,Overdraft,22/11/2024,7035000,27.32,0,Current,0,0.01,70350
GHA-LN-10446,Savannah National Bank,Manufacturing,SME Asset Financing,05/07/2023,4921000,26.82,15,Current,0,0.01,49210
GHA-LN-10447,Zenith Frontier Bank,Agriculture,SME Asset Financing,03/01/2022,4436000,27.86,0,Current,0,0.01,44360
GHA-LN-10448,Meridian Credit Bank,Manufacturing,Overdraft,12/12/2023,4277000,32.82,120,Substandard,1,0.2,855400
GHA-LN-10449,Zenith Frontier Bank,Manufacturing,Overdraft,28/09/2023,193000,37.49,0,Current,0,0.01,1930
GHA-LN-10450,Zenith Frontier Bank,Services,Term Loan,04/10/2023,2184000,32.95,0,Current,0,0.01,21840
GHA-LN-10451,Alpha Bank Ghana,Commerce & Finance,Overdraft,25/03/2024,6364000,37.98,0,Current,0,0.01,63640
GHA-LN-10452,Zenith Frontier Bank,Services,Syndicated Loan,22/05/2025,4895000,33.05,0,Current,0,0.01,48950
GHA-LN-10453,Zenith Frontier Bank,Agriculture,Syndicated Loan,18/08/2024,2759000,37.93,0,Current,0,0.01,27590
GHA-LN-10454,Beacon Trust Bank,Mining,SME Asset Financing,03/05/2022,2843000,36.9,0,Current,0,0.01,28430
GHA-LN-10455,Zenith Frontier Bank,Unclassified,Overdraft,08/10/2024,5916000,34.17,0,Current,0,0.01,59160
GHA-LN-10456,Alpha Bank Ghana,Commerce & Finance,Overdraft,13/11/2023,6062000,37.02,0,Current,0,0.01,60620
GHA-LN-10457,Beacon Trust Bank,Manufacturing,SME Asset Financing,25/05/2023,4823000,36.57,0,Current,0,0.01,48230
GHA-LN-10458,Meridian Credit Bank,Agriculture,SME Asset Financing,30/01/2026,4270000,29.27,0,Current,0,0.01,42700
GHA-LN-10459,Savannah National Bank,Services,Term Loan,07/05/2024,1848000,33.88,0,Current,0,0.01,18480
GHA-LN-10460,Beacon Trust Bank,Commerce & Finance,Term Loan,13/10/2022,6012000,37.91,45,Other Loans Especially Mentioned (OLEM),0,NA,NA
GHA-LN-10461,Meridian Credit Bank,Commerce & Finance,Term Loan,14/11/2024,6145000,34.31,45,Other Loans Especially Mentioned (OLEM),0,NA,NA
GHA-LN-10462,Meridian Credit Bank,Commerce & Finance,SME Asset Financing,15/01/2023,7208000,35.59,75,Other Loans Especially Mentioned (OLEM),0,NA,NA
GHA-LN-10463,Alpha Bank Ghana,Commerce & Finance,Term Loan,01/10/2023,3276000,32.97,0,Current,0,0.01,32760
GHA-LN-10464,Savannah National Bank,Commerce & Finance,Term Loan,15/04/2023,5919000,36.96,0,Current,0,0.01,59190
GHA-LN-10465,Savannah National Bank,Commerce & Finance,Syndicated Loan,17/11/2024,1136000,34.67,0,Current,0,0.01,11360
GHA-LN-10466,Meridian Credit Bank,Agriculture,Syndicated Loan,23/05/2022,1648000,28.76,0,Current,0,0.01,16480
GHA-LN-10467,Beacon Trust Bank,Commerce & Finance,Syndicated Loan,04/07/2022,2583000,35.39,0,Current,0,0.01,25830
GHA-LN-10468,Savannah National Bank,Construction,Overdraft,20/10/2024,6174000,26.67,210,Doubtful,1,0.5,3087000
GHA-LN-10469,Meridian Credit Bank,Construction,Syndicated Loan,12/06/2024,3359000,29.78,0,Current,0,0.01,33590
GHA-LN-10470,Zenith Frontier Bank,Services,Term Loan,07/04/2022,4813000,37.41,45,Other Loans Especially Mentioned (OLEM),0,NA,NA
GHA-LN-10471,Savannah National Bank,Commerce & Finance,Overdraft,17/09/2022,4223000,35.02,15,Current,0,0.01,42230
GHA-LN-10472,Meridian Credit Bank,Commerce & Finance,Term Loan,10/03/2023,560000,33.58,0,Current,0,0.01,5600
GHA-LN-10473,Alpha Bank Ghana,Manufacturing,SME Asset Financing,14/04/2024,1249000,37.64,75,Other Loans Especially Mentioned (OLEM),0,NA,NA
GHA-LN-10474,Meridian Credit Bank,Construction,Syndicated Loan,22/09/2024,2134000,37.4,0,Current,0,0.01,21340
GHA-LN-10475,Zenith Frontier Bank,Commerce & Finance,Term Loan,29/05/2023,5809000,36.22,0,Current,0,0.01,58090
GHA-LN-10476,Beacon Trust Bank,Manufacturing,SME Asset Financing,01/06/2023,3947000,36.78,0,Current,0,0.01,39470
GHA-LN-10477,Zenith Frontier Bank,Construction,SME Asset Financing,13/11/2022,3761000,33.18,0,Current,0,0.01,37610
GHA-LN-10478,Zenith Frontier Bank,Services,Overdraft,06/11/2024,919000,26.31,0,Current,0,0.01,9190
GHA-LN-10479,Savannah National Bank,Agriculture,Overdraft,30/10/2025,3329000,31.71,0,Current,0,0.01,33290
GHA-LN-10480,Beacon Trust Bank,Commerce & Finance,Syndicated Loan,03/03/2024,6329000,30.46,0,Current,0,0.01,63290
GHA-LN-10481,Alpha Bank Ghana,Services,Term Loan,27/05/2024,511000,33.36,0,Current,0,0.01,5110
GHA-LN-10482,Beacon Trust Bank,Services,SME Asset Financing,01/05/2022,4882000,30.4,0,Current,0,0.01,48820
GHA-LN-10483,Meridian Credit Bank,Manufacturing,Syndicated Loan,09/10/2024,3328000,28.97,45,Other Loans Especially Mentioned (OLEM),0,NA,NA
GHA-LN-10485,Beacon Trust Bank,Manufacturing,SME Asset Financing,09/09/2022,4675000,26.73,0,Current,0,0.01,46750
GHA-LN-10486,Beacon Trust Bank,Commerce & Finance,Overdraft,15/05/2023,5072000,32.57,0,Current,0,0.01,50720
GHA-LN-10487,Zenith Frontier Bank,Commerce & Finance,SME Asset Financing,10/01/2026,2158000,36.94,0,Current,0,0.01,21580
GHA-LN-10488,Savannah National Bank,Services,Term Loan,15/08/2023,2201000,37.3,0,Current,0,0.01,22010
GHA-LN-10489,Meridian Credit Bank,Construction,Term Loan,12/11/2025,623000,28.34,0,Current,0,0.01,6230
GHA-LN-10490,Savannah National Bank,Services,Syndicated Loan,07/08/2023,2565000,31.12,0,Current,0,0.01,25650
GHA-LN-10491,Zenith Frontier Bank,Construction,SME Asset Financing,27/01/2025,5748000,33.34,0,Current,0,0.01,57480
GHA-LN-10492,Beacon Trust Bank,Commerce & Finance,SME Asset Financing,29/04/2025,4166000,37.75,0,Current,0,0.01,41660
GHA-LN-10493,Beacon Trust Bank,Commerce & Finance,SME Asset Financing,15/03/2025,2833000,37.51,15,Current,0,0.01,28330
GHA-LN-10494,Alpha Bank Ghana,Construction,Term Loan,22/09/2022,3702000,31.28,0,Current,0,0.01,37020
GHA-LN-10495,Zenith Frontier Bank,Commerce & Finance,Syndicated Loan,07/02/2023,2754000,34.9,0,Current,0,0.01,27540
GHA-LN-10496,Meridian Credit Bank,Manufacturing,Overdraft,29/03/2022,6117000,32.51,0,Current,0,0.01,61170
GHA-LN-10497,Meridian Credit Bank,Manufacturing,Syndicated Loan,01/10/2023,3687000,37.67,0,Current,0,0.01,36870
GHA-LN-10498,Zenith Frontier Bank,Commerce & Finance,Syndicated Loan,03/06/2025,7264000,31.32,0,Current,0,0.01,72640
GHA-LN-10499,Zenith Frontier Bank,Commerce & Finance,Overdraft,31/05/2024,1988000,26.93,0,Current,0,0.01,19880
GHA-LN-10500,Beacon Trust Bank,Manufacturing,SME Asset Financing,14/12/2023,6684000,26.64,0,Current,0,0.01,66840
GHA-LN-10501,Zenith Frontier Bank,Manufacturing,Term Loan,23/02/2023,6464000,28.74,0,Current,0,0.01,64640
GHA-LN-10502,Zenith Frontier Bank,Commerce & Finance,SME Asset Financing,03/09/2025,2430000,30.21,45,Other Loans Especially Mentioned (OLEM),0,NA,NA
GHA-LN-10503,Beacon Trust Bank,Construction,SME Asset Financing,07/03/2022,1436000,33.07,15,Current,0,0.01,14360
GHA-LN-10504,Alpha Bank Ghana,Manufacturing,Term Loan,11/09/2025,3390000,36.62,0,Current,0,0.01,33900
GHA-LN-10505,Savannah National Bank,Services,Term Loan,22/11/2024,3729000,31.73,45,Other Loans Especially Mentioned (OLEM),0,NA,NA
GHA-LN-10506,Beacon Trust Bank,Agriculture,Term Loan,13/07/2022,1010000,34.94,0,Current,0,0.01,10100
GHA-LN-10507,Meridian Credit Bank,Services,Overdraft,20/07/2025,324000,35.15,0,Current,0,0.01,3240
GHA-LN-10509,Beacon Trust Bank,Commerce & Finance,SME Asset Financing,01/09/2024,284000,36.78,0,Current,0,0.01,2840
GHA-LN-10510,Zenith Frontier Bank,Commerce & Finance,Term Loan,29/07/2023,2966000,28.78,0,Current,0,0.01,29660
GHA-LN-10511,Beacon Trust Bank,Services,Overdraft,02/12/2024,5922000,37.39,0,Current,0,0.01,59220
GHA-LN-10512,Savannah National Bank,Construction,Syndicated Loan,15/12/2025,6517000,26.91,0,Current,0,0.01,65170
GHA-LN-10513,Meridian Credit Bank,Commerce & Finance,Overdraft,01/01/2023,6552000,36.87,0,Current,0,0.01,65520
GHA-LN-10514,Savannah National Bank,Unclassified,SME Asset Financing,19/03/2022,6954000,35.75,0,Current,0,0.01,69540
GHA-LN-10515,Beacon Trust Bank,Mining,SME Asset Financing,25/03/2024,6085000,28.62,0,Current,0,0.01,60850
GHA-LN-10516,Alpha Bank Ghana,Commerce & Finance,Syndicated Loan,27/12/2025,6939000,28.29,0,Current,0,0.01,69390
GHA-LN-10517,Savannah National Bank,Construction,Overdraft,24/07/2024,5496000,31.95,0,Current,0,0.01,54960
GHA-LN-10518,Savannah National Bank,Manufacturing,SME Asset Financing,29/06/2022,3751000,35.4,0,Current,0,0.01,37510
GHA-LN-10519,Alpha Bank Ghana,Agriculture,Syndicated Loan,31/05/2022,1061000,34.12,15,Current,0,0.01,10610
GHA-LN-10520,Zenith Frontier Bank,Manufacturing,Syndicated Loan,29/03/2024,6376000,35.9,45,Other Loans Especially Mentioned (OLEM),0,NA,NA
GHA-LN-10521,Beacon Trust Bank,Services,SME Asset Financing,17/11/2023,5842000,30.51,15,Current,0,0.01,58420
GHA-LN-10522,Beacon Trust Bank,Commerce & Finance,SME Asset Financing,30/11/2022,5380000,27.82,0,Current,0,0.01,53800
GHA-LN-10523,Zenith Frontier Bank,Services,Term Loan,08/04/2025,1024000,31.87,15,Current,0,0.01,10240
GHA-LN-10524,Beacon Trust Bank,Commerce & Finance,Syndicated Loan,08/09/2022,5221000,30.94,0,Current,0,0.01,52210
GHA-LN-10525,Savannah National Bank,Mining,Overdraft,08/12/2025,7171000,30.28,0,Current,0,0.01,71710
GHA-LN-10526,Meridian Credit Bank,Manufacturing,Overdraft,18/04/2024,1590000,32.13,0,Current,0,0.01,15900
GHA-LN-10527,Beacon Trust Bank,Commerce & Finance,Term Loan,17/10/2022,7076000,34.68,0,Current,0,0.01,70760
GHA-LN-10528,Beacon Trust Bank,Construction,Syndicated Loan,30/05/2023,494000,29.69,15,Current,0,0.01,4940
GHA-LN-10529,Beacon Trust Bank,Commerce & Finance,Overdraft,24/10/2024,4806000,37.16,0,Current,0,0.01,48060
GHA-LN-10530,Beacon Trust Bank,Manufacturing,Overdraft,26/11/2025,7034000,35.84,0,Current,0,0.01,70340
GHA-LN-10531,Alpha Bank Ghana,Services,Overdraft,27/09/2025,5706000,27.57,0,Current,0,0.01,57060
GHA-LN-10532,Meridian Credit Bank,Commerce & Finance,Overdraft,02/11/2024,1046000,34.52,75,Other Loans Especially Mentioned (OLEM),0,NA,NA
GHA-LN-10533,Savannah National Bank,Agriculture,Term Loan,10/07/2025,2789000,34.09,0,Current,0,0.01,27890
GHA-LN-10534,Meridian Credit Bank,Unclassified,Syndicated Loan,01/11/2025,6312000,28.62,0,Current,0,0.01,63120
GHA-LN-10535,Beacon Trust Bank,Commerce & Finance,Overdraft,23/11/2025,6624000,27.66,0,Current,0,0.01,66240
GHA-LN-10536,Zenith Frontier Bank,Manufacturing,Overdraft,06/08/2024,3563000,36.86,0,Current,0,0.01,35630
GHA-LN-10537,Savannah National Bank,Mining,Syndicated Loan,17/05/2022,2412000,32.08,0,Current,0,0.01,24120
GHA-LN-10538,Meridian Credit Bank,Services,SME Asset Financing,02/07/2025,5293000,37.38,0,Current,0,0.01,52930
GHA-LN-10539,Zenith Frontier Bank,Commerce & Finance,Overdraft,26/08/2025,503000,30.7,210,Doubtful,1,0.5,251500
GHA-LN-10540,Beacon Trust Bank,Construction,Syndicated Loan,16/06/2022,2062000,36.38,0,Current,0,0.01,20620
GHA-LN-10541,Meridian Credit Bank,Commerce & Finance,Overdraft,19/09/2023,2420000,29.75,0,Current,0,0.01,24200
GHA-LN-10542,Beacon Trust Bank,Construction,Term Loan,01/01/2023,4729000,28.61,0,Current,0,0.01,47290
GHA-LN-10543,Beacon Trust Bank,Services,SME Asset Financing,20/01/2024,5636000,31.46,0,Current,0,0.01,56360
GHA-LN-10544,Zenith Frontier Bank,Commerce & Finance,SME Asset Financing,11/02/2023,7166000,37.22,15,Current,0,0.01,71660
GHA-LN-10545,Beacon Trust Bank,Construction,SME Asset Financing,23/06/2022,5824000,37.48,0,Current,0,0.01,58240
GHA-LN-10546,Savannah National Bank,Commerce & Finance,SME Asset Financing,26/07/2025,2978000,37.95,0,Current,0,0.01,29780
GHA-LN-10547,Alpha Bank Ghana,Commerce & Finance,Term Loan,01/01/2026,1132000,35.92,0,Current,0,0.01,11320
GHA-LN-10548,Savannah National Bank,Commerce & Finance,Term Loan,22/03/2025,2438000,31.84,0,Current,0,0.01,24380
GHA-LN-10549,Savannah National Bank,Commerce & Finance,Overdraft,22/01/2023,6795000,33.75,0,Current,0,0.01,67950
GHA-LN-10550,Meridian Credit Bank,Services,SME Asset Financing,09/12/2024,1033000,33.47,0,Current,0,0.01,10330
GHA-LN-10551,Alpha Bank Ghana,Services,Term Loan,19/02/2025,4065000,29.65,0,Current,0,0.01,40650
GHA-LN-10552,Meridian Credit Bank,Mining,Overdraft,24/09/2024,3739000,27.01,0,Current,0,0.01,37390
GHA-LN-10553,Zenith Frontier Bank,Manufacturing,SME Asset Financing,19/07/2022,3315000,32.13,0,Current,0,0.01,33150
GHA-LN-10554,Meridian Credit Bank,Commerce & Finance,Syndicated Loan,12/03/2025,4579000,37.55,0,Current,0,0.01,45790
GHA-LN-10555,Meridian Credit Bank,Construction,Overdraft,23/05/2025,6749000,32.59,45,Other Loans Especially Mentioned (OLEM),0,NA,NA
GHA-LN-10556,Savannah National Bank,Commerce & Finance,Overdraft,18/08/2025,5201000,34.96,0,Current,0,0.01,52010
GHA-LN-10557,Alpha Bank Ghana,Agriculture,Overdraft,28/06/2025,7419000,37.02,120,Substandard,1,0.2,1483800
GHA-LN-10558,Beacon Trust Bank,Construction,Syndicated Loan,16/03/2024,5237000,37.13,15,Current,0,0.01,52370
GHA-LN-10559,Savannah National Bank,Services,Term Loan,12/01/2025,5459000,34.49,0,Current,0,0.01,54590
GHA-LN-10560,Alpha Bank Ghana,Unclassified,Overdraft,24/04/2022,1078000,33.47,210,Doubtful,1,0.5,539000
GHA-LN-10561,Savannah National Bank,Agriculture,Overdraft,17/02/2024,404000,32.33,0,Current,0,0.01,4040
GHA-LN-10562,Zenith Frontier Bank,Construction,Term Loan,06/11/2025,2443000,32.83,0,Current,0,0.01,24430
GHA-LN-10563,Meridian Credit Bank,Agriculture,Term Loan,11/11/2025,5839000,31.32,0,Current,0,0.01,58390
GHA-LN-10564,Alpha Bank Ghana,Commerce & Finance,Term Loan,28/04/2022,2822000,33.68,0,Current,0,0.01,28220
GHA-LN-10565,Savannah National Bank,Services,Overdraft,29/01/2024,2050000,26.53,0,Current,0,0.01,20500
GHA-LN-10566,Alpha Bank Ghana,Unclassified,SME Asset Financing,02/01/2024,1131000,36.04,0,Current,0,0.01,11310
GHA-LN-10567,Savannah National Bank,Construction,Syndicated Loan,24/01/2024,4382000,29.51,45,Other Loans Especially Mentioned (OLEM),0,NA,NA
GHA-LN-10568,Alpha Bank Ghana,Manufacturing,SME Asset Financing,21/09/2023,5698000,27.5,0,Current,0,0.01,56980
GHA-LN-10569,Beacon Trust Bank,Agriculture,Overdraft,17/04/2023,989000,30.27,0,Current,0,0.01,9890
GHA-LN-10570,Meridian Credit Bank,Commerce & Finance,SME Asset Financing,12/02/2024,4774000,28.91,0,Current,0,0.01,47740
GHA-LN-10571,Zenith Frontier Bank,Commerce & Finance,Overdraft,16/09/2023,5474000,28.34,0,Current,0,0.01,54740
GHA-LN-10572,Beacon Trust Bank,Services,Term Loan,28/07/2022,12690000,28.6,0,Current,0,0.01,126900
GHA-LN-10573,Alpha Bank Ghana,Agriculture,Syndicated Loan,30/08/2025,6319000,37.16,45,Other Loans Especially Mentioned (OLEM),0,NA,NA
GHA-LN-10574,Zenith Frontier Bank,Commerce & Finance,Overdraft,16/05/2022,6721000,29.53,0,Current,0,0.01,67210
GHA-LN-10575,Meridian Credit Bank,Services,Term Loan,08/07/2023,4472000,37.07,0,Current,0,0.01,44720
GHA-LN-10576,Beacon Trust Bank,Agriculture,Overdraft,13/02/2025,6306000,32.93,120,Substandard,1,0.2,1261200
GHA-LN-10577,Zenith Frontier Bank,Manufacturing,SME Asset Financing,03/03/2025,7245000,29.42,0,Current,0,0.01,72450
GHA-LN-10578,Beacon Trust Bank,Unclassified,Syndicated Loan,11/01/2025,88000,28.61,0,Current,0,0.01,880
GHA-LN-10579,Savannah National Bank,Services,SME Asset Financing,04/06/2023,347000,35.43,0,Current,0,0.01,3470
GHA-LN-10580,Alpha Bank Ghana,Commerce & Finance,SME Asset Financing,24/08/2024,1891000,31.87,210,Doubtful,1,0.5,945500
GHA-LN-10581,Meridian Credit Bank,Commerce & Finance,SME Asset Financing,27/01/2026,4270000,35.24,0,Current,0,0.01,42700
GHA-LN-10582,Savannah National Bank,Commerce & Finance,Term Loan,28/06/2025,745000,37.67,0,Current,0,0.01,7450
GHA-LN-10583,Beacon Trust Bank,Agriculture,Syndicated Loan,27/06/2025,2623000,33.97,0,Current,0,0.01,26230
GHA-LN-10584,Meridian Credit Bank,Services,Syndicated Loan,05/06/2025,7356000,35.15,0,Current,0,0.01,73560
GHA-LN-10585,Alpha Bank Ghana,Agriculture,SME Asset Financing,10/12/2022,7362000,37.62,0,Current,0,0.01,73620
GHA-LN-10586,Alpha Bank Ghana,Manufacturing,Syndicated Loan,04/02/2025,5043000,30.7,0,Current,0,0.01,50430
GHA-LN-10587,Savannah National Bank,Commerce & Finance,SME Asset Financing,09/03/2025,3591000,27.08,75,Other Loans Especially Mentioned (OLEM),0,NA,NA
GHA-LN-10588,Beacon Trust Bank,Mining,Term Loan,13/08/2022,3114000,36.51,120,Substandard,1,0.2,622800
GHA-LN-10589,Zenith Frontier Bank,Services,Overdraft,16/05/2025,4832000,32.2,0,Current,0,0.01,48320
GHA-LN-10590,Savannah National Bank,Services,Overdraft,12/08/2024,5457000,30.24,0,Current,0,0.01,54570
GHA-LN-10591,Meridian Credit Bank,Construction,Overdraft,19/02/2023,3158000,36.87,0,Current,0,0.01,31580
GHA-LN-10592,Alpha Bank Ghana,Commerce & Finance,Term Loan,06/03/2022,3382000,30.67,210,Doubtful,1,0.5,1691000
GHA-LN-10593,Meridian Credit Bank,Unclassified,SME Asset Financing,15/01/2023,455000,29.77,0,Current,0,0.01,4550
GHA-LN-10594,Zenith Frontier Bank,Mining,SME Asset Financing,07/03/2024,6742000,32.23,0,Current,0,0.01,67420
GHA-LN-10595,Zenith Frontier Bank,Services,Term Loan,23/10/2022,5346000,27.98,0,Current,0,0.01,53460
GHA-LN-10596,Beacon Trust Bank,Manufacturing,Term Loan,20/03/2023,2219000,31.34,0,Current,0,0.01,22190
GHA-LN-10597,Alpha Bank Ghana,Manufacturing,SME Asset Financing,29/08/2025,1886000,30.75,210,Doubtful,1,0.5,943000
GHA-LN-10598,Meridian Credit Bank,Services,Overdraft,03/01/2025,3643000,37.67,0,Current,0,0.01,36430
GHA-LN-10599,Savannah National Bank,Services,Overdraft,19/10/2022,2430000,35.72,0,Current,0,0.01,24300
GHA-LN-10600,Beacon Trust Bank,Unclassified,Term Loan,17/11/2024,2461000,30.76,0,Current,0,0.01,24610
GHA-LN-10601,Meridian Credit Bank,Commerce & Finance,SME Asset Financing,04/04/2024,7346000,32.01,0,Current,0,0.01,73460
GHA-LN-10602,Zenith Frontier Bank,Manufacturing,Syndicated Loan,01/02/2025,5916000,26.58,0,Current,0,0.01,59160
GHA-LN-10603,Savannah National Bank,Commerce & Finance,Overdraft,12/03/2022,1612000,27.5,0,Current,0,0.01,16120
GHA-LN-10604,Beacon Trust Bank,Manufacturing,SME Asset Financing,05/11/2023,5844000,36.05,15,Current,0,0.01,58440
GHA-LN-10605,Beacon Trust Bank,Commerce & Finance,Syndicated Loan,31/01/2025,4808000,36.1,0,Current,0,0.01,48080
GHA-LN-10606,Alpha Bank Ghana,Services,Syndicated Loan,26/10/2022,1579000,34.32,0,Current,0,0.01,15790
GHA-LN-10607,Savannah National Bank,Manufacturing,SME Asset Financing,21/05/2023,3406000,32.97,75,Other Loans Especially Mentioned (OLEM),0,NA,NA
GHA-LN-10608,Meridian Credit Bank,Services,Syndicated Loan,14/04/2023,2230000,31.81,0,Current,0,0.01,22300
GHA-LN-10609,Alpha Bank Ghana,Commerce & Finance,Overdraft,19/12/2024,3950000,35.83,15,Current,0,0.01,39500
GHA-LN-10610,Beacon Trust Bank,Agriculture,Overdraft,05/10/2024,4120000,33.06,0,Current,0,0.01,41200
GHA-LN-10611,Meridian Credit Bank,Manufacturing,Overdraft,07/08/2025,7260000,28.64,0,Current,0,0.01,72600
GHA-LN-10612,Alpha Bank Ghana,Construction,SME Asset Financing,07/05/2025,6824000,36.99,0,Current,0,0.01,68240
GHA-LN-10613,Savannah National Bank,Agriculture,SME Asset Financing,19/12/2024,3188000,35.34,0,Current,0,0.01,31880
GHA-LN-10614,Savannah National Bank,Construction,Term Loan,11/06/2024,5516000,31.43,0,Current,0,0.01,55160
GHA-LN-10615,Alpha Bank Ghana,Commerce & Finance,Term Loan,01/12/2022,3373000,27.79,0,Current,0,0.01,33730
GHA-LN-10616,Alpha Bank Ghana,Services,Overdraft,17/06/2023,59000,32.61,45,Other Loans Especially Mentioned (OLEM),0,NA,NA
GHA-LN-10617,Meridian Credit Bank,Construction,Syndicated Loan,01/02/2023,7209000,34.06,0,Current,0,0.01,72090
GHA-LN-10618,Savannah National Bank,Commerce & Finance,Term Loan,29/07/2025,2085000,26.94,0,Current,0,0.01,20850
GHA-LN-10619,Alpha Bank Ghana,Agriculture,Term Loan,12/10/2022,6659000,34.27,0,Current,0,0.01,66590
GHA-LN-10620,Savannah National Bank,Commerce & Finance,Syndicated Loan,28/09/2022,3642000,28.37,0,Current,0,0.01,36420
GHA-LN-10621,Savannah National Bank,Services,Overdraft,13/09/2022,4633000,26.65,0,Current,0,0.01,46330
GHA-LN-10622,Alpha Bank Ghana,Construction,Overdraft,29/04/2024,7210000,33.9,0,Current,0,0.01,72100
GHA-LN-10623,Meridian Credit Bank,Services,Syndicated Loan,01/11/2023,4870000,35.73,15,Current,0,0.01,48700
GHA-LN-10624,Meridian Credit Bank,Services,Overdraft,22/09/2025,4603000,30.15,0,Current,0,0.01,46030
GHA-LN-10625,Alpha Bank Ghana,Services,SME Asset Financing,24/03/2023,5702000,26.75,0,Current,0,0.01,57020
GHA-LN-10626,Beacon Trust Bank,Commerce & Finance,SME Asset Financing,10/07/2025,5974000,34.9,0,Current,0,0.01,59740
GHA-LN-10627,Meridian Credit Bank,Commerce & Finance,SME Asset Financing,25/10/2025,5890000,27.8,0,Current,0,0.01,58900
GHA-LN-10628,Meridian Credit Bank,Agriculture,Overdraft,03/12/2022,6713000,32.17,210,Doubtful,1,0.5,3356500
GHA-LN-10629,Alpha Bank Ghana,Construction,Overdraft,20/12/2022,6879000,36.77,0,Current,0,0.01,68790
GHA-LN-10630,Meridian Credit Bank,Construction,Syndicated Loan,22/11/2023,1311000,33.99,0,Current,0,0.01,13110
GHA-LN-10631,Alpha Bank Ghana,Manufacturing,Overdraft,29/06/2023,2553000,31.8,0,Current,0,0.01,25530
GHA-LN-10632,Alpha Bank Ghana,Services,Term Loan,14/06/2023,7389000,30.02,0,Current,0,0.01,73890
GHA-LN-10633,Meridian Credit Bank,Services,SME Asset Financing,23/03/2022,3962000,35.29,0,Current,0,0.01,39620
GHA-LN-10634,Beacon Trust Bank,Mining,Syndicated Loan,13/01/2022,233000,36.95,45,Other Loans Especially Mentioned (OLEM),0,NA,NA
GHA-LN-10635,Alpha Bank Ghana,Commerce & Finance,Term Loan,27/10/2025,619000,32.76,75,Other Loans Especially Mentioned (OLEM),0,NA,NA
GHA-LN-10636,Beacon Trust Bank,Manufacturing,Term Loan,01/04/2022,6956000,37.94,0,Current,0,0.01,69560
GHA-LN-10637,Zenith Frontier Bank,Manufacturing,Term Loan,17/12/2022,6778000,26.2,15,Current,0,0.01,67780
GHA-LN-10638,Alpha Bank Ghana,Commerce & Finance,Term Loan,05/11/2024,2052000,32.79,0,Current,0,0.01,20520
GHA-LN-10639,Alpha Bank Ghana,Construction,Term Loan,14/06/2024,5225000,26.77,0,Current,0,0.01,52250
GHA-LN-10640,Beacon Trust Bank,Manufacturing,SME Asset Financing,23/05/2025,3081000,26.98,45,Other Loans Especially Mentioned (OLEM),0,NA,NA
GHA-LN-10641,Savannah National Bank,Commerce & Finance,Term Loan,29/07/2024,79000,27.7,0,Current,0,0.01,790
GHA-LN-10642,Savannah National Bank,Services,SME Asset Financing,24/06/2024,6209000,30.28,0,Current,0,0.01,62090
GHA-LN-10643,Beacon Trust Bank,Agriculture,SME Asset Financing,08/09/2022,5870000,29.74,15,Current,0,0.01,58700
GHA-LN-10644,Meridian Credit Bank,Agriculture,Term Loan,28/08/2022,2474000,29.78,120,Substandard,1,0.2,494800
GHA-LN-10645,Zenith Frontier Bank,Construction,Overdraft,09/09/2024,6196000,34.97,0,Current,0,0.01,61960
GHA-LN-10646,Zenith Frontier Bank,Commerce & Finance,SME Asset Financing,29/06/2022,4833000,33.95,0,Current,0,0.01,48330
GHA-LN-10647,Zenith Frontier Bank,Commerce & Finance,Term Loan,27/06/2022,5216000,28.11,0,Current,0,0.01,52160
GHA-LN-10648,Beacon Trust Bank,Construction,SME Asset Financing,04/11/2023,1409000,34.55,0,Current,0,0.01,14090
GHA-LN-10649,Alpha Bank Ghana,Commerce & Finance,Term Loan,10/02/2023,6411000,31,0,Current,0,0.01,64110
GHA-LN-10650,Meridian Credit Bank,Construction,Term Loan,12/03/2025,4625000,29.53,0,Current,0,0.01,46250
GHA-LN-10651,Meridian Credit Bank,Services,Overdraft,04/08/2022,4564000,34.68,0,Current,0,0.01,45640
GHA-LN-10652,Alpha Bank Ghana,Services,Overdraft,30/10/2023,5645000,36,0,Current,0,0.01,56450
GHA-LN-10653,Zenith Frontier Bank,Commerce & Finance,Overdraft,27/11/2025,3030000,28.78,0,Current,0,0.01,30300
GHA-LN-10654,Meridian Credit Bank,Manufacturing,SME Asset Financing,09/01/2026,2834000,33.63,45,Other Loans Especially Mentioned (OLEM),0,NA,NA
GHA-LN-10655,Zenith Frontier Bank,Commerce & Finance,Syndicated Loan,31/10/2023,2219000,37.64,210,Doubtful,1,0.5,1109500
GHA-LN-10656,Meridian Credit Bank,Commerce & Finance,SME Asset Financing,16/07/2024,3269000,35.2,210,Doubtful,1,0.5,1634500
GHA-LN-10657,Beacon Trust Bank,Agriculture,Overdraft,12/12/2025,413000,31.8,0,Current,0,0.01,4130
GHA-LN-10658,Alpha Bank Ghana,Unclassified,Term Loan,27/02/2026,568000,35.65,0,Current,0,0.01,5680
GHA-LN-10659,Beacon Trust Bank,Commerce & Finance,Term Loan,25/04/2023,4413000,37.63,0,Current,0,0.01,44130
GHA-LN-10660,Savannah National Bank,Services,SME Asset Financing,02/12/2022,3633000,33.73,0,Current,0,0.01,36330
GHA-LN-10661,Alpha Bank Ghana,Manufacturing,Overdraft,22/12/2023,1455000,30.65,75,Other Loans Especially Mentioned (OLEM),0,NA,NA
GHA-LN-10662,Beacon Trust Bank,Agriculture,Syndicated Loan,31/08/2023,1591000,32.69,0,Current,0,0.01,15910
GHA-LN-10663,Savannah National Bank,Commerce & Finance,Term Loan,17/01/2024,2949000,27.55,0,Current,0,0.01,29490
GHA-LN-10664,Meridian Credit Bank,Manufacturing,Term Loan,26/04/2025,4516000,30.04,45,Other Loans Especially Mentioned (OLEM),0,NA,NA
GHA-LN-10665,Beacon Trust Bank,Services,Overdraft,15/09/2024,1073000,37.74,0,Current,0,0.01,10730
GHA-LN-10666,Alpha Bank Ghana,Construction,Overdraft,26/02/2026,3922000,29.71,15,Current,0,0.01,39220
GHA-LN-10667,Beacon Trust Bank,Construction,Syndicated Loan,19/12/2022,7267000,37.09,15,Current,0,0.01,72670
GHA-LN-10668,Alpha Bank Ghana,Commerce & Finance,SME Asset Financing,26/02/2022,6215000,30.67,0,Current,0,0.01,62150
GHA-LN-10669,Beacon Trust Bank,Unclassified,Overdraft,08/09/2025,845000,36.66,0,Current,0,0.01,8450
GHA-LN-10670,Savannah National Bank,Commerce & Finance,Overdraft,14/06/2025,887000,30.8,0,Current,0,0.01,8870
GHA-LN-10671,Savannah National Bank,Commerce & Finance,SME Asset Financing,30/07/2024,7198000,37.92,210,Doubtful,1,0.5,3599000
GHA-LN-10672,Alpha Bank Ghana,Commerce & Finance,Term Loan,24/02/2023,4980000,29.61,0,Current,0,0.01,49800
GHA-LN-10673,Beacon Trust Bank,Commerce & Finance,Term Loan,08/09/2025,4092000,35.42,0,Current,0,0.01,40920
GHA-LN-10674,Zenith Frontier Bank,Construction,Overdraft,18/12/2022,393000,35.14,120,Substandard,1,0.2,78600
GHA-LN-10675,Alpha Bank Ghana,Construction,Term Loan,02/11/2022,6165000,32.56,0,Current,0,0.01,61650
GHA-LN-10676,Alpha Bank Ghana,Manufacturing,SME Asset Financing,16/07/2022,4574000,29.79,0,Current,0,0.01,45740
GHA-LN-10677,Beacon Trust Bank,Construction,SME Asset Financing,30/03/2025,2038000,33.95,0,Current,0,0.01,20380
GHA-LN-10678,Savannah National Bank,Manufacturing,Term Loan,03/02/2025,5396000,34.95,0,Current,0,0.01,53960
GHA-LN-10679,Alpha Bank Ghana,Services,Syndicated Loan,21/12/2023,3568000,26.49,0,Current,0,0.01,35680
GHA-LN-10680,Meridian Credit Bank,Services,Syndicated Loan,15/09/2023,661000,36.66,0,Current,0,0.01,6610
GHA-LN-10681,Alpha Bank Ghana,Services,Term Loan,22/01/2025,2186000,26.3,0,Current,0,0.01,21860
GHA-LN-10682,Savannah National Bank,Commerce & Finance,Term Loan,01/04/2023,5433000,29.77,0,Current,0,0.01,54330
GHA-LN-10683,Alpha Bank Ghana,Services,Overdraft,04/10/2022,286000,34.01,45,Other Loans Especially Mentioned (OLEM),0,NA,NA
GHA-LN-10684,Meridian Credit Bank,Manufacturing,Overdraft,02/06/2023,6222000,35.63,75,Other Loans Especially Mentioned (OLEM),0,NA,NA
GHA-LN-10685,Savannah National Bank,Construction,SME Asset Financing,25/08/2024,6508000,29.69,45,Other Loans Especially Mentioned (OLEM),0,NA,NA
GHA-LN-10686,Meridian Credit Bank,Construction,SME Asset Financing,09/09/2024,5309000,27.22,15,Current,0,0.01,53090
GHA-LN-10687,Alpha Bank Ghana,Manufacturing,SME Asset Financing,10/06/2022,7278000,35.46,15,Current,0,0.01,72780
GHA-LN-10688,Savannah National Bank,Manufacturing,Overdraft,14/08/2022,5485000,36.84,45,Other Loans Especially Mentioned (OLEM),0,NA,NA
GHA-LN-10689,Zenith Frontier Bank,Services,SME Asset Financing,14/12/2025,1081000,29.07,0,Current,0,0.01,10810
GHA-LN-10690,Savannah National Bank,Manufacturing,SME Asset Financing,22/01/2026,2523000,35.22,75,Other Loans Especially Mentioned (OLEM),0,NA,NA
GHA-LN-10691,Zenith Frontier Bank,Commerce & Finance,SME Asset Financing,14/03/2025,4613000,37.79,0,Current,0,0.01,46130
GHA-LN-10692,Meridian Credit Bank,Construction,SME Asset Financing,02/08/2022,1002000,32.25,0,Current,0,0.01,10020
GHA-LN-10693,Savannah National Bank,Manufacturing,Term Loan,22/08/2024,1783000,31.35,0,Current,0,0.01,17830
GHA-LN-10694,Savannah National Bank,Manufacturing,SME Asset Financing,03/03/2024,1549000,31.55,0,Current,0,0.01,15490
GHA-LN-10695,Savannah National Bank,Services,Syndicated Loan,11/01/2024,2878000,26.03,0,Current,0,0.01,28780
GHA-LN-10696,Alpha Bank Ghana,Services,Syndicated Loan,08/03/2024,6764000,31.4,0,Current,0,0.01,67640
GHA-LN-10697,Meridian Credit Bank,Commerce & Finance,SME Asset Financing,23/02/2025,2657000,37.77,0,Current,0,0.01,26570
GHA-LN-10698,Meridian Credit Bank,Commerce & Finance,Syndicated Loan,07/06/2025,4469000,30.01,0,Current,0,0.01,44690
GHA-LN-10699,Beacon Trust Bank,Commerce & Finance,Overdraft,30/10/2024,4736000,34.41,0,Current,0,0.01,47360
GHA-LN-10700,Alpha Bank Ghana,Commerce & Finance,Overdraft,18/11/2022,5858000,35.8,15,Current,0,0.01,58580
GHA-LN-10701,Meridian Credit Bank,Commerce & Finance,SME Asset Financing,06/06/2022,3985000,33.17,0,Current,0,0.01,39850
GHA-LN-10702,Savannah National Bank,Commerce & Finance,Term Loan,14/05/2022,4330000,32.92,0,Current,0,0.01,43300
GHA-LN-10703,Zenith Frontier Bank,Construction,Overdraft,30/10/2022,4258000,29.44,0,Current,0,0.01,42580
GHA-LN-10704,Alpha Bank Ghana,Construction,Term Loan,14/12/2022,5074000,31.79,0,Current,0,0.01,50740
GHA-LN-10705,Savannah National Bank,Agriculture,Overdraft,13/09/2022,3309000,35.51,0,Current,0,0.01,33090
GHA-LN-10706,Meridian Credit Bank,Services,Term Loan,19/12/2024,4430000,36.73,75,Other Loans Especially Mentioned (OLEM),0,NA,NA
GHA-LN-10707,Meridian Credit Bank,Mining,Overdraft,01/05/2024,5295000,34.96,0,Current,0,0.01,52950
GHA-LN-10708,Zenith Frontier Bank,Services,SME Asset Financing,04/01/2025,5567000,29.86,0,Current,0,0.01,55670
GHA-LN-10709,Meridian Credit Bank,Mining,Overdraft,20/08/2022,3928000,36.64,0,Current,0,0.01,39280
GHA-LN-10710,Beacon Trust Bank,Construction,SME Asset Financing,31/03/2022,5892000,33.07,0,Current,0,0.01,58920
GHA-LN-10711,Zenith Frontier Bank,Commerce & Finance,Syndicated Loan,03/11/2022,4604000,33.29,0,Current,0,0.01,46040
GHA-LN-10712,Alpha Bank Ghana,Services,SME Asset Financing,06/12/2023,2716000,32.13,0,Current,0,0.01,27160
GHA-LN-10713,Zenith Frontier Bank,Commerce & Finance,SME Asset Financing,06/01/2026,7419000,31.61,0,Current,0,0.01,74190
GHA-LN-10714,Beacon Trust Bank,Agriculture,Overdraft,02/08/2023,3701000,36.58,0,Current,0,0.01,37010
GHA-LN-10715,Alpha Bank Ghana,Commerce & Finance,Term Loan,22/02/2025,3323000,33.86,210,Doubtful,1,0.5,1661500
GHA-LN-10716,Savannah National Bank,Unclassified,Syndicated Loan,06/09/2023,3826000,28.08,15,Current,0,0.01,38260
GHA-LN-10717,Beacon Trust Bank,Agriculture,SME Asset Financing,26/04/2024,2707000,26.6,0,Current,0,0.01,27070
GHA-LN-10718,Zenith Frontier Bank,Commerce & Finance,Overdraft,03/04/2023,62000,28.71,0,Current,0,0.01,620
GHA-LN-10719,Meridian Credit Bank,Commerce & Finance,Term Loan,04/02/2026,3361000,33.56,15,Current,0,0.01,33610
GHA-LN-10720,Beacon Trust Bank,Manufacturing,Syndicated Loan,16/01/2024,7168000,27.56,0,Current,0,0.01,71680
GHA-LN-10721,Alpha Bank Ghana,Commerce & Finance,Syndicated Loan,18/05/2024,1168000,30.85,210,Doubtful,1,0.5,584000
GHA-LN-10722,Zenith Frontier Bank,Commerce & Finance,Syndicated Loan,30/07/2022,3804000,37.19,120,Substandard,1,0.2,760800
GHA-LN-10723,Meridian Credit Bank,Unclassified,Syndicated Loan,04/02/2026,6861000,37.89,0,Current,0,0.01,68610
GHA-LN-10724,Beacon Trust Bank,Construction,Syndicated Loan,15/05/2023,5461000,26.47,0,Current,0,0.01,54610
GHA-LN-10725,Beacon Trust Bank,Services,SME Asset Financing,24/09/2023,3734000,30.97,45,Other Loans Especially Mentioned (OLEM),0,NA,NA
GHA-LN-10726,Zenith Frontier Bank,Services,Term Loan,10/07/2024,3294000,34.96,0,Current,0,0.01,32940
GHA-LN-10727,Alpha Bank Ghana,Construction,Overdraft,15/02/2024,5064000,34.28,120,Substandard,1,0.2,1012800
GHA-LN-10728,Savannah National Bank,Commerce & Finance,SME Asset Financing,26/03/2023,5918000,30.94,0,Current,0,0.01,59180
GHA-LN-10729,Savannah National Bank,Commerce & Finance,Term Loan,03/01/2025,3667000,28.11,75,Other Loans Especially Mentioned (OLEM),0,NA,NA
GHA-LN-10730,Beacon Trust Bank,Services,Syndicated Loan,09/07/2025,836000,28.52,0,Current,0,0.01,8360
GHA-LN-10731,Zenith Frontier Bank,Services,Term Loan,03/05/2025,2743000,27.64,0,Current,0,0.01,27430
GHA-LN-10732,Beacon Trust Bank,Services,Syndicated Loan,28/04/2025,4108000,28.25,15,Current,0,0.01,41080
GHA-LN-10733,Meridian Credit Bank,Commerce & Finance,Term Loan,15/07/2025,2420000,26.8,0,Current,0,0.01,24200
GHA-LN-10734,Savannah National Bank,Services,Overdraft,15/08/2023,216000,37.43,0,Current,0,0.01,2160
GHA-LN-10735,Meridian Credit Bank,Agriculture,Term Loan,12/12/2025,2229000,28.41,0,Current,0,0.01,22290
GHA-LN-10736,Meridian Credit Bank,Mining,SME Asset Financing,25/06/2023,2098000,28.26,0,Current,0,0.01,20980
GHA-LN-10737,Alpha Bank Ghana,Construction,Overdraft,11/12/2023,7335000,26.59,15,Current,0,0.01,73350
GHA-LN-10738,Beacon Trust Bank,Unclassified,Term Loan,25/10/2025,898000,29.45,0,Current,0,0.01,8980
GHA-LN-10739,Savannah National Bank,Manufacturing,Syndicated Loan,05/05/2023,1204000,33.36,0,Current,0,0.01,12040
GHA-LN-10740,Savannah National Bank,Construction,Overdraft,17/01/2025,4344000,26.73,15,Current,0,0.01,43440
GHA-LN-10741,Savannah National Bank,Services,Term Loan,28/01/2022,6156000,30.51,15,Current,0,0.01,61560
GHA-LN-10742,Meridian Credit Bank,Services,Overdraft,12/09/2022,6696000,31.18,45,Other Loans Especially Mentioned (OLEM),0,NA,NA
GHA-LN-10743,Zenith Frontier Bank,Agriculture,Term Loan,28/02/2025,3372000,27.83,15,Current,0,0.01,33720
GHA-LN-10744,Zenith Frontier Bank,Services,Syndicated Loan,22/03/2025,1120000,29.64,0,Current,0,0.01,11200
GHA-LN-10745,Alpha Bank Ghana,Unclassified,Term Loan,15/02/2024,597000,34.89,15,Current,0,0.01,5970
GHA-LN-10746,Beacon Trust Bank,Manufacturing,Overdraft,18/09/2022,1809000,28.25,0,Current,0,0.01,18090
GHA-LN-10747,Zenith Frontier Bank,Commerce & Finance,Overdraft,18/09/2024,5293000,31.66,0,Current,0,0.01,52930
GHA-LN-10748,Meridian Credit Bank,Commerce & Finance,Term Loan,06/10/2025,5813000,37.37,0,Current,0,0.01,58130
GHA-LN-10749,Alpha Bank Ghana,Mining,Overdraft,02/01/2023,3799000,26.03,0,Current,0,0.01,37990
GHA-LN-10750,Meridian Credit Bank,Agriculture,Syndicated Loan,18/04/2024,811000,28.28,0,Current,0,0.01,8110
GHA-LN-10751,Alpha Bank Ghana,Commerce & Finance,Term Loan,24/02/2026,1360000,27.91,45,Other Loans Especially Mentioned (OLEM),0,NA,NA
GHA-LN-10752,Alpha Bank Ghana,Manufacturing,Overdraft,03/09/2022,6703000,34.4,0,Current,0,0.01,67030
GHA-LN-10753,Beacon Trust Bank,Commerce & Finance,Term Loan,05/10/2025,3825000,33.92,0,Current,0,0.01,38250
GHA-LN-10754,Meridian Credit Bank,Services,Syndicated Loan,16/05/2025,5452000,26.53,0,Current,0,0.01,54520
GHA-LN-10755,Zenith Frontier Bank,Manufacturing,Syndicated Loan,17/03/2023,4914000,27.11,0,Current,0,0.01,49140
GHA-LN-10756,Zenith Frontier Bank,Mining,Overdraft,21/06/2023,7148000,29.22,0,Current,0,0.01,71480
GHA-LN-10757,Alpha Bank Ghana,Manufacturing,Term Loan,17/02/2022,6425000,33.96,0,Current,0,0.01,64250
GHA-LN-10758,Meridian Credit Bank,Commerce & Finance,Syndicated Loan,21/06/2023,5140000,33.91,0,Current,0,0.01,51400
GHA-LN-10759,Beacon Trust Bank,Manufacturing,Syndicated Loan,30/04/2023,886000,34.64,0,Current,0,0.01,8860
GHA-LN-10760,Beacon Trust Bank,Services,Term Loan,16/12/2024,6445000,27.13,0,Current,0,0.01,64450
GHA-LN-10761,Beacon Trust Bank,Commerce & Finance,Term Loan,17/03/2025,4121000,27.61,0,Current,0,0.01,41210
GHA-LN-10762,Beacon Trust Bank,Services,Syndicated Loan,17/09/2022,3434000,36.63,120,Substandard,1,0.2,686800
GHA-LN-10763,Savannah National Bank,Manufacturing,Syndicated Loan,21/06/2024,2074000,31.58,15,Current,0,0.01,20740
GHA-LN-10764,Alpha Bank Ghana,Commerce & Finance,Term Loan,14/08/2025,2409000,28.87,0,Current,0,0.01,24090
GHA-LN-10765,Alpha Bank Ghana,Manufacturing,Term Loan,22/03/2023,1851000,35.88,0,Current,0,0.01,18510
GHA-LN-10766,Beacon Trust Bank,Unclassified,SME Asset Financing,20/09/2023,5598000,30.68,210,Doubtful,1,0.5,2799000
GHA-LN-10767,Meridian Credit Bank,Mining,Overdraft,31/01/2026,3702000,33.94,0,Current,0,0.01,37020
GHA-LN-10768,Meridian Credit Bank,Commerce & Finance,SME Asset Financing,14/11/2025,5176000,34.48,0,Current,0,0.01,51760
GHA-LN-10769,Beacon Trust Bank,Commerce & Finance,Syndicated Loan,11/11/2023,6540000,37.61,75,Other Loans Especially Mentioned (OLEM),0,NA,NA
GHA-LN-10770,Alpha Bank Ghana,Services,Syndicated Loan,09/02/2024,590000,34.27,0,Current,0,0.01,5900
GHA-LN-10771,Meridian Credit Bank,Construction,Overdraft,26/05/2025,1656000,35.27,210,Doubtful,1,0.5,828000
GHA-LN-10772,Meridian Credit Bank,Manufacturing,Syndicated Loan,20/03/2024,665000,34.1,0,Current,0,0.01,6650
GHA-LN-10773,Beacon Trust Bank,Commerce & Finance,SME Asset Financing,13/12/2022,2972000,33.8,0,Current,0,0.01,29720
GHA-LN-10774,Zenith Frontier Bank,Services,Overdraft,17/04/2022,208000,28.54,45,Other Loans Especially Mentioned (OLEM),0,NA,NA
GHA-LN-10775,Alpha Bank Ghana,Manufacturing,Term Loan,09/09/2023,5184000,29.04,0,Current,0,0.01,51840
GHA-LN-10776,Meridian Credit Bank,Construction,Syndicated Loan,14/08/2025,3870000,32.96,0,Current,0,0.01,38700
GHA-LN-10777,Beacon Trust Bank,Commerce & Finance,Term Loan,24/02/2025,1197000,34.58,0,Current,0,0.01,11970
GHA-LN-10778,Meridian Credit Bank,Construction,Overdraft,08/04/2024,3456000,36.28,0,Current,0,0.01,34560
GHA-LN-10779,Alpha Bank Ghana,Commerce & Finance,Term Loan,01/01/2023,1830000,26.06,0,Current,0,0.01,18300
GHA-LN-10780,Meridian Credit Bank,Construction,Overdraft,19/09/2022,5566000,26.05,0,Current,0,0.01,55660
GHA-LN-10781,Beacon Trust Bank,Commerce & Finance,Syndicated Loan,17/10/2022,5458000,34.47,0,Current,0,0.01,54580
GHA-LN-10782,Beacon Trust Bank,Commerce & Finance,SME Asset Financing,16/10/2025,3496000,27.44,0,Current,0,0.01,34960
GHA-LN-10783,Alpha Bank Ghana,Construction,Term Loan,12/03/2023,26880000,31.52,15,Current,0,0.01,268800
GHA-LN-10784,Alpha Bank Ghana,Construction,SME Asset Financing,03/05/2024,4843000,34.01,0,Current,0,0.01,48430
GHA-LN-10785,Zenith Frontier Bank,Manufacturing,SME Asset Financing,07/08/2025,4673000,32.47,0,Current,0,0.01,46730
GHA-LN-10786,Alpha Bank Ghana,Commerce & Finance,Term Loan,05/05/2022,7295000,32.63,15,Current,0,0.01,72950
GHA-LN-10787,Savannah National Bank,Manufacturing,SME Asset Financing,05/02/2022,1844000,34.5,0,Current,0,0.01,18440
GHA-LN-10788,Savannah National Bank,Commerce & Finance,Term Loan,13/12/2022,86000,29.28,75,Other Loans Especially Mentioned (OLEM),0,NA,NA
GHA-LN-10789,Savannah National Bank,Commerce & Finance,SME Asset Financing,14/03/2022,6273000,30.87,0,Current,0,0.01,62730
GHA-LN-10790,Beacon Trust Bank,Manufacturing,Syndicated Loan,12/04/2024,2953000,27.74,15,Current,0,0.01,29530
GHA-LN-10791,Meridian Credit Bank,Services,Overdraft,30/01/2024,5255000,33.43,0,Current,0,0.01,52550
GHA-LN-10792,Beacon Trust Bank,Services,Syndicated Loan,21/05/2025,4315000,31.51,0,Current,0,0.01,43150
GHA-LN-10793,Alpha Bank Ghana,Manufacturing,Overdraft,22/07/2024,6370000,33.24,0,Current,0,0.01,63700
GHA-LN-10794,Beacon Trust Bank,Commerce & Finance,Term Loan,08/02/2024,5766000,34.5,0,Current,0,0.01,57660
GHA-LN-10795,Zenith Frontier Bank,Mining,Term Loan,04/12/2023,3293000,28.25,0,Current,0,0.01,32930
GHA-LN-10796,Meridian Credit Bank,Agriculture,Term Loan,28/05/2025,7025000,36.06,0,Current,0,0.01,70250
GHA-LN-10797,Zenith Frontier Bank,Commerce & Finance,SME Asset Financing,25/12/2025,6556000,28.94,0,Current,0,0.01,65560
GHA-LN-10798,Savannah National Bank,Commerce & Finance,SME Asset Financing,30/05/2025,1919000,33.34,0,Current,0,0.01,19190
GHA-LN-10799,Savannah National Bank,Construction,Overdraft,05/01/2026,3329000,28.99,15,Current,0,0.01,33290
GHA-LN-10800,Zenith Frontier Bank,Construction,SME Asset Financing,15/09/2022,7092000,33.66,0,Current,0,0.01,70920
GHA-LN-10801,Alpha Bank Ghana,Services,Syndicated Loan,06/02/2022,5656000,32.6,0,Current,0,0.01,56560
GHA-LN-10802,Savannah National Bank,Services,Syndicated Loan,12/01/2026,4528000,27.57,0,Current,0,0.01,45280
GHA-LN-10803,Meridian Credit Bank,Construction,SME Asset Financing,24/01/2026,3796000,36.86,0,Current,0,0.01,37960
GHA-LN-10804,Savannah National Bank,Construction,Term Loan,15/01/2026,2534000,27.85,0,Current,0,0.01,25340
GHA-LN-10805,Beacon Trust Bank,Manufacturing,SME Asset Financing,29/09/2023,6609000,32,0,Current,0,0.01,66090
GHA-LN-10806,Zenith Frontier Bank,Commerce & Finance,Overdraft,05/03/2023,7292000,29.76,0,Current,0,0.01,72920
GHA-LN-10807,Beacon Trust Bank,Manufacturing,Term Loan,10/03/2023,6797000,34.22,0,Current,0,0.01,67970
GHA-LN-10808,Beacon Trust Bank,Manufacturing,Syndicated Loan,30/05/2022,3911000,30.74,210,Doubtful,1,0.5,1955500
GHA-LN-10809,Meridian Credit Bank,Services,Overdraft,16/04/2023,2621000,28.05,0,Current,0,0.01,26210
GHA-LN-10810,Zenith Frontier Bank,Commerce & Finance,Overdraft,25/03/2023,4723000,26.79,0,Current,0,0.01,47230
GHA-LN-10811,Savannah National Bank,Manufacturing,SME Asset Financing,01/03/2025,1323000,33.02,0,Current,0,0.01,13230
GHA-LN-10812,Zenith Frontier Bank,Manufacturing,Syndicated Loan,15/08/2024,4483000,31.09,15,Current,0,0.01,44830
GHA-LN-10813,Savannah National Bank,Manufacturing,SME Asset Financing,03/03/2024,1095000,31.23,0,Current,0,0.01,10950
GHA-LN-10814,Zenith Frontier Bank,Commerce & Finance,Term Loan,04/06/2024,3049000,31.33,0,Current,0,0.01,30490
GHA-LN-10815,Alpha Bank Ghana,Services,Overdraft,08/07/2022,1776000,34.13,0,Current,0,0.01,17760
GHA-LN-10816,Meridian Credit Bank,Manufacturing,SME Asset Financing,24/11/2023,2729000,32.22,120,Substandard,1,0.2,545800
GHA-LN-10817,Meridian Credit Bank,Services,SME Asset Financing,23/11/2025,409000,27.72,0,Current,0,0.01,4090
GHA-LN-10818,Beacon Trust Bank,Unclassified,SME Asset Financing,13/12/2022,5483000,31.68,0,Current,0,0.01,54830
GHA-LN-10819,Beacon Trust Bank,Construction,Overdraft,29/02/2024,6890000,34.34,0,Current,0,0.01,68900
GHA-LN-10820,Beacon Trust Bank,Commerce & Finance,Term Loan,20/11/2024,4712000,30.82,0,Current,0,0.01,47120
GHA-LN-10821,Zenith Frontier Bank,Services,SME Asset Financing,03/04/2023,2539000,30.98,0,Current,0,0.01,25390
GHA-LN-10822,Savannah National Bank,Commerce & Finance,Syndicated Loan,23/11/2024,2379000,33.92,15,Current,0,0.01,23790
GHA-LN-10823,Zenith Frontier Bank,Commerce & Finance,Overdraft,02/11/2024,934000,37.47,210,Doubtful,1,0.5,467000
GHA-LN-10824,Savannah National Bank,Services,Term Loan,04/12/2022,2229000,36.53,0,Current,0,0.01,22290
GHA-LN-10825,Zenith Frontier Bank,Services,Syndicated Loan,03/02/2026,443000,32.92,0,Current,0,0.01,4430
GHA-LN-10826,Alpha Bank Ghana,Services,Term Loan,02/10/2022,2360000,28.19,0,Current,0,0.01,23600
GHA-LN-10827,Alpha Bank Ghana,Commerce & Finance,Term Loan,17/08/2023,5144000,28.61,0,Current,0,0.01,51440
GHA-LN-10828,Meridian Credit Bank,Commerce & Finance,SME Asset Financing,22/08/2024,2053000,28.03,0,Current,0,0.01,20530
GHA-LN-10829,Meridian Credit Bank,Mining,SME Asset Financing,20/02/2024,966000,34.44,15,Current,0,0.01,9660
GHA-LN-10830,Savannah National Bank,Commerce & Finance,SME Asset Financing,16/06/2025,7360000,31.77,0,Current,0,0.01,73600
GHA-LN-10831,Beacon Trust Bank,Mining,Term Loan,23/02/2022,4351000,30.65,0,Current,0,0.01,43510
GHA-LN-10832,Alpha Bank Ghana,Construction,Syndicated Loan,11/01/2023,6907000,26.48,0,Current,0,0.01,69070
GHA-LN-10833,Savannah National Bank,Services,Term Loan,10/11/2022,1212000,27.76,0,Current,0,0.01,12120
GHA-LN-10834,Meridian Credit Bank,Services,Overdraft,22/10/2024,2053000,29.09,0,Current,0,0.01,20530
GHA-LN-10835,Zenith Frontier Bank,Services,Term Loan,11/12/2022,2069000,33.24,0,Current,0,0.01,20690
GHA-LN-10836,Meridian Credit Bank,Commerce & Finance,SME Asset Financing,16/11/2024,7421000,33.32,15,Current,0,0.01,74210
GHA-LN-10837,Zenith Frontier Bank,Commerce & Finance,Overdraft,20/12/2022,4371000,30.09,15,Current,0,0.01,43710
GHA-LN-10838,Meridian Credit Bank,Agriculture,SME Asset Financing,14/03/2023,1989000,27.17,0,Current,0,0.01,19890
GHA-LN-10839,Zenith Frontier Bank,Manufacturing,SME Asset Financing,15/11/2024,7225000,34.44,0,Current,0,0.01,72250
GHA-LN-10840,Zenith Frontier Bank,Agriculture,SME Asset Financing,16/09/2025,4959000,32.2,120,Substandard,1,0.2,991800
GHA-LN-10841,Alpha Bank Ghana,Agriculture,Overdraft,13/08/2023,3648000,35.69,0,Current,0,0.01,36480
GHA-LN-10842,Beacon Trust Bank,Services,Syndicated Loan,09/06/2024,1674000,33.35,120,Substandard,1,0.2,334800
GHA-LN-10843,Savannah National Bank,Construction,Term Loan,04/09/2023,4765000,29.62,0,Current,0,0.01,47650
GHA-LN-10844,Beacon Trust Bank,Manufacturing,Syndicated Loan,11/05/2024,5631000,29.62,0,Current,0,0.01,56310
GHA-LN-10845,Alpha Bank Ghana,Services,Term Loan,09/11/2022,2399000,26.01,75,Other Loans Especially Mentioned (OLEM),0,NA,NA
GHA-LN-10846,Savannah National Bank,Services,Syndicated Loan,14/11/2024,374000,28.65,0,Current,0,0.01,3740
GHA-LN-10847,Savannah National Bank,Agriculture,Term Loan,22/11/2023,89000,30.16,0,Current,0,0.01,890
GHA-LN-10848,Meridian Credit Bank,Commerce & Finance,SME Asset Financing,29/05/2022,3144000,37.18,15,Current,0,0.01,31440
GHA-LN-10849,Beacon Trust Bank,Mining,Syndicated Loan,28/06/2025,5768000,27.68,0,Current,0,0.01,57680
GHA-LN-10850,Alpha Bank Ghana,Services,Term Loan,17/02/2023,4515000,36.88,0,Current,0,0.01,45150
GHA-LN-10851,Alpha Bank Ghana,Services,Syndicated Loan,30/06/2022,6206000,31.59,120,Substandard,1,0.2,1241200
GHA-LN-10852,Beacon Trust Bank,Manufacturing,Term Loan,23/10/2022,6569000,27.66,75,Other Loans Especially Mentioned (OLEM),0,NA,NA
GHA-LN-10853,Meridian Credit Bank,Manufacturing,SME Asset Financing,16/09/2024,6209000,29.9,0,Current,0,0.01,62090
GHA-LN-10854,Meridian Credit Bank,Unclassified,Term Loan,22/12/2022,6620000,30.75,0,Current,0,0.01,66200
GHA-LN-10855,Beacon Trust Bank,Agriculture,Syndicated Loan,07/06/2022,1840000,36.77,0,Current,0,0.01,18400
GHA-LN-10856,Zenith Frontier Bank,Commerce & Finance,Overdraft,03/01/2025,6869000,33.48,0,Current,0,0.01,68690
GHA-LN-10857,Alpha Bank Ghana,Services,Overdraft,07/06/2023,1081000,33.47,0,Current,0,0.01,10810
GHA-LN-10858,Meridian Credit Bank,Services,Term Loan,07/03/2022,490000,33.72,0,Current,0,0.01,4900
GHA-LN-10859,Meridian Credit Bank,Manufacturing,Overdraft,03/09/2023,4969000,33.05,0,Current,0,0.01,49690
GHA-LN-10860,Beacon Trust Bank,Services,Term Loan,02/03/2025,2306000,34.24,210,Doubtful,1,0.5,1153000
GHA-LN-10861,Zenith Frontier Bank,Commerce & Finance,Term Loan,04/10/2023,249000,32.34,0,Current,0,0.01,2490
GHA-LN-10862,Savannah National Bank,Services,Syndicated Loan,01/12/2025,5322000,27.47,0,Current,0,0.01,53220
GHA-LN-10863,Zenith Frontier Bank,Commerce & Finance,SME Asset Financing,22/02/2025,282000,26.9,0,Current,0,0.01,2820
GHA-LN-10864,Zenith Frontier Bank,Services,Term Loan,08/02/2023,1983000,37.69,0,Current,0,0.01,19830
GHA-LN-10865,Meridian Credit Bank,Commerce & Finance,SME Asset Financing,23/12/2024,1954000,37.99,0,Current,0,0.01,19540
GHA-LN-10866,Alpha Bank Ghana,Commerce & Finance,Term Loan,14/11/2023,704000,34.35,0,Current,0,0.01,7040
GHA-LN-10867,Meridian Credit Bank,Commerce & Finance,Term Loan,11/08/2023,3863000,27.22,0,Current,0,0.01,38630
GHA-LN-10868,Beacon Trust Bank,Commerce & Finance,SME Asset Financing,13/10/2024,4268000,33.19,0,Current,0,0.01,42680
GHA-LN-10869,Savannah National Bank,Commerce & Finance,Term Loan,16/11/2025,364000,30.67,45,Other Loans Especially Mentioned (OLEM),0,NA,NA
GHA-LN-10870,Beacon Trust Bank,Services,SME Asset Financing,29/10/2022,1511000,27.15,15,Current,0,0.01,15110
GHA-LN-10871,Zenith Frontier Bank,Agriculture,Overdraft,05/10/2022,2327000,30.56,0,Current,0,0.01,23270
GHA-LN-10872,Zenith Frontier Bank,Manufacturing,Overdraft,28/12/2022,3001000,32.24,0,Current,0,0.01,30010
GHA-LN-10873,Beacon Trust Bank,Commerce & Finance,Syndicated Loan,23/03/2023,1287000,31.19,0,Current,0,0.01,12870
GHA-LN-10874,Beacon Trust Bank,Commerce & Finance,Term Loan,07/06/2025,3645000,28.38,45,Other Loans Especially Mentioned (OLEM),0,NA,NA
GHA-LN-10875,Beacon Trust Bank,Services,Syndicated Loan,03/04/2022,3603000,27.96,0,Current,0,0.01,36030
GHA-LN-10876,Alpha Bank Ghana,Services,SME Asset Financing,18/12/2023,3606000,34.71,0,Current,0,0.01,36060
GHA-LN-10877,Savannah National Bank,Services,Overdraft,22/07/2025,305000,32.87,15,Current,0,0.01,3050
GHA-LN-10878,Savannah National Bank,Services,Term Loan,06/05/2022,3300000,32.17,0,Current,0,0.01,33000
GHA-LN-10879,Beacon Trust Bank,Services,Syndicated Loan,16/11/2022,6698000,33.96,0,Current,0,0.01,66980
GHA-LN-10880,Zenith Frontier Bank,Construction,Overdraft,30/05/2023,3594000,28.02,75,Other Loans Especially Mentioned (OLEM),0,NA,NA
GHA-LN-10881,Alpha Bank Ghana,Manufacturing,SME Asset Financing,16/12/2025,2688000,30.26,210,Doubtful,1,0.5,1344000
GHA-LN-10882,Alpha Bank Ghana,Agriculture,Syndicated Loan,23/04/2025,184000,30.15,0,Current,0,0.01,1840
GHA-LN-10883,Alpha Bank Ghana,Agriculture,Term Loan,28/09/2025,5936000,27.47,0,Current,0,0.01,59360
GHA-LN-10884,Zenith Frontier Bank,Services,Syndicated Loan,31/08/2022,4829000,29.64,0,Current,0,0.01,48290
GHA-LN-10885,Savannah National Bank,Commerce & Finance,Term Loan,04/08/2022,3636000,37.45,0,Current,0,0.01,36360
GHA-LN-10886,Meridian Credit Bank,Manufacturing,SME Asset Financing,16/10/2023,5962000,34.78,15,Current,0,0.01,59620
GHA-LN-10887,Alpha Bank Ghana,Construction,Overdraft,04/05/2022,144000,29.24,0,Current,0,0.01,1440
GHA-LN-10888,Meridian Credit Bank,Commerce & Finance,Term Loan,30/08/2025,4613000,31.83,15,Current,0,0.01,46130
GHA-LN-10889,Savannah National Bank,Commerce & Finance,Overdraft,06/06/2024,2542000,26.18,210,Doubtful,1,0.5,1271000
GHA-LN-10890,Zenith Frontier Bank,Commerce & Finance,Syndicated Loan,03/08/2023,3718000,33.72,120,Substandard,1,0.2,743600
GHA-LN-10891,Meridian Credit Bank,Commerce & Finance,Overdraft,21/05/2023,6933000,32.89,0,Current,0,0.01,69330
GHA-LN-10892,Savannah National Bank,Agriculture,Syndicated Loan,22/08/2022,2460000,28.97,210,Doubtful,1,0.5,1230000
GHA-LN-10893,Meridian Credit Bank,Construction,Overdraft,08/04/2025,5868000,31.96,0,Current,0,0.01,58680
GHA-LN-10894,Zenith Frontier Bank,Manufacturing,Syndicated Loan,21/02/2022,4284000,32.7,0,Current,0,0.01,42840
GHA-LN-10895,Zenith Frontier Bank,Commerce & Finance,SME Asset Financing,19/07/2024,4237000,26.17,0,Current,0,0.01,42370
GHA-LN-10896,Zenith Frontier Bank,Commerce & Finance,Overdraft,19/12/2025,7154000,35.75,15,Current,0,0.01,71540
GHA-LN-10897,Meridian Credit Bank,Commerce & Finance,Term Loan,20/08/2025,5688000,33.4,0,Current,0,0.01,56880
GHA-LN-10898,Savannah National Bank,Commerce & Finance,Syndicated Loan,26/01/2023,4799000,35.76,0,Current,0,0.01,47990
GHA-LN-10899,Alpha Bank Ghana,Agriculture,Overdraft,27/05/2022,94000,30.95,0,Current,0,0.01,940
GHA-LN-10900,Meridian Credit Bank,Agriculture,Overdraft,05/05/2025,6418000,33.39,0,Current,0,0.01,64180
GHA-LN-10901,Beacon Trust Bank,Services,Syndicated Loan,26/12/2025,3641000,37.99,0,Current,0,0.01,36410
GHA-LN-10902,Alpha Bank Ghana,Construction,SME Asset Financing,24/04/2022,3617000,26.14,0,Current,0,0.01,36170
GHA-LN-10903,Savannah National Bank,Agriculture,SME Asset Financing,11/07/2023,7293000,33.09,45,Other Loans Especially Mentioned (OLEM),0,NA,NA
GHA-LN-10904,Zenith Frontier Bank,Commerce & Finance,Syndicated Loan,05/03/2025,2959000,27,75,Other Loans Especially Mentioned (OLEM),0,NA,NA
GHA-LN-10905,Zenith Frontier Bank,Mining,Term Loan,27/03/2025,1982000,30.35,0,Current,0,0.01,19820
GHA-LN-10906,Meridian Credit Bank,Construction,Overdraft,03/07/2022,61000,30.51,210,Doubtful,1,0.5,30500
GHA-LN-10907,Meridian Credit Bank,Manufacturing,SME Asset Financing,22/08/2022,5631000,35,15,Current,0,0.01,56310
GHA-LN-10908,Meridian Credit Bank,Agriculture,Syndicated Loan,10/06/2024,1586000,27.36,120,Substandard,1,0.2,317200
GHA-LN-10909,Alpha Bank Ghana,Construction,Syndicated Loan,12/08/2023,1815000,27.14,0,Current,0,0.01,18150
GHA-LN-10910,Alpha Bank Ghana,Agriculture,SME Asset Financing,29/01/2025,4999000,27.28,0,Current,0,0.01,49990
GHA-LN-10911,Alpha Bank Ghana,Manufacturing,SME Asset Financing,08/05/2023,6113000,36.5,0,Current,0,0.01,61130
GHA-LN-10912,Beacon Trust Bank,Services,Term Loan,04/01/2025,4746000,32.25,0,Current,0,0.01,47460
GHA-LN-10913,Alpha Bank Ghana,Commerce & Finance,Overdraft,09/05/2025,2779000,37.62,0,Current,0,0.01,27790
GHA-LN-10914,Alpha Bank Ghana,Commerce & Finance,SME Asset Financing,20/09/2025,563000,29.42,0,Current,0,0.01,5630
GHA-LN-10915,Meridian Credit Bank,Commerce & Finance,Term Loan,14/01/2024,3612000,32.57,0,Current,0,0.01,36120
GHA-LN-10916,Meridian Credit Bank,Services,Syndicated Loan,20/08/2024,5466000,31.25,0,Current,0,0.01,54660
GHA-LN-10917,Zenith Frontier Bank,Agriculture,Overdraft,26/02/2024,2049000,36.22,0,Current,0,0.01,20490
GHA-LN-10918,Beacon Trust Bank,Services,Term Loan,21/11/2022,3379000,26.07,120,Substandard,1,0.2,675800
GHA-LN-10919,Beacon Trust Bank,Construction,SME Asset Financing,05/07/2025,5350000,30.13,45,Other Loans Especially Mentioned (OLEM),0,NA,NA
GHA-LN-10920,Meridian Credit Bank,Manufacturing,SME Asset Financing,09/03/2022,4861000,35.52,15,Current,0,0.01,48610
GHA-LN-10921,Alpha Bank Ghana,Manufacturing,Syndicated Loan,31/08/2024,6588000,30.06,0,Current,0,0.01,65880
GHA-LN-10922,Savannah National Bank,Agriculture,Syndicated Loan,11/07/2024,1665000,35.85,120,Substandard,1,0.2,333000
GHA-LN-10923,Zenith Frontier Bank,Construction,SME Asset Financing,20/04/2022,6195000,30.48,0,Current,0,0.01,61950
GHA-LN-10924,Beacon Trust Bank,Construction,Term Loan,03/05/2024,2978000,26.77,0,Current,0,0.01,29780
GHA-LN-10925,Alpha Bank Ghana,Commerce & Finance,Syndicated Loan,29/02/2024,216000,32.91,210,Doubtful,1,0.5,108000
GHA-LN-10926,Meridian Credit Bank,Services,Term Loan,22/09/2022,3029000,32.53,0,Current,0,0.01,30290
GHA-LN-10927,Zenith Frontier Bank,Commerce & Finance,Syndicated Loan,22/03/2024,3467000,36.57,0,Current,0,0.01,34670
GHA-LN-10928,Zenith Frontier Bank,Services,Overdraft,10/10/2023,2302000,33.99,0,Current,0,0.01,23020
GHA-LN-10929,Savannah National Bank,Manufacturing,SME Asset Financing,27/05/2023,538000,34.4,0,Current,0,0.01,5380
GHA-LN-10930,Zenith Frontier Bank,Agriculture,SME Asset Financing,02/08/2024,7131000,32.54,0,Current,0,0.01,71310
GHA-LN-10931,Alpha Bank Ghana,Construction,Syndicated Loan,25/02/2023,5106000,34.2,15,Current,0,0.01,51060
GHA-LN-10932,Savannah National Bank,Construction,Overdraft,21/12/2023,2113000,37.38,0,Current,0,0.01,21130
GHA-LN-10933,Meridian Credit Bank,Agriculture,Syndicated Loan,10/05/2024,5208000,33.19,0,Current,0,0.01,52080
GHA-LN-10934,Meridian Credit Bank,Construction,Syndicated Loan,30/08/2024,5893000,27.32,0,Current,0,0.01,58930
GHA-LN-10935,Alpha Bank Ghana,Agriculture,Term Loan,24/04/2025,5427000,33.81,0,Current,0,0.01,54270
GHA-LN-10936,Meridian Credit Bank,Commerce & Finance,Overdraft,22/10/2023,1542000,26.06,15,Current,0,0.01,15420
GHA-LN-10937,Beacon Trust Bank,Manufacturing,Syndicated Loan,31/05/2022,3798000,29.75,75,Other Loans Especially Mentioned (OLEM),0,NA,NA
GHA-LN-10938,Beacon Trust Bank,Services,Overdraft,29/06/2025,6428000,27.82,0,Current,0,0.01,64280
GHA-LN-10939,Zenith Frontier Bank,Commerce & Finance,Overdraft,29/03/2024,6286000,31.39,0,Current,0,0.01,62860
GHA-LN-10940,Beacon Trust Bank,Manufacturing,Overdraft,25/05/2025,84000,35.02,0,Current,0,0.01,840
GHA-LN-10941,Beacon Trust Bank,Commerce & Finance,Overdraft,08/12/2022,55000,29.54,0,Current,0,0.01,550
GHA-LN-10942,Savannah National Bank,Mining,SME Asset Financing,13/04/2022,7496000,29.01,0,Current,0,0.01,74960
GHA-LN-10943,Meridian Credit Bank,Commerce & Finance,Syndicated Loan,26/10/2024,42630000,35.6,0,Current,0,0.01,426300
GHA-LN-10944,Alpha Bank Ghana,Agriculture,Overdraft,20/05/2024,303000,28.81,0,Current,0,0.01,3030
GHA-LN-10945,Savannah National Bank,Agriculture,Overdraft,19/08/2024,2810000,27.28,0,Current,0,0.01,28100
GHA-LN-10946,Alpha Bank Ghana,Commerce & Finance,Overdraft,08/03/2023,593000,32.4,15,Current,0,0.01,5930
GHA-LN-10947,Beacon Trust Bank,Manufacturing,Term Loan,03/03/2023,6065000,27.12,0,Current,0,0.01,60650
GHA-LN-10948,Alpha Bank Ghana,Manufacturing,Syndicated Loan,21/04/2022,5521000,29.91,0,Current,0,0.01,55210
GHA-LN-10949,Beacon Trust Bank,Agriculture,Term Loan,30/10/2023,4890000,30.65,0,Current,0,0.01,48900
GHA-LN-10950,Beacon Trust Bank,Services,Term Loan,16/10/2022,7246000,34.99,210,Doubtful,1,0.5,3623000
GHA-LN-10951,Alpha Bank Ghana,Commerce & Finance,Syndicated Loan,23/06/2023,6884000,36.27,0,Current,0,0.01,68840
GHA-LN-10952,Zenith Frontier Bank,Manufacturing,Syndicated Loan,15/06/2024,3653000,36.12,0,Current,0,0.01,36530
GHA-LN-10953,Meridian Credit Bank,Services,Syndicated Loan,28/04/2025,1249000,37.83,0,Current,0,0.01,12490
GHA-LN-10954,Savannah National Bank,Commerce & Finance,Syndicated Loan,11/05/2023,5607000,36.5,0,Current,0,0.01,56070
GHA-LN-10955,Zenith Frontier Bank,Construction,SME Asset Financing,25/05/2022,985000,27.34,0,Current,0,0.01,9850
GHA-LN-10956,Alpha Bank Ghana,Commerce & Finance,Syndicated Loan,30/12/2023,3214000,33.26,45,Other Loans Especially Mentioned (OLEM),0,NA,NA
GHA-LN-10957,Alpha Bank Ghana,Manufacturing,Term Loan,31/07/2023,2543000,28.8,0,Current,0,0.01,25430
GHA-LN-10958,Alpha Bank Ghana,Agriculture,Term Loan,18/07/2024,1825000,31.82,0,Current,0,0.01,18250
GHA-LN-10959,Alpha Bank Ghana,Commerce & Finance,SME Asset Financing,01/10/2023,5748000,26.64,0,Current,0,0.01,57480
GHA-LN-10960,Savannah National Bank,Manufacturing,Syndicated Loan,25/10/2025,3701000,29.86,0,Current,0,0.01,37010
GHA-LN-10961,Meridian Credit Bank,Commerce & Finance,Term Loan,29/11/2025,6475000,37.13,15,Current,0,0.01,64750
GHA-LN-10962,Zenith Frontier Bank,Commerce & Finance,Term Loan,06/10/2025,6466000,35.15,0,Current,0,0.01,64660
GHA-LN-10963,Alpha Bank Ghana,Commerce & Finance,Overdraft,26/09/2025,5685000,31.44,0,Current,0,0.01,56850
GHA-LN-10964,Savannah National Bank,Commerce & Finance,Term Loan,02/11/2023,858000,32.2,15,Current,0,0.01,8580
GHA-LN-10965,Alpha Bank Ghana,Construction,Term Loan,18/08/2023,3646000,35.14,45,Other Loans Especially Mentioned (OLEM),0,NA,NA
GHA-LN-10966,Meridian Credit Bank,Services,Term Loan,16/06/2023,1940000,37.58,0,Current,0,0.01,19400
GHA-LN-10967,Zenith Frontier Bank,Construction,Overdraft,24/11/2023,2023000,31.43,0,Current,0,0.01,20230
GHA-LN-10968,Meridian Credit Bank,Agriculture,Term Loan,14/11/2025,1704000,29.11,0,Current,0,0.01,17040
GHA-LN-10969,Zenith Frontier Bank,Unclassified,Syndicated Loan,03/01/2023,6715000,36.27,0,Current,0,0.01,67150
GHA-LN-10970,Meridian Credit Bank,Construction,Syndicated Loan,26/01/2026,1939000,37.86,15,Current,0,0.01,19390
GHA-LN-10971,Zenith Frontier Bank,Unclassified,Syndicated Loan,21/04/2022,4529000,37.78,0,Current,0,0.01,45290
GHA-LN-10972,Savannah National Bank,Commerce & Finance,Overdraft,14/10/2024,2688000,29.48,75,Other Loans Especially Mentioned (OLEM),0,NA,NA
GHA-LN-10973,Savannah National Bank,Unclassified,SME Asset Financing,18/12/2025,4914000,26.53,15,Current,0,0.01,49140
GHA-LN-10974,Savannah National Bank,Agriculture,Syndicated Loan,27/02/2023,254000,32,0,Current,0,0.01,2540
GHA-LN-10975,Meridian Credit Bank,Services,Syndicated Loan,17/06/2022,4378000,34.47,0,Current,0,0.01,43780
GHA-LN-10976,Beacon Trust Bank,Services,Term Loan,23/03/2023,5546000,34.96,0,Current,0,0.01,55460
GHA-LN-10977,Beacon Trust Bank,Agriculture,SME Asset Financing,09/04/2023,3037000,31.3,0,Current,0,0.01,30370
GHA-LN-10978,Beacon Trust Bank,Services,Syndicated Loan,03/07/2023,7181000,29.89,120,Substandard,1,0.2,1436200
GHA-LN-10979,Zenith Frontier Bank,Agriculture,Term Loan,30/01/2023,4282000,34.37,0,Current,0,0.01,42820
GHA-LN-10980,Beacon Trust Bank,Services,Term Loan,10/12/2022,6715000,34.86,0,Current,0,0.01,67150
GHA-LN-10981,Meridian Credit Bank,Commerce & Finance,SME Asset Financing,06/02/2026,7314000,34.94,15,Current,0,0.01,73140
GHA-LN-10982,Beacon Trust Bank,Manufacturing,Overdraft,14/05/2024,6490000,30.62,0,Current,0,0.01,64900
GHA-LN-10983,Savannah National Bank,Manufacturing,Syndicated Loan,17/02/2022,987000,26.95,0,Current,0,0.01,9870
GHA-LN-10984,Zenith Frontier Bank,Commerce & Finance,SME Asset Financing,19/12/2022,6878000,32.41,0,Current,0,0.01,68780
GHA-LN-10985,Savannah National Bank,Construction,SME Asset Financing,19/08/2022,2161000,30.09,0,Current,0,0.01,21610
GHA-LN-10986,Beacon Trust Bank,Agriculture,SME Asset Financing,01/03/2026,6245000,35.93,0,Current,0,0.01,62450
GHA-LN-10987,Alpha Bank Ghana,Construction,Syndicated Loan,18/02/2022,1521000,32.35,0,Current,0,0.01,15210
GHA-LN-10988,Meridian Credit Bank,Agriculture,Syndicated Loan,13/04/2024,2891000,34.02,0,Current,0,0.01,28910
GHA-LN-10989,Savannah National Bank,Services,Syndicated Loan,05/02/2024,5530000,30.16,0,Current,0,0.01,55300
GHA-LN-10990,Beacon Trust Bank,Agriculture,Syndicated Loan,06/08/2023,7331000,29.93,0,Current,0,0.01,73310
GHA-LN-10991,Beacon Trust Bank,Commerce & Finance,Overdraft,06/04/2023,1022000,28.68,45,Other Loans Especially Mentioned (OLEM),0,NA,NA
GHA-LN-10992,Meridian Credit Bank,Commerce & Finance,Syndicated Loan,18/05/2022,5463000,31.85,15,Current,0,0.01,54630
GHA-LN-10993,Alpha Bank Ghana,Mining,Overdraft,09/12/2023,2750000,35.04,45,Other Loans Especially Mentioned (OLEM),0,NA,NA
GHA-LN-10994,Zenith Frontier Bank,Commerce & Finance,Overdraft,27/05/2022,7180000,32.64,45,Other Loans Especially Mentioned (OLEM),0,NA,NA
GHA-LN-10996,Meridian Credit Bank,Services,Term Loan,29/03/2023,3788000,33.54,15,Current,0,0.01,37880
GHA-LN-10997,Beacon Trust Bank,Services,Overdraft,09/03/2025,4493000,33.56,0,Current,0,0.01,44930
GHA-LN-10998,Beacon Trust Bank,Manufacturing,Term Loan,12/03/2023,6785000,31.86,0,Current,0,0.01,67850
GHA-LN-10999,Beacon Trust Bank,Services,SME Asset Financing,10/03/2025,3687000,29.1,15,Current,0,0.01,36870
GHA-LN-11000,Meridian Credit Bank,Services,Term Loan,03/10/2023,3772000,37.65,15,Current,0,0.01,37720
GHA-LN-11001,Zenith Frontier Bank,Services,Syndicated Loan,12/12/2025,7173000,30.67,0,Current,0,0.01,71730
GHA-LN-11002,Beacon Trust Bank,Services,Syndicated Loan,12/12/2025,1522000,37.72,0,Current,0,0.01,15220
GHA-LN-11003,Savannah National Bank,Commerce & Finance,Overdraft,26/11/2025,242000,37.19,210,Doubtful,1,0.5,121000
GHA-LN-11004,Beacon Trust Bank,Commerce & Finance,Overdraft,27/04/2024,694000,29.1,0,Current,0,0.01,6940
GHA-LN-11005,Alpha Bank Ghana,Services,Overdraft,06/07/2023,3527000,28.84,0,Current,0,0.01,35270
GHA-LN-11006,Beacon Trust Bank,Agriculture,Overdraft,08/03/2022,1245000,36.24,0,Current,0,0.01,12450
GHA-LN-11007,Meridian Credit Bank,Agriculture,Overdraft,07/08/2022,1230000,32.83,0,Current,0,0.01,12300
GHA-LN-11008,Savannah National Bank,Mining,Term Loan,27/08/2024,6314000,35.87,45,Other Loans Especially Mentioned (OLEM),0,NA,NA
GHA-LN-11009,Alpha Bank Ghana,Mining,Term Loan,04/12/2025,6135000,35.36,120,Substandard,1,0.2,1227000
GHA-LN-11010,Meridian Credit Bank,Commerce & Finance,Term Loan,20/08/2023,4388000,37.22,0,Current,0,0.01,43880
GHA-LN-11011,Meridian Credit Bank,Commerce & Finance,Syndicated Loan,15/07/2025,3327000,36.17,0,Current,0,0.01,33270
GHA-LN-11012,Beacon Trust Bank,Commerce & Finance,Syndicated Loan,19/06/2023,2340000,29.83,0,Current,0,0.01,23400
GHA-LN-11013,Beacon Trust Bank,Services,Overdraft,30/04/2025,4948000,35.02,45,Other Loans Especially Mentioned (OLEM),0,NA,NA
GHA-LN-11014,Zenith Frontier Bank,Commerce & Finance,Syndicated Loan,07/09/2023,166000,30.7,0,Current,0,0.01,1660
GHA-LN-11015,Meridian Credit Bank,Construction,SME Asset Financing,01/12/2024,3297000,35.2,0,Current,0,0.01,32970
GHA-LN-11016,Meridian Credit Bank,Services,Syndicated Loan,27/12/2025,4934000,36.37,0,Current,0,0.01,49340
GHA-LN-11017,Beacon Trust Bank,Services,Syndicated Loan,01/08/2025,6136000,35.4,0,Current,0,0.01,61360
GHA-LN-11018,Savannah National Bank,Commerce & Finance,Overdraft,11/02/2023,5081000,36.12,0,Current,0,0.01,50810
GHA-LN-11019,Meridian Credit Bank,Commerce & Finance,SME Asset Financing,27/01/2022,3787000,26.42,0,Current,0,0.01,37870
GHA-LN-11020,Meridian Credit Bank,Services,Syndicated Loan,18/02/2022,18765000,33.94,0,Current,0,0.01,187650
GHA-LN-11021,Beacon Trust Bank,Services,SME Asset Financing,10/05/2023,163000,32.22,0,Current,0,0.01,1630
GHA-LN-11022,Zenith Frontier Bank,Commerce & Finance,SME Asset Financing,20/10/2024,2957000,37.62,75,Other Loans Especially Mentioned (OLEM),0,NA,NA
GHA-LN-11023,Zenith Frontier Bank,Manufacturing,Term Loan,25/08/2025,2963000,35.19,75,Other Loans Especially Mentioned (OLEM),0,NA,NA
GHA-LN-11024,Zenith Frontier Bank,Commerce & Finance,Syndicated Loan,16/03/2022,1109000,34.2,0,Current,0,0.01,11090
GHA-LN-11025,Beacon Trust Bank,Commerce & Finance,SME Asset Financing,10/08/2022,406000,29.41,15,Current,0,0.01,4060
GHA-LN-11026,Alpha Bank Ghana,Manufacturing,Syndicated Loan,07/07/2022,561000,34.18,0,Current,0,0.01,5610
GHA-LN-11027,Beacon Trust Bank,Commerce & Finance,Overdraft,15/12/2025,1192000,27.18,0,Current,0,0.01,11920
GHA-LN-11028,Meridian Credit Bank,Commerce & Finance,Term Loan,25/08/2022,6141000,28.94,0,Current,0,0.01,61410
GHA-LN-11029,Beacon Trust Bank,Manufacturing,Overdraft,13/06/2022,1555000,35.22,0,Current,0,0.01,15550
GHA-LN-11030,Savannah National Bank,Services,Syndicated Loan,05/02/2026,7136000,27.89,0,Current,0,0.01,71360
GHA-LN-11031,Beacon Trust Bank,Manufacturing,SME Asset Financing,03/06/2025,2740000,35.95,120,Substandard,1,0.2,548000
GHA-LN-11032,Beacon Trust Bank,Commerce & Finance,Overdraft,02/04/2023,1249000,29.37,0,Current,0,0.01,12490
GHA-LN-11033,Zenith Frontier Bank,Commerce & Finance,Term Loan,23/11/2023,3982000,33.08,0,Current,0,0.01,39820
GHA-LN-11034,Savannah National Bank,Commerce & Finance,Overdraft,29/12/2024,3262000,37.01,0,Current,0,0.01,32620
GHA-LN-11035,Beacon Trust Bank,Commerce & Finance,SME Asset Financing,24/03/2022,3126000,27.54,0,Current,0,0.01,31260
GHA-LN-11036,Alpha Bank Ghana,Commerce & Finance,Term Loan,07/09/2024,6694000,32.12,0,Current,0,0.01,66940
GHA-LN-11037,Savannah National Bank,Commerce & Finance,SME Asset Financing,20/10/2025,988000,30.17,0,Current,0,0.01,9880
GHA-LN-11038,Zenith Frontier Bank,Commerce & Finance,Syndicated Loan,15/12/2022,3577000,28.7,15,Current,0,0.01,35770
GHA-LN-11039,Alpha Bank Ghana,Manufacturing,Term Loan,27/07/2022,6730000,37.58,0,Current,0,0.01,67300
GHA-LN-11040,Savannah National Bank,Construction,Overdraft,19/08/2023,4537000,34.35,0,Current,0,0.01,45370
GHA-LN-11041,Beacon Trust Bank,Construction,Syndicated Loan,12/04/2025,2387000,37.73,15,Current,0,0.01,23870
GHA-LN-11042,Savannah National Bank,Manufacturing,Syndicated Loan,29/11/2022,6949000,37.75,0,Current,0,0.01,69490
GHA-LN-11043,Savannah National Bank,Services,Syndicated Loan,10/02/2024,4020000,36.12,0,Current,0,0.01,40200
GHA-LN-11044,Meridian Credit Bank,Manufacturing,Syndicated Loan,31/01/2024,1788000,27.83,45,Other Loans Especially Mentioned (OLEM),0,NA,NA
GHA-LN-11045,Beacon Trust Bank,Services,Overdraft,22/06/2025,3709000,36.32,15,Current,0,0.01,37090
GHA-LN-11046,Beacon Trust Bank,Manufacturing,Overdraft,03/03/2025,4356000,32.54,0,Current,0,0.01,43560
GHA-LN-11047,Zenith Frontier Bank,Commerce & Finance,Syndicated Loan,25/01/2023,5233000,35.49,0,Current,0,0.01,52330
GHA-LN-11048,Alpha Bank Ghana,Manufacturing,Syndicated Loan,27/12/2022,6663000,35.45,0,Current,0,0.01,66630
GHA-LN-11049,Alpha Bank Ghana,Agriculture,SME Asset Financing,02/01/2024,363000,26.65,0,Current,0,0.01,3630
GHA-LN-11050,Savannah National Bank,Agriculture,Term Loan,08/07/2024,3823000,27.49,0,Current,0,0.01,38230
GHA-LN-11051,Beacon Trust Bank,Services,Overdraft,09/11/2022,6647000,31.15,0,Current,0,0.01,66470
GHA-LN-11052,Alpha Bank Ghana,Construction,Syndicated Loan,13/01/2023,5887000,32.44,0,Current,0,0.01,58870
GHA-LN-11053,Alpha Bank Ghana,Commerce & Finance,SME Asset Financing,24/03/2023,2443000,33.73,0,Current,0,0.01,24430
GHA-LN-11054,Meridian Credit Bank,Commerce & Finance,SME Asset Financing,21/05/2023,4152000,35.36,120,Substandard,1,0.2,830400
GHA-LN-11055,Savannah National Bank,Services,Syndicated Loan,17/08/2024,4986000,34.74,0,Current,0,0.01,49860
GHA-LN-11056,Zenith Frontier Bank,Manufacturing,SME Asset Financing,19/11/2023,2295000,34.44,0,Current,0,0.01,22950
GHA-LN-11057,Alpha Bank Ghana,Construction,SME Asset Financing,10/01/2023,2040000,31.97,120,Substandard,1,0.2,408000
GHA-LN-11058,Zenith Frontier Bank,Services,SME Asset Financing,23/02/2026,5785000,26.04,0,Current,0,0.01,57850
GHA-LN-11059,Alpha Bank Ghana,Agriculture,Term Loan,27/03/2024,5069000,26.38,45,Other Loans Especially Mentioned (OLEM),0,NA,NA
GHA-LN-11060,Alpha Bank Ghana,Services,Syndicated Loan,14/06/2022,5806000,34.61,0,Current,0,0.01,58060
GHA-LN-11061,Beacon Trust Bank,Manufacturing,SME Asset Financing,14/04/2023,4303000,35.12,120,Substandard,1,0.2,860600
GHA-LN-11062,Meridian Credit Bank,Manufacturing,Syndicated Loan,01/03/2022,4261000,35.27,0,Current,0,0.01,42610
GHA-LN-11063,Alpha Bank Ghana,Commerce & Finance,Overdraft,03/08/2024,3297000,35.72,15,Current,0,0.01,32970
GHA-LN-11064,Beacon Trust Bank,Commerce & Finance,Overdraft,30/03/2024,2119000,32.83,0,Current,0,0.01,21190
GHA-LN-11065,Zenith Frontier Bank,Services,Syndicated Loan,20/05/2025,3515000,30.78,0,Current,0,0.01,35150
GHA-LN-11066,Meridian Credit Bank,Mining,Term Loan,10/05/2025,3491000,27.02,0,Current,0,0.01,34910
GHA-LN-11067,Meridian Credit Bank,Manufacturing,SME Asset Financing,21/08/2023,1699000,29,120,Substandard,1,0.2,339800
GHA-LN-11068,Alpha Bank Ghana,Manufacturing,SME Asset Financing,11/12/2023,7418000,37.84,0,Current,0,0.01,74180
GHA-LN-11069,Beacon Trust Bank,Manufacturing,Term Loan,11/07/2023,1730000,26.68,0,Current,0,0.01,17300
GHA-LN-11070,Savannah National Bank,Construction,Syndicated Loan,11/07/2022,3687000,35.5,0,Current,0,0.01,36870
GHA-LN-11071,Alpha Bank Ghana,Agriculture,Overdraft,06/12/2023,4152000,29.55,0,Current,0,0.01,41520
GHA-LN-11072,Zenith Frontier Bank,Commerce & Finance,SME Asset Financing,09/01/2022,1095000,37.59,0,Current,0,0.01,10950
GHA-LN-11073,Meridian Credit Bank,Services,Term Loan,20/07/2023,4028000,26.18,0,Current,0,0.01,40280
GHA-LN-11074,Zenith Frontier Bank,Manufacturing,Term Loan,01/01/2026,5800000,27.07,210,Doubtful,1,0.5,2900000
GHA-LN-11075,Meridian Credit Bank,Commerce & Finance,Term Loan,11/12/2022,2531000,37.62,0,Current,0,0.01,25310
GHA-LN-11076,Alpha Bank Ghana,Construction,Overdraft,03/01/2026,1361000,35.71,0,Current,0,0.01,13610
GHA-LN-11077,Savannah National Bank,Agriculture,Syndicated Loan,23/12/2023,2764000,28.82,0,Current,0,0.01,27640
GHA-LN-11078,Beacon Trust Bank,Commerce & Finance,Overdraft,18/07/2022,1452000,31.82,0,Current,0,0.01,14520
GHA-LN-11079,Savannah National Bank,Unclassified,Term Loan,02/07/2022,565000,35.03,0,Current,0,0.01,5650
GHA-LN-11080,Zenith Frontier Bank,Services,Term Loan,02/10/2024,4842000,32.14,0,Current,0,0.01,48420
GHA-LN-11081,Alpha Bank Ghana,Services,Overdraft,05/02/2024,3395000,30.03,45,Other Loans Especially Mentioned (OLEM),0,NA,NA
GHA-LN-11082,Meridian Credit Bank,Commerce & Finance,Term Loan,10/02/2023,7300000,28.88,15,Current,0,0.01,73000
GHA-LN-11083,Beacon Trust Bank,Construction,Overdraft,14/04/2023,7232000,29.75,45,Other Loans Especially Mentioned (OLEM),0,NA,NA
GHA-LN-11084,Meridian Credit Bank,Manufacturing,Overdraft,13/12/2023,3716000,29.68,0,Current,0,0.01,37160
GHA-LN-11085,Beacon Trust Bank,Agriculture,Syndicated Loan,29/05/2025,7160000,29.06,0,Current,0,0.01,71600
GHA-LN-11086,Meridian Credit Bank,Manufacturing,Syndicated Loan,09/05/2025,4070000,36.56,0,Current,0,0.01,40700
GHA-LN-11087,Zenith Frontier Bank,Construction,Syndicated Loan,03/02/2024,7340000,31.46,0,Current,0,0.01,73400
GHA-LN-11088,Savannah National Bank,Commerce & Finance,Syndicated Loan,04/11/2023,2609000,26.01,45,Other Loans Especially Mentioned (OLEM),0,NA,NA
GHA-LN-11089,Alpha Bank Ghana,Services,Term Loan,01/01/2023,5671000,31.66,0,Current,0,0.01,56710
GHA-LN-11090,Meridian Credit Bank,Commerce & Finance,SME Asset Financing,12/06/2023,7223000,29.32,0,Current,0,0.01,72230
GHA-LN-11091,Savannah National Bank,Construction,Syndicated Loan,23/02/2022,7231000,34.58,0,Current,0,0.01,72310
GHA-LN-11092,Beacon Trust Bank,Services,Overdraft,26/10/2024,6295000,37.15,0,Current,0,0.01,62950
GHA-LN-11093,Zenith Frontier Bank,Agriculture,Syndicated Loan,26/01/2026,3239000,32.69,0,Current,0,0.01,32390
GHA-LN-11094,Zenith Frontier Bank,Commerce & Finance,Syndicated Loan,07/11/2024,7322000,33.73,0,Current,0,0.01,73220
GHA-LN-11095,Meridian Credit Bank,Mining,Overdraft,31/10/2025,4373000,35.25,15,Current,0,0.01,43730
GHA-LN-11096,Beacon Trust Bank,Manufacturing,SME Asset Financing,31/01/2023,3011000,36.88,120,Substandard,1,0.2,602200
GHA-LN-11097,Alpha Bank Ghana,Manufacturing,Term Loan,02/01/2023,2077000,37.77,120,Substandard,1,0.2,415400
GHA-LN-11098,Beacon Trust Bank,Services,Term Loan,04/05/2024,3311000,26.72,0,Current,0,0.01,33110
GHA-LN-11099,Alpha Bank Ghana,Manufacturing,Term Loan,28/02/2024,5916000,26.32,0,Current,0,0.01,59160
GHA-LN-11100,Meridian Credit Bank,Agriculture,SME Asset Financing,20/11/2025,457000,27.87,0,Current,0,0.01,4570
GHA-LN-11101,Zenith Frontier Bank,Commerce & Finance,SME Asset Financing,29/07/2023,936000,37.26,0,Current,0,0.01,9360
GHA-LN-11102,Meridian Credit Bank,Commerce & Finance,Term Loan,03/08/2024,1493000,31.72,45,Other Loans Especially Mentioned (OLEM),0,NA,NA
GHA-LN-11103,Meridian Credit Bank,Services,Term Loan,05/08/2025,7035000,36.5,0,Current,0,0.01,70350
GHA-LN-11104,Zenith Frontier Bank,Manufacturing,Term Loan,09/06/2022,5075000,35.74,0,Current,0,0.01,50750
GHA-LN-11105,Savannah National Bank,Construction,Term Loan,31/08/2024,5529000,28.32,0,Current,0,0.01,55290
GHA-LN-11106,Meridian Credit Bank,Commerce & Finance,Overdraft,26/01/2024,5580000,32.57,15,Current,0,0.01,55800
GHA-LN-11107,Zenith Frontier Bank,Construction,SME Asset Financing,11/03/2022,4497000,37.74,120,Substandard,1,0.2,899400
GHA-LN-11108,Zenith Frontier Bank,Manufacturing,Syndicated Loan,04/02/2022,3082000,26.79,0,Current,0,0.01,30820
GHA-LN-11109,Savannah National Bank,Commerce & Finance,Overdraft,06/03/2025,6191000,34.71,0,Current,0,0.01,61910
GHA-LN-11110,Zenith Frontier Bank,Services,Overdraft,16/02/2023,6273000,28.32,0,Current,0,0.01,62730
GHA-LN-11111,Beacon Trust Bank,Services,SME Asset Financing,06/12/2024,1416000,28.2,0,Current,0,0.01,14160
GHA-LN-11112,Savannah National Bank,Commerce & Finance,Overdraft,23/02/2024,7161000,35.76,0,Current,0,0.01,71610
GHA-LN-11113,Beacon Trust Bank,Commerce & Finance,Term Loan,07/12/2024,4798000,35.65,0,Current,0,0.01,47980
GHA-LN-11114,Savannah National Bank,Services,Syndicated Loan,02/07/2023,4506000,30.01,0,Current,0,0.01,45060
GHA-LN-11115,Zenith Frontier Bank,Manufacturing,Overdraft,23/03/2024,1160000,30.38,0,Current,0,0.01,11600
GHA-LN-11116,Beacon Trust Bank,Manufacturing,Term Loan,14/03/2025,6589000,36.69,0,Current,0,0.01,65890
GHA-LN-11117,Alpha Bank Ghana,Manufacturing,SME Asset Financing,07/07/2025,2996000,27.7,0,Current,0,0.01,29960
GHA-LN-11118,Savannah National Bank,Construction,SME Asset Financing,25/03/2022,2614000,27.34,0,Current,0,0.01,26140
GHA-LN-11119,Beacon Trust Bank,Unclassified,Term Loan,28/04/2025,6524000,28.32,0,Current,0,0.01,65240
GHA-LN-11120,Zenith Frontier Bank,Manufacturing,Syndicated Loan,11/02/2026,166000,35.39,0,Current,0,0.01,1660
GHA-LN-11121,Savannah National Bank,Manufacturing,SME Asset Financing,15/09/2025,5314000,32.07,0,Current,0,0.01,53140
GHA-LN-11122,Zenith Frontier Bank,Services,SME Asset Financing,25/11/2024,2285000,37.76,120,Substandard,1,0.2,457000
GHA-LN-11123,Alpha Bank Ghana,Agriculture,Syndicated Loan,01/02/2022,5519000,37.76,45,Other Loans Especially Mentioned (OLEM),0,NA,NA
GHA-LN-11124,Savannah National Bank,Agriculture,Term Loan,04/11/2022,671000,33.65,0,Current,0,0.01,6710
GHA-LN-11125,Savannah National Bank,Construction,SME Asset Financing,20/06/2022,6025000,37.26,0,Current,0,0.01,60250
GHA-LN-11126,Savannah National Bank,Agriculture,Syndicated Loan,16/01/2024,3146000,26.58,15,Current,0,0.01,31460
GHA-LN-11127,Alpha Bank Ghana,Commerce & Finance,Syndicated Loan,20/12/2025,684000,35.49,75,Other Loans Especially Mentioned (OLEM),0,NA,NA
GHA-LN-11128,Alpha Bank Ghana,Commerce & Finance,Syndicated Loan,17/05/2025,6120000,32.6,45,Other Loans Especially Mentioned (OLEM),0,NA,NA
GHA-LN-11129,Alpha Bank Ghana,Commerce & Finance,Overdraft,07/11/2024,4054000,30.86,0,Current,0,0.01,40540
GHA-LN-11130,Zenith Frontier Bank,Manufacturing,Overdraft,15/04/2023,2282000,30.45,210,Doubtful,1,0.5,1141000
GHA-LN-11131,Alpha Bank Ghana,Services,SME Asset Financing,03/11/2023,5769000,34.73,0,Current,0,0.01,57690
GHA-LN-11132,Beacon Trust Bank,Manufacturing,Overdraft,02/07/2023,5758000,32.58,0,Current,0,0.01,57580
GHA-LN-11133,Meridian Credit Bank,Mining,SME Asset Financing,06/09/2022,7276000,37.28,0,Current,0,0.01,72760
GHA-LN-11134,Alpha Bank Ghana,Commerce & Finance,Syndicated Loan,27/11/2022,964000,28.3,15,Current,0,0.01,9640
GHA-LN-11135,Savannah National Bank,Construction,SME Asset Financing,12/08/2022,579000,30.36,15,Current,0,0.01,5790
GHA-LN-11136,Alpha Bank Ghana,Construction,SME Asset Financing,22/08/2023,3281000,31.11,45,Other Loans Especially Mentioned (OLEM),0,NA,NA
GHA-LN-11137,Meridian Credit Bank,Manufacturing,SME Asset Financing,24/03/2022,6326000,31.69,0,Current,0,0.01,63260
GHA-LN-11138,Beacon Trust Bank,Services,Term Loan,04/02/2026,4354000,28.9,0,Current,0,0.01,43540
GHA-LN-11139,Meridian Credit Bank,Construction,Overdraft,24/03/2023,210000,37.92,120,Substandard,1,0.2,42000
GHA-LN-11140,Savannah National Bank,Manufacturing,Syndicated Loan,06/06/2025,3066000,29.28,0,Current,0,0.01,30660
GHA-LN-11141,Beacon Trust Bank,Agriculture,Syndicated Loan,05/10/2022,896000,32.46,0,Current,0,0.01,8960
GHA-LN-11142,Zenith Frontier Bank,Services,Term Loan,11/05/2025,3917000,33.55,15,Current,0,0.01,39170
GHA-LN-11143,Zenith Frontier Bank,Mining,Term Loan,16/09/2024,7422000,26.2,15,Current,0,0.01,74220
GHA-LN-11144,Beacon Trust Bank,Manufacturing,SME Asset Financing,27/10/2023,2890000,27.83,0,Current,0,0.01,28900
GHA-LN-11145,Zenith Frontier Bank,Agriculture,SME Asset Financing,08/06/2024,6452000,30.14,75,Other Loans Especially Mentioned (OLEM),0,NA,NA
GHA-LN-11146,Meridian Credit Bank,Commerce & Finance,SME Asset Financing,29/04/2022,6018000,28.25,0,Current,0,0.01,60180
GHA-LN-11147,Zenith Frontier Bank,Agriculture,SME Asset Financing,03/07/2022,2800000,26.44,0,Current,0,0.01,28000
GHA-LN-11148,Zenith Frontier Bank,Commerce & Finance,SME Asset Financing,06/12/2024,3436000,32.28,15,Current,0,0.01,34360
GHA-LN-11149,Savannah National Bank,Agriculture,Term Loan,11/06/2022,1973000,36.93,75,Other Loans Especially Mentioned (OLEM),0,NA,NA
GHA-LN-11150,Meridian Credit Bank,Commerce & Finance,Term Loan,23/09/2022,318000,33.57,0,Current,0,0.01,3180
GHA-LN-11151,Meridian Credit Bank,Agriculture,Syndicated Loan,25/07/2024,5797000,37.41,0,Current,0,0.01,57970
GHA-LN-11152,Alpha Bank Ghana,Services,Term Loan,12/02/2023,2863000,33.34,0,Current,0,0.01,28630
GHA-LN-11153,Zenith Frontier Bank,Agriculture,Term Loan,02/06/2025,5329000,37.06,15,Current,0,0.01,53290
GHA-LN-11154,Zenith Frontier Bank,Construction,Overdraft,27/08/2023,6986000,34.55,0,Current,0,0.01,69860
GHA-LN-11155,Savannah National Bank,Commerce & Finance,Term Loan,09/11/2025,6002000,37.06,0,Current,0,0.01,60020
GHA-LN-11156,Savannah National Bank,Services,Overdraft,31/05/2022,2107000,31.92,0,Current,0,0.01,21070
GHA-LN-11157,Alpha Bank Ghana,Commerce & Finance,Term Loan,08/05/2023,7038000,30.22,0,Current,0,0.01,70380
GHA-LN-11158,Beacon Trust Bank,Construction,Overdraft,31/12/2024,7490000,32.01,0,Current,0,0.01,74900
GHA-LN-11159,Beacon Trust Bank,Services,SME Asset Financing,23/11/2024,6483000,28.08,0,Current,0,0.01,64830
GHA-LN-11160,Meridian Credit Bank,Commerce & Finance,SME Asset Financing,02/11/2023,2271000,37.39,0,Current,0,0.01,22710
GHA-LN-11161,Alpha Bank Ghana,Unclassified,Overdraft,05/11/2024,1052000,29.1,0,Current,0,0.01,10520
GHA-LN-11162,Meridian Credit Bank,Agriculture,SME Asset Financing,28/07/2022,950000,37.3,210,Doubtful,1,0.5,475000
GHA-LN-11163,Beacon Trust Bank,Mining,SME Asset Financing,08/12/2025,4594000,28.24,0,Current,0,0.01,45940
GHA-LN-11164,Savannah National Bank,Services,Term Loan,11/03/2022,5878000,36.68,15,Current,0,0.01,58780
GHA-LN-11165,Beacon Trust Bank,Manufacturing,Overdraft,03/04/2024,3647000,30.23,15,Current,0,0.01,36470
GHA-LN-11166,Savannah National Bank,Services,Syndicated Loan,30/12/2022,7368000,37.86,15,Current,0,0.01,73680
GHA-LN-11167,Savannah National Bank,Agriculture,Syndicated Loan,19/12/2024,2138000,28.08,0,Current,0,0.01,21380
GHA-LN-11168,Savannah National Bank,Agriculture,Syndicated Loan,12/01/2024,3735000,37.12,0,Current,0,0.01,37350
GHA-LN-11169,Savannah National Bank,Services,Overdraft,16/03/2024,6509000,37.61,0,Current,0,0.01,65090
GHA-LN-11170,Meridian Credit Bank,Services,Term Loan,08/07/2022,2858000,35.22,120,Substandard,1,0.2,571600
GHA-LN-11171,Beacon Trust Bank,Manufacturing,Overdraft,24/12/2024,2046000,37.67,0,Current,0,0.01,20460
GHA-LN-11172,Meridian Credit Bank,Manufacturing,Syndicated Loan,01/03/2023,650000,34.72,0,Current,0,0.01,6500
GHA-LN-11173,Savannah National Bank,Services,Overdraft,09/12/2024,3370000,28.73,0,Current,0,0.01,33700
GHA-LN-11174,Meridian Credit Bank,Commerce & Finance,Overdraft,27/12/2023,6124000,32.77,0,Current,0,0.01,61240
GHA-LN-11175,Savannah National Bank,Services,Syndicated Loan,07/01/2023,1139000,32.91,0,Current,0,0.01,11390
GHA-LN-11176,Beacon Trust Bank,Commerce & Finance,Syndicated Loan,17/11/2022,2801000,33.91,0,Current,0,0.01,28010
GHA-LN-11177,Beacon Trust Bank,Mining,SME Asset Financing,15/03/2024,6122000,30.89,0,Current,0,0.01,61220
GHA-LN-11178,Meridian Credit Bank,Commerce & Finance,SME Asset Financing,10/12/2024,23880000,36.9,0,Current,0,0.01,238800
GHA-LN-11179,Alpha Bank Ghana,Manufacturing,Overdraft,03/02/2023,3115000,26.91,0,Current,0,0.01,31150
GHA-LN-11180,Beacon Trust Bank,Commerce & Finance,Term Loan,20/07/2023,2526000,37.7,0,Current,0,0.01,25260
GHA-LN-11181,Beacon Trust Bank,Manufacturing,Term Loan,09/08/2022,778000,27.99,15,Current,0,0.01,7780
GHA-LN-11182,Meridian Credit Bank,Manufacturing,Overdraft,10/05/2023,6109000,27.48,0,Current,0,0.01,61090
GHA-LN-11183,Zenith Frontier Bank,Services,Syndicated Loan,23/10/2025,7129000,30.47,0,Current,0,0.01,71290
GHA-LN-11184,Zenith Frontier Bank,Services,SME Asset Financing,12/04/2023,1890000,31.84,45,Other Loans Especially Mentioned (OLEM),0,NA,NA
GHA-LN-11185,Alpha Bank Ghana,Commerce & Finance,Syndicated Loan,14/06/2025,5785000,32.85,0,Current,0,0.01,57850
GHA-LN-11186,Beacon Trust Bank,Commerce & Finance,SME Asset Financing,06/10/2024,1378000,32.86,0,Current,0,0.01,13780
GHA-LN-11188,Meridian Credit Bank,Construction,Syndicated Loan,23/12/2023,2117000,32.61,45,Other Loans Especially Mentioned (OLEM),0,NA,NA
GHA-LN-11189,Alpha Bank Ghana,Commerce & Finance,Term Loan,01/03/2024,3723000,26.65,15,Current,0,0.01,37230
GHA-LN-11190,Alpha Bank Ghana,Commerce & Finance,Syndicated Loan,11/05/2022,6545000,26.98,0,Current,0,0.01,65450
GHA-LN-11191,Meridian Credit Bank,Services,SME Asset Financing,21/10/2023,4128000,27.32,0,Current,0,0.01,41280
GHA-LN-11192,Alpha Bank Ghana,Construction,Syndicated Loan,14/11/2023,3621000,26.96,15,Current,0,0.01,36210
GHA-LN-11193,Savannah National Bank,Commerce & Finance,Term Loan,29/06/2024,1372000,33.5,0,Current,0,0.01,13720
GHA-LN-11194,Meridian Credit Bank,Unclassified,Term Loan,21/10/2022,4788000,34.67,15,Current,0,0.01,47880
GHA-LN-11195,Meridian Credit Bank,Agriculture,Term Loan,01/08/2024,4359000,26.91,0,Current,0,0.01,43590
GHA-LN-11196,Meridian Credit Bank,Commerce & Finance,Overdraft,09/07/2024,3770000,29.37,0,Current,0,0.01,37700
GHA-LN-11197,Alpha Bank Ghana,Agriculture,Overdraft,29/09/2024,1174000,32.77,45,Other Loans Especially Mentioned (OLEM),0,NA,NA
GHA-LN-11198,Meridian Credit Bank,Manufacturing,SME Asset Financing,30/05/2022,1242000,27.4,0,Current,0,0.01,12420
GHA-LN-11199,Meridian Credit Bank,Commerce & Finance,Syndicated Loan,04/03/2024,2806000,35.85,0,Current,0,0.01,28060
GHA-LN-11200,Alpha Bank Ghana,Commerce & Finance,Syndicated Loan,31/05/2024,1005000,31.36,0,Current,0,0.01,10050
GHA-LN-11201,Alpha Bank Ghana,Commerce & Finance,Syndicated Loan,30/01/2022,6254000,26.71,0,Current,0,0.01,62540
GHA-LN-11202,Savannah National Bank,Agriculture,Syndicated Loan,11/05/2022,6331000,31,0,Current,0,0.01,63310
GHA-LN-11203,Savannah National Bank,Services,Overdraft,09/01/2026,2062000,28.05,0,Current,0,0.01,20620
GHA-LN-11204,Alpha Bank Ghana,Construction,SME Asset Financing,08/09/2025,4179000,34.47,0,Current,0,0.01,41790
GHA-LN-11205,Savannah National Bank,Services,Syndicated Loan,22/09/2023,2279000,36.56,0,Current,0,0.01,22790
GHA-LN-11206,Savannah National Bank,Services,Syndicated Loan,03/01/2024,3666000,26.22,0,Current,0,0.01,36660
GHA-LN-11207,Beacon Trust Bank,Manufacturing,SME Asset Financing,06/11/2024,6924000,35.11,0,Current,0,0.01,69240
GHA-LN-11208,Zenith Frontier Bank,Mining,Overdraft,07/01/2025,4782000,26.08,0,Current,0,0.01,47820
GHA-LN-11209,Meridian Credit Bank,Construction,Overdraft,20/08/2024,696000,33.06,45,Other Loans Especially Mentioned (OLEM),0,NA,NA
GHA-LN-11210,Zenith Frontier Bank,Manufacturing,SME Asset Financing,01/10/2025,4952000,35.09,0,Current,0,0.01,49520
GHA-LN-11211,Alpha Bank Ghana,Commerce & Finance,Term Loan,30/07/2022,2914000,36.73,0,Current,0,0.01,29140
GHA-LN-11212,Alpha Bank Ghana,Construction,Overdraft,07/05/2024,7109000,33.29,0,Current,0,0.01,71090
GHA-LN-11213,Beacon Trust Bank,Manufacturing,Overdraft,03/08/2022,3734000,31.31,0,Current,0,0.01,37340
GHA-LN-11214,Meridian Credit Bank,Manufacturing,Overdraft,09/07/2023,333000,32.71,0,Current,0,0.01,3330
GHA-LN-11215,Alpha Bank Ghana,Commerce & Finance,Overdraft,02/10/2023,6273000,34.72,15,Current,0,0.01,62730
GHA-LN-11216,Meridian Credit Bank,Construction,SME Asset Financing,21/11/2022,5684000,30.2,0,Current,0,0.01,56840
GHA-LN-11217,Beacon Trust Bank,Commerce & Finance,Syndicated Loan,23/03/2024,1326000,37.93,0,Current,0,0.01,13260
GHA-LN-11218,Meridian Credit Bank,Commerce & Finance,SME Asset Financing,20/04/2025,3146000,26.03,15,Current,0,0.01,31460
GHA-LN-11219,Savannah National Bank,Construction,SME Asset Financing,03/07/2022,5813000,35.58,0,Current,0,0.01,58130
GHA-LN-11220,Beacon Trust Bank,Manufacturing,Syndicated Loan,07/09/2024,1981000,28.13,120,Substandard,1,0.2,396200
GHA-LN-11221,Beacon Trust Bank,Manufacturing,SME Asset Financing,15/04/2023,2009000,32.84,0,Current,0,0.01,20090
GHA-LN-11222,Beacon Trust Bank,Commerce & Finance,Overdraft,17/11/2023,3043000,34.27,0,Current,0,0.01,30430
GHA-LN-11223,Savannah National Bank,Construction,Syndicated Loan,25/06/2025,3432000,37.47,0,Current,0,0.01,34320
GHA-LN-11224,Zenith Frontier Bank,Construction,Syndicated Loan,26/05/2025,4378000,34.44,0,Current,0,0.01,43780
GHA-LN-11225,Zenith Frontier Bank,Commerce & Finance,Overdraft,29/08/2025,1865000,27.54,0,Current,0,0.01,18650
GHA-LN-11226,Savannah National Bank,Services,SME Asset Financing,07/01/2026,6708000,37.4,0,Current,0,0.01,67080
GHA-LN-11227,Savannah National Bank,Manufacturing,Term Loan,20/12/2022,4236000,29.95,15,Current,0,0.01,42360
GHA-LN-11228,Zenith Frontier Bank,Agriculture,Term Loan,31/10/2023,2463000,30.55,15,Current,0,0.01,24630
GHA-LN-11229,Alpha Bank Ghana,Services,Syndicated Loan,30/03/2022,6358000,37.57,210,Doubtful,1,0.5,3179000
GHA-LN-11230,Zenith Frontier Bank,Agriculture,Overdraft,06/09/2025,4243000,32.66,0,Current,0,0.01,42430
GHA-LN-11231,Zenith Frontier Bank,Agriculture,Term Loan,12/02/2025,889000,30.08,0,Current,0,0.01,8890
GHA-LN-11232,Savannah National Bank,Agriculture,SME Asset Financing,15/09/2024,2317000,35.51,210,Doubtful,1,0.5,1158500
GHA-LN-11233,Zenith Frontier Bank,Services,Term Loan,23/02/2026,5434000,36.19,0,Current,0,0.01,54340
GHA-LN-11234,Alpha Bank Ghana,Manufacturing,Overdraft,21/03/2023,3956000,33.56,0,Current,0,0.01,39560
GHA-LN-11235,Savannah National Bank,Unclassified,SME Asset Financing,16/06/2025,7205000,36.32,15,Current,0,0.01,72050
GHA-LN-11236,Zenith Frontier Bank,Commerce & Finance,Term Loan,25/04/2022,2761000,30.19,45,Other Loans Especially Mentioned (OLEM),0,NA,NA
GHA-LN-11237,Beacon Trust Bank,Construction,Syndicated Loan,24/02/2024,5665000,31.69,0,Current,0,0.01,56650
GHA-LN-11238,Zenith Frontier Bank,Manufacturing,Overdraft,13/02/2024,2027000,26.22,0,Current,0,0.01,20270
GHA-LN-11239,Meridian Credit Bank,Construction,SME Asset Financing,25/11/2022,534000,30.93,0,Current,0,0.01,5340
GHA-LN-11240,Alpha Bank Ghana,Mining,Term Loan,21/09/2023,4025000,36.5,75,Other Loans Especially Mentioned (OLEM),0,NA,NA
GHA-LN-11241,Meridian Credit Bank,Construction,Syndicated Loan,13/10/2025,2743000,35.41,15,Current,0,0.01,27430
GHA-LN-11242,Savannah National Bank,Services,Overdraft,15/12/2023,3607000,35.01,0,Current,0,0.01,36070
GHA-LN-11243,Meridian Credit Bank,Manufacturing,Syndicated Loan,05/03/2024,4539000,26.76,0,Current,0,0.01,45390
GHA-LN-11244,Zenith Frontier Bank,Construction,Overdraft,10/11/2023,2546000,35.37,0,Current,0,0.01,25460
GHA-LN-11245,Alpha Bank Ghana,Commerce & Finance,Syndicated Loan,19/04/2025,72000,33.41,0,Current,0,0.01,720
GHA-LN-11246,Alpha Bank Ghana,Services,Term Loan,17/10/2025,7206000,35.28,0,Current,0,0.01,72060
GHA-LN-11247,Meridian Credit Bank,Commerce & Finance,SME Asset Financing,13/05/2024,2775000,36.22,0,Current,0,0.01,27750
GHA-LN-11248,Zenith Frontier Bank,Agriculture,SME Asset Financing,25/10/2025,333000,34.59,120,Substandard,1,0.2,66600
GHA-LN-11249,Alpha Bank Ghana,Agriculture,Term Loan,19/02/2022,6370000,27,0,Current,0,0.01,63700
GHA-LN-11250,Zenith Frontier Bank,Services,Syndicated Loan,28/10/2024,1859000,37.41,0,Current,0,0.01,18590
GHA-LN-11251,Beacon Trust Bank,Construction,SME Asset Financing,06/11/2023,4066000,34.01,0,Current,0,0.01,40660
GHA-LN-11252,Savannah National Bank,Commerce & Finance,Syndicated Loan,22/08/2023,6454000,30.92,0,Current,0,0.01,64540
GHA-LN-11253,Zenith Frontier Bank,Services,SME Asset Financing,10/09/2024,2170000,27.18,0,Current,0,0.01,21700
GHA-LN-11254,Meridian Credit Bank,Agriculture,SME Asset Financing,06/03/2025,3711000,37.74,0,Current,0,0.01,37110
GHA-LN-11255,Savannah National Bank,Commerce & Finance,Syndicated Loan,05/04/2024,4919000,33.54,0,Current,0,0.01,49190
GHA-LN-11256,Zenith Frontier Bank,Construction,SME Asset Financing,28/10/2024,582000,32.6,0,Current,0,0.01,5820
GHA-LN-11257,Meridian Credit Bank,Services,Syndicated Loan,28/04/2022,4880000,32.2,0,Current,0,0.01,48800
GHA-LN-11258,Alpha Bank Ghana,Agriculture,SME Asset Financing,29/12/2025,4110000,29.81,0,Current,0,0.01,41100
GHA-LN-11259,Meridian Credit Bank,Construction,Syndicated Loan,07/09/2023,1579000,34.06,0,Current,0,0.01,15790
GHA-LN-11260,Zenith Frontier Bank,Services,Term Loan,18/04/2023,1971000,26.6,0,Current,0,0.01,19710
GHA-LN-11261,Meridian Credit Bank,Services,Syndicated Loan,28/11/2024,762000,33.75,0,Current,0,0.01,7620
GHA-LN-11262,Alpha Bank Ghana,Manufacturing,Overdraft,25/08/2024,3245000,34.73,0,Current,0,0.01,32450
GHA-LN-11263,Alpha Bank Ghana,Manufacturing,Syndicated Loan,08/12/2025,5776000,35.33,0,Current,0,0.01,57760
GHA-LN-11264,Alpha Bank Ghana,Agriculture,Overdraft,09/01/2023,4096000,31.66,0,Current,0,0.01,40960
GHA-LN-11265,Zenith Frontier Bank,Commerce & Finance,Term Loan,03/06/2024,7241000,31.91,120,Substandard,1,0.2,1448200
GHA-LN-11266,Meridian Credit Bank,Commerce & Finance,Term Loan,11/10/2024,415000,27,0,Current,0,0.01,4150
GHA-LN-11267,Zenith Frontier Bank,Manufacturing,Syndicated Loan,15/02/2026,2378000,29.76,0,Current,0,0.01,23780
GHA-LN-11268,Meridian Credit Bank,Manufacturing,Term Loan,22/07/2023,6528000,30.74,45,Other Loans Especially Mentioned (OLEM),0,NA,NA
GHA-LN-11269,Meridian Credit Bank,Commerce & Finance,Term Loan,18/09/2023,222000,37.74,0,Current,0,0.01,2220
GHA-LN-11270,Savannah National Bank,Commerce & Finance,Term Loan,12/08/2024,2054000,29.96,0,Current,0,0.01,20540
GHA-LN-11271,Alpha Bank Ghana,Commerce & Finance,Overdraft,07/12/2022,6458000,36.78,45,Other Loans Especially Mentioned (OLEM),0,NA,NA
GHA-LN-11272,Zenith Frontier Bank,Manufacturing,Overdraft,07/09/2025,7454000,35.58,45,Other Loans Especially Mentioned (OLEM),0,NA,NA
GHA-LN-11273,Alpha Bank Ghana,Agriculture,Syndicated Loan,04/01/2026,4009000,36.86,0,Current,0,0.01,40090
GHA-LN-11274,Alpha Bank Ghana,Commerce & Finance,Overdraft,03/10/2023,3930000,30.57,0,Current,0,0.01,39300
GHA-LN-11275,Beacon Trust Bank,Services,Term Loan,25/07/2025,4498000,34.58,15,Current,0,0.01,44980
GHA-LN-11277,Alpha Bank Ghana,Agriculture,Syndicated Loan,30/04/2023,2201000,32.25,0,Current,0,0.01,22010
GHA-LN-11278,Savannah National Bank,Commerce & Finance,Syndicated Loan,05/09/2023,1609000,33.19,0,Current,0,0.01,16090
GHA-LN-11279,Meridian Credit Bank,Manufacturing,Syndicated Loan,17/07/2024,3517000,37.98,0,Current,0,0.01,35170
GHA-LN-11280,Savannah National Bank,Manufacturing,Overdraft,20/04/2025,4414000,29.28,0,Current,0,0.01,44140
GHA-LN-11281,Meridian Credit Bank,Agriculture,Term Loan,22/06/2022,7171000,36.19,0,Current,0,0.01,71710
GHA-LN-11282,Zenith Frontier Bank,Construction,Overdraft,21/02/2023,827000,33.12,15,Current,0,0.01,8270
GHA-LN-11283,Zenith Frontier Bank,Services,Term Loan,04/12/2025,7318000,32.89,210,Doubtful,1,0.5,3659000
GHA-LN-11284,Meridian Credit Bank,Manufacturing,Syndicated Loan,21/02/2026,1727000,35.32,0,Current,0,0.01,17270
GHA-LN-11285,Zenith Frontier Bank,Construction,Term Loan,29/07/2023,6595000,30.73,0,Current,0,0.01,65950
GHA-LN-11286,Savannah National Bank,Manufacturing,Term Loan,08/01/2024,33945000,31.42,0,Current,0,0.01,339450
GHA-LN-11287,Zenith Frontier Bank,Construction,Syndicated Loan,28/07/2023,7499000,27.62,210,Doubtful,1,0.5,3749500
GHA-LN-11288,Zenith Frontier Bank,Commerce & Finance,Overdraft,23/11/2022,6132000,37.47,0,Current,0,0.01,61320
GHA-LN-11289,Zenith Frontier Bank,Services,SME Asset Financing,27/06/2022,7463000,31.37,0,Current,0,0.01,74630
GHA-LN-11290,Zenith Frontier Bank,Commerce & Finance,Term Loan,09/08/2024,5407000,37.05,0,Current,0,0.01,54070
GHA-LN-11291,Meridian Credit Bank,Agriculture,Overdraft,13/03/2025,5275000,35.41,0,Current,0,0.01,52750
GHA-LN-11292,Beacon Trust Bank,Manufacturing,Overdraft,22/08/2022,7211000,26.04,210,Doubtful,1,0.5,3605500
GHA-LN-11293,Meridian Credit Bank,Construction,Term Loan,20/02/2022,2316000,32.99,0,Current,0,0.01,23160
GHA-LN-11294,Meridian Credit Bank,Mining,Syndicated Loan,09/06/2023,7299000,37.4,15,Current,0,0.01,72990
GHA-LN-11295,Beacon Trust Bank,Commerce & Finance,SME Asset Financing,09/06/2023,2885000,28.76,15,Current,0,0.01,28850
GHA-LN-11296,Beacon Trust Bank,Services,Term Loan,14/02/2024,6301000,36.22,0,Current,0,0.01,63010
GHA-LN-11297,Zenith Frontier Bank,Agriculture,Overdraft,25/02/2025,843000,37.69,0,Current,0,0.01,8430
GHA-LN-11298,Meridian Credit Bank,Mining,Term Loan,18/01/2022,2665000,36.73,15,Current,0,0.01,26650
GHA-LN-11299,Savannah National Bank,Services,SME Asset Financing,25/08/2025,5696000,37.55,0,Current,0,0.01,56960
GHA-LN-11300,Savannah National Bank,Services,SME Asset Financing,05/05/2023,3690000,34.67,0,Current,0,0.01,36900
GHA-LN-11301,Savannah National Bank,Commerce & Finance,Syndicated Loan,07/07/2023,5692000,33.61,0,Current,0,0.01,56920
GHA-LN-11302,Savannah National Bank,Services,SME Asset Financing,18/11/2025,5176000,30.71,0,Current,0,0.01,51760
GHA-LN-11303,Zenith Frontier Bank,Services,Syndicated Loan,10/03/2024,3609000,30.41,0,Current,0,0.01,36090
GHA-LN-11304,Meridian Credit Bank,Manufacturing,Syndicated Loan,30/10/2025,2958000,34.69,15,Current,0,0.01,29580
GHA-LN-11305,Zenith Frontier Bank,Commerce & Finance,Term Loan,15/04/2025,5344000,28.04,0,Current,0,0.01,53440
GHA-LN-11306,Beacon Trust Bank,Agriculture,SME Asset Financing,20/07/2025,682000,28.4,120,Substandard,1,0.2,136400
GHA-LN-11307,Beacon Trust Bank,Services,Syndicated Loan,25/03/2023,2970000,34.15,0,Current,0,0.01,29700
GHA-LN-11308,Alpha Bank Ghana,Mining,Overdraft,31/10/2025,2656000,37.84,0,Current,0,0.01,26560
GHA-LN-11309,Alpha Bank Ghana,Commerce & Finance,SME Asset Financing,31/01/2026,784000,33.12,0,Current,0,0.01,7840
GHA-LN-11310,Meridian Credit Bank,Construction,Syndicated Loan,26/08/2022,3684000,28.99,15,Current,0,0.01,36840
GHA-LN-11311,Alpha Bank Ghana,Commerce & Finance,SME Asset Financing,24/07/2024,3977000,37.93,15,Current,0,0.01,39770
GHA-LN-11312,Savannah National Bank,Services,SME Asset Financing,28/03/2024,6542000,26.86,210,Doubtful,1,0.5,3271000
GHA-LN-11313,Alpha Bank Ghana,Services,Overdraft,25/08/2024,362000,33.17,0,Current,0,0.01,3620
GHA-LN-11314,Alpha Bank Ghana,Commerce & Finance,Syndicated Loan,18/04/2025,5255000,35.34,0,Current,0,0.01,52550
GHA-LN-11315,Beacon Trust Bank,Agriculture,Overdraft,31/01/2024,2180000,28.95,75,Other Loans Especially Mentioned (OLEM),0,NA,NA
GHA-LN-11316,Meridian Credit Bank,Construction,Syndicated Loan,06/04/2025,5825000,34.58,45,Other Loans Especially Mentioned (OLEM),0,NA,NA
GHA-LN-11317,Zenith Frontier Bank,Commerce & Finance,SME Asset Financing,16/06/2025,3062000,32.02,15,Current,0,0.01,30620
GHA-LN-11318,Savannah National Bank,Commerce & Finance,Overdraft,14/11/2024,2929000,30.03,0,Current,0,0.01,29290
GHA-LN-11319,Zenith Frontier Bank,Agriculture,Term Loan,03/11/2023,757000,32.48,0,Current,0,0.01,7570
GHA-LN-11321,Savannah National Bank,Agriculture,Syndicated Loan,13/10/2023,5607000,34.4,75,Other Loans Especially Mentioned (OLEM),0,NA,NA
GHA-LN-11322,Savannah National Bank,Services,Overdraft,04/11/2025,7334000,35.79,0,Current,0,0.01,73340
GHA-LN-11323,Meridian Credit Bank,Commerce & Finance,SME Asset Financing,23/02/2026,5208000,32.79,75,Other Loans Especially Mentioned (OLEM),0,NA,NA
GHA-LN-11324,Alpha Bank Ghana,Commerce & Finance,SME Asset Financing,06/11/2025,1693000,35.12,0,Current,0,0.01,16930
GHA-LN-11325,Alpha Bank Ghana,Mining,Term Loan,11/07/2024,2244000,32.78,0,Current,0,0.01,22440
GHA-LN-11326,Meridian Credit Bank,Agriculture,Term Loan,10/01/2025,411000,28.11,45,Other Loans Especially Mentioned (OLEM),0,NA,NA
GHA-LN-11327,Savannah National Bank,Commerce & Finance,Syndicated Loan,12/04/2023,7176000,27.37,0,Current,0,0.01,71760
GHA-LN-11328,Beacon Trust Bank,Manufacturing,Overdraft,27/10/2023,879000,32.94,0,Current,0,0.01,8790
GHA-LN-11329,Alpha Bank Ghana,Unclassified,SME Asset Financing,30/09/2025,1965000,37.37,0,Current,0,0.01,19650
GHA-LN-11330,Alpha Bank Ghana,Commerce & Finance,Syndicated Loan,13/07/2022,6565000,34.99,0,Current,0,0.01,65650
GHA-LN-11331,Meridian Credit Bank,Services,Overdraft,29/11/2025,2383000,26.02,0,Current,0,0.01,23830
GHA-LN-11332,Meridian Credit Bank,Commerce & Finance,Overdraft,30/06/2022,1600000,27.03,0,Current,0,0.01,16000
GHA-LN-11333,Savannah National Bank,Agriculture,SME Asset Financing,22/06/2025,3126000,29.68,0,Current,0,0.01,31260
GHA-LN-11334,Savannah National Bank,Services,Overdraft,23/07/2025,323000,35.66,15,Current,0,0.01,3230
GHA-LN-11335,Savannah National Bank,Unclassified,Overdraft,03/07/2023,4003000,27.99,0,Current,0,0.01,40030
GHA-LN-11336,Savannah National Bank,Services,Syndicated Loan,16/04/2023,2491000,37.88,15,Current,0,0.01,24910
GHA-LN-11337,Zenith Frontier Bank,Services,Syndicated Loan,02/02/2025,1948000,27.04,45,Other Loans Especially Mentioned (OLEM),0,NA,NA
GHA-LN-11338,Zenith Frontier Bank,Construction,Term Loan,01/04/2025,4691000,26.55,0,Current,0,0.01,46910
GHA-LN-11339,Savannah National Bank,Commerce & Finance,Overdraft,19/03/2024,5235000,34.9,0,Current,0,0.01,52350
GHA-LN-11340,Savannah National Bank,Construction,Syndicated Loan,09/11/2025,3692000,31.8,15,Current,0,0.01,36920
GHA-LN-11341,Alpha Bank Ghana,Construction,Overdraft,07/06/2022,249000,30.56,45,Other Loans Especially Mentioned (OLEM),0,NA,NA
GHA-LN-11342,Zenith Frontier Bank,Manufacturing,Syndicated Loan,27/06/2023,1005000,30.58,0,Current,0,0.01,10050
GHA-LN-11343,Alpha Bank Ghana,Construction,Overdraft,27/06/2023,2473000,34.86,0,Current,0,0.01,24730
GHA-LN-11344,Alpha Bank Ghana,Commerce & Finance,Overdraft,26/11/2023,2969000,30.15,15,Current,0,0.01,29690
GHA-LN-11345,Zenith Frontier Bank,Services,Syndicated Loan,01/05/2023,1103000,26.72,0,Current,0,0.01,11030
GHA-LN-11346,Zenith Frontier Bank,Manufacturing,Overdraft,26/07/2024,3285000,31.17,0,Current,0,0.01,32850
GHA-LN-11347,Meridian Credit Bank,Commerce & Finance,SME Asset Financing,04/08/2022,3398000,34.26,0,Current,0,0.01,33980
GHA-LN-11348,Alpha Bank Ghana,Commerce & Finance,SME Asset Financing,06/11/2023,2098000,31.35,45,Other Loans Especially Mentioned (OLEM),0,NA,NA
GHA-LN-11349,Beacon Trust Bank,Commerce & Finance,SME Asset Financing,14/07/2023,3299000,37.85,0,Current,0,0.01,32990
GHA-LN-11350,Zenith Frontier Bank,Commerce & Finance,Term Loan,13/08/2023,5371000,37.98,0,Current,0,0.01,53710
GHA-LN-11351,Meridian Credit Bank,Manufacturing,Syndicated Loan,20/03/2022,4110000,29.96,0,Current,0,0.01,41100
GHA-LN-11352,Alpha Bank Ghana,Commerce & Finance,SME Asset Financing,10/03/2025,6803000,35.9,120,Substandard,1,0.2,1360600
GHA-LN-11353,Savannah National Bank,Commerce & Finance,SME Asset Financing,19/03/2025,4981000,28.01,0,Current,0,0.01,49810
GHA-LN-11354,Savannah National Bank,Agriculture,Syndicated Loan,03/02/2025,6281000,30.54,0,Current,0,0.01,62810
GHA-LN-11355,Beacon Trust Bank,Mining,SME Asset Financing,15/05/2023,6925000,30.99,15,Current,0,0.01,69250
GHA-LN-11356,Savannah National Bank,Commerce & Finance,Term Loan,25/01/2026,259000,30.12,0,Current,0,0.01,2590
GHA-LN-11357,Beacon Trust Bank,Commerce & Finance,Syndicated Loan,29/10/2024,3039000,34.64,15,Current,0,0.01,30390
GHA-LN-11358,Savannah National Bank,Mining,SME Asset Financing,07/08/2023,3985000,36.85,0,Current,0,0.01,39850
GHA-LN-11359,Savannah National Bank,Services,Overdraft,26/10/2023,377000,32.24,15,Current,0,0.01,3770
GHA-LN-11360,Beacon Trust Bank,Commerce & Finance,Syndicated Loan,11/03/2023,6272000,29.08,0,Current,0,0.01,62720
GHA-LN-11361,Meridian Credit Bank,Commerce & Finance,Term Loan,01/10/2025,1825000,27.1,0,Current,0,0.01,18250
GHA-LN-11362,Beacon Trust Bank,Manufacturing,Syndicated Loan,02/12/2025,1632000,30.46,0,Current,0,0.01,16320
GHA-LN-11363,Zenith Frontier Bank,Services,Syndicated Loan,14/02/2022,6529000,34.21,0,Current,0,0.01,65290
GHA-LN-11364,Savannah National Bank,Construction,Term Loan,01/08/2025,6579000,27.8,0,Current,0,0.01,65790
GHA-LN-11365,Zenith Frontier Bank,Services,Syndicated Loan,03/02/2025,1400000,30.14,0,Current,0,0.01,14000
GHA-LN-11366,Zenith Frontier Bank,Construction,Syndicated Loan,15/01/2023,3708000,37.62,15,Current,0,0.01,37080
GHA-LN-11367,Alpha Bank Ghana,Construction,SME Asset Financing,23/06/2023,6153000,36.06,0,Current,0,0.01,61530
GHA-LN-11368,Savannah National Bank,Manufacturing,SME Asset Financing,09/02/2026,1813000,32.37,15,Current,0,0.01,18130
GHA-LN-11369,Zenith Frontier Bank,Commerce & Finance,Overdraft,15/05/2024,2741000,29.81,0,Current,0,0.01,27410
GHA-LN-11370,Beacon Trust Bank,Commerce & Finance,Overdraft,29/05/2024,6792000,33.37,75,Other Loans Especially Mentioned (OLEM),0,NA,NA
GHA-LN-11371,Zenith Frontier Bank,Commerce & Finance,Term Loan,30/09/2024,6300000,33.69,15,Current,0,0.01,63000
GHA-LN-11373,Savannah National Bank,Construction,Term Loan,04/05/2024,4616000,29.62,0,Current,0,0.01,46160
GHA-LN-11374,Savannah National Bank,Construction,Term Loan,19/04/2025,3421000,34.9,15,Current,0,0.01,34210
GHA-LN-11375,Beacon Trust Bank,Mining,Term Loan,06/11/2025,3243000,26.37,45,Other Loans Especially Mentioned (OLEM),0,NA,NA
GHA-LN-11376,Savannah National Bank,Agriculture,Term Loan,21/07/2024,3893000,31.98,210,Doubtful,1,0.5,1946500
GHA-LN-11377,Beacon Trust Bank,Construction,Term Loan,08/08/2023,3616000,30.39,0,Current,0,0.01,36160
GHA-LN-11378,Zenith Frontier Bank,Commerce & Finance,SME Asset Financing,06/09/2022,4666000,32.94,0,Current,0,0.01,46660
GHA-LN-11379,Beacon Trust Bank,Manufacturing,Term Loan,05/08/2022,803000,34.64,0,Current,0,0.01,8030
GHA-LN-11380,Meridian Credit Bank,Manufacturing,Syndicated Loan,02/06/2023,4443000,27.53,210,Doubtful,1,0.5,2221500
GHA-LN-11381,Alpha Bank Ghana,Manufacturing,SME Asset Financing,05/03/2025,908000,30.51,0,Current,0,0.01,9080
GHA-LN-11382,Zenith Frontier Bank,Commerce & Finance,SME Asset Financing,05/09/2024,5472000,30.44,0,Current,0,0.01,54720
GHA-LN-11383,Savannah National Bank,Manufacturing,Term Loan,19/08/2023,2350000,28.67,0,Current,0,0.01,23500
GHA-LN-11384,Meridian Credit Bank,Services,Overdraft,28/01/2022,4727000,33,0,Current,0,0.01,47270
GHA-LN-11385,Alpha Bank Ghana,Unclassified,Term Loan,04/02/2024,500000,35.35,0,Current,0,0.01,5000
GHA-LN-11386,Zenith Frontier Bank,Services,SME Asset Financing,15/04/2024,148000,31.93,0,Current,0,0.01,1480
GHA-LN-11387,Zenith Frontier Bank,Construction,SME Asset Financing,20/06/2023,3803000,37.82,120,Substandard,1,0.2,760600
GHA-LN-11388,Zenith Frontier Bank,Services,Syndicated Loan,20/04/2023,3226000,28.84,0,Current,0,0.01,32260
GHA-LN-11389,Meridian Credit Bank,Services,Syndicated Loan,17/12/2025,4914000,31.21,0,Current,0,0.01,49140
GHA-LN-11390,Savannah National Bank,Manufacturing,SME Asset Financing,27/11/2024,1957000,28.1,0,Current,0,0.01,19570
GHA-LN-11391,Beacon Trust Bank,Manufacturing,Term Loan,15/06/2022,1270000,32.77,0,Current,0,0.01,12700
GHA-LN-11392,Alpha Bank Ghana,Construction,Overdraft,07/01/2026,7228000,35.88,0,Current,0,0.01,72280
GHA-LN-11393,Meridian Credit Bank,Agriculture,SME Asset Financing,15/07/2025,3301000,37.85,0,Current,0,0.01,33010
GHA-LN-11394,Savannah National Bank,Manufacturing,SME Asset Financing,17/05/2023,530000,37.28,0,Current,0,0.01,5300
GHA-LN-11395,Alpha Bank Ghana,Services,SME Asset Financing,12/11/2024,6590000,32.18,0,Current,0,0.01,65900
GHA-LN-11396,Savannah National Bank,Services,Overdraft,30/07/2024,3590000,31.63,0,Current,0,0.01,35900
GHA-LN-11397,Zenith Frontier Bank,Construction,Overdraft,09/02/2025,2339000,28.35,0,Current,0,0.01,23390
GHA-LN-11398,Zenith Frontier Bank,Manufacturing,SME Asset Financing,28/10/2024,3416000,37.84,0,Current,0,0.01,34160
GHA-LN-11399,Beacon Trust Bank,Commerce & Finance,SME Asset Financing,20/05/2024,3266000,26.34,0,Current,0,0.01,32660
GHA-LN-11400,Meridian Credit Bank,Services,Overdraft,15/06/2023,5177000,33.39,75,Other Loans Especially Mentioned (OLEM),0,NA,NA
GHA-LN-11401,Alpha Bank Ghana,Agriculture,SME Asset Financing,14/10/2025,6569000,29.83,15,Current,0,0.01,65690
GHA-LN-11402,Alpha Bank Ghana,Mining,Term Loan,05/08/2025,3953000,35.55,0,Current,0,0.01,39530
GHA-LN-11403,Meridian Credit Bank,Agriculture,Overdraft,19/02/2025,847000,35.88,0,Current,0,0.01,8470
GHA-LN-11404,Meridian Credit Bank,Services,Syndicated Loan,08/08/2025,2844000,26.73,120,Substandard,1,0.2,568800
GHA-LN-11405,Alpha Bank Ghana,Construction,SME Asset Financing,13/12/2024,251000,30.02,0,Current,0,0.01,2510
GHA-LN-11406,Zenith Frontier Bank,Commerce & Finance,Term Loan,04/04/2023,2329000,37.66,0,Current,0,0.01,23290
GHA-LN-11407,Savannah National Bank,Construction,Syndicated Loan,05/09/2024,7336000,29.86,0,Current,0,0.01,73360
GHA-LN-11408,Savannah National Bank,Commerce & Finance,Syndicated Loan,07/12/2023,6959000,32.37,120,Substandard,1,0.2,1391800
GHA-LN-11409,Zenith Frontier Bank,Unclassified,Overdraft,29/04/2023,6508000,36.31,75,Other Loans Especially Mentioned (OLEM),0,NA,NA
GHA-LN-11410,Meridian Credit Bank,Manufacturing,SME Asset Financing,13/04/2023,6610000,28.8,0,Current,0,0.01,66100
GHA-LN-11411,Beacon Trust Bank,Manufacturing,Overdraft,07/01/2025,1725000,27.75,0,Current,0,0.01,17250
GHA-LN-11412,Beacon Trust Bank,Unclassified,Syndicated Loan,11/11/2024,5382000,30.23,0,Current,0,0.01,53820
GHA-LN-11413,Alpha Bank Ghana,Manufacturing,SME Asset Financing,26/09/2025,66000,26.59,0,Current,0,0.01,660
GHA-LN-11414,Meridian Credit Bank,Construction,SME Asset Financing,10/05/2025,77000,35.71,120,Substandard,1,0.2,15400
GHA-LN-11415,Meridian Credit Bank,Services,Syndicated Loan,04/05/2024,3678000,32.82,210,Doubtful,1,0.5,1839000
GHA-LN-11416,Alpha Bank Ghana,Manufacturing,Overdraft,12/03/2025,7274000,29.53,15,Current,0,0.01,72740
GHA-LN-11417,Savannah National Bank,Commerce & Finance,Overdraft,08/11/2025,7354000,29.85,0,Current,0,0.01,73540
GHA-LN-11418,Alpha Bank Ghana,Commerce & Finance,Syndicated Loan,25/11/2025,791000,26.13,0,Current,0,0.01,7910
GHA-LN-11419,Beacon Trust Bank,Services,Syndicated Loan,28/07/2025,4395000,34.31,15,Current,0,0.01,43950
GHA-LN-11420,Alpha Bank Ghana,Manufacturing,Syndicated Loan,24/05/2025,4335000,33.53,0,Current,0,0.01,43350
GHA-LN-11421,Zenith Frontier Bank,Construction,Syndicated Loan,15/04/2022,5170000,26.21,0,Current,0,0.01,51700
GHA-LN-11422,Zenith Frontier Bank,Construction,Term Loan,13/03/2025,3939000,29.06,15,Current,0,0.01,39390
GHA-LN-11423,Savannah National Bank,Services,Term Loan,06/12/2024,6614000,28.93,15,Current,0,0.01,66140
GHA-LN-11424,Beacon Trust Bank,Construction,Term Loan,20/12/2022,4578000,35.65,0,Current,0,0.01,45780
GHA-LN-11425,Beacon Trust Bank,Commerce & Finance,Syndicated Loan,04/10/2025,1411000,36.23,45,Other Loans Especially Mentioned (OLEM),0,NA,NA
GHA-LN-11426,Beacon Trust Bank,Manufacturing,Term Loan,11/01/2025,5650000,37.13,0,Current,0,0.01,56500
GHA-LN-11427,Savannah National Bank,Construction,Syndicated Loan,01/04/2023,6938000,27.26,75,Other Loans Especially Mentioned (OLEM),0,NA,NA
GHA-LN-11428,Meridian Credit Bank,Manufacturing,Overdraft,26/05/2025,3407000,28.97,0,Current,0,0.01,34070
GHA-LN-11429,Alpha Bank Ghana,Manufacturing,SME Asset Financing,21/03/2022,4195000,33.98,0,Current,0,0.01,41950
GHA-LN-11430,Beacon Trust Bank,Commerce & Finance,Overdraft,15/03/2022,5852000,32.44,45,Other Loans Especially Mentioned (OLEM),0,NA,NA
GHA-LN-11431,Meridian Credit Bank,Commerce & Finance,Syndicated Loan,08/02/2024,4942000,33.19,0,Current,0,0.01,49420
GHA-LN-11432,Meridian Credit Bank,Construction,Syndicated Loan,07/06/2023,3740000,37.23,0,Current,0,0.01,37400
GHA-LN-11433,Alpha Bank Ghana,Services,SME Asset Financing,21/04/2025,6596000,26.57,120,Substandard,1,0.2,1319200
GHA-LN-11434,Savannah National Bank,Commerce & Finance,Syndicated Loan,03/10/2022,271000,34.51,0,Current,0,0.01,2710
GHA-LN-11435,Meridian Credit Bank,Manufacturing,Syndicated Loan,21/05/2022,3475000,36.14,0,Current,0,0.01,34750
GHA-LN-11436,Meridian Credit Bank,Mining,SME Asset Financing,16/01/2026,5685000,30.1,0,Current,0,0.01,56850
GHA-LN-11437,Savannah National Bank,Mining,Overdraft,25/12/2024,5050000,33.58,0,Current,0,0.01,50500
GHA-LN-11438,Beacon Trust Bank,Commerce & Finance,SME Asset Financing,15/07/2024,279000,37.69,120,Substandard,1,0.2,55800
GHA-LN-11439,Beacon Trust Bank,Agriculture,SME Asset Financing,26/03/2023,4667000,34.31,0,Current,0,0.01,46670
GHA-LN-11440,Beacon Trust Bank,Commerce & Finance,SME Asset Financing,25/12/2025,1968000,29.2,45,Other Loans Especially Mentioned (OLEM),0,NA,NA
GHA-LN-11441,Beacon Trust Bank,Commerce & Finance,Syndicated Loan,10/08/2022,317000,30.87,45,Other Loans Especially Mentioned (OLEM),0,NA,NA
GHA-LN-11442,Savannah National Bank,Construction,SME Asset Financing,27/04/2024,7236000,35.3,0,Current,0,0.01,72360
GHA-LN-11443,Savannah National Bank,Mining,Overdraft,21/11/2023,3459000,30.38,0,Current,0,0.01,34590
GHA-LN-11444,Zenith Frontier Bank,Services,SME Asset Financing,05/06/2024,5172000,31.85,0,Current,0,0.01,51720
GHA-LN-11445,Savannah National Bank,Agriculture,Term Loan,25/06/2022,7251000,35.2,120,Substandard,1,0.2,1450200
GHA-LN-11446,Beacon Trust Bank,Commerce & Finance,SME Asset Financing,28/10/2024,5968000,27.52,15,Current,0,0.01,59680
GHA-LN-11447,Savannah National Bank,Manufacturing,Syndicated Loan,25/01/2024,6361000,37.89,0,Current,0,0.01,63610
GHA-LN-11448,Savannah National Bank,Agriculture,Overdraft,20/09/2024,2449000,29.07,0,Current,0,0.01,24490
GHA-LN-11449,Alpha Bank Ghana,Manufacturing,Term Loan,15/04/2022,3762000,28.49,0,Current,0,0.01,37620
GHA-LN-11450,Savannah National Bank,Agriculture,Term Loan,02/01/2025,1663000,30.87,15,Current,0,0.01,16630
GHA-LN-11451,Savannah National Bank,Services,Syndicated Loan,26/02/2023,7416000,34.82,0,Current,0,0.01,74160
GHA-LN-11452,Savannah National Bank,Mining,Term Loan,23/06/2022,1217000,26.77,0,Current,0,0.01,12170
GHA-LN-11453,Alpha Bank Ghana,Construction,SME Asset Financing,17/02/2026,4141000,36.43,45,Other Loans Especially Mentioned (OLEM),0,NA,NA
GHA-LN-11454,Savannah National Bank,Commerce & Finance,Term Loan,07/12/2022,4933000,27.33,120,Substandard,1,0.2,986600
GHA-LN-11455,Zenith Frontier Bank,Construction,SME Asset Financing,14/02/2022,3348000,37.58,210,Doubtful,1,0.5,1674000
GHA-LN-11456,Meridian Credit Bank,Commerce & Finance,Term Loan,02/12/2022,3743000,36.62,75,Other Loans Especially Mentioned (OLEM),0,NA,NA
GHA-LN-11457,Beacon Trust Bank,Services,Syndicated Loan,20/01/2022,748000,31.86,0,Current,0,0.01,7480
GHA-LN-11458,Zenith Frontier Bank,Construction,Syndicated Loan,18/06/2022,2903000,28.78,0,Current,0,0.01,29030
GHA-LN-11459,Meridian Credit Bank,Manufacturing,Syndicated Loan,04/05/2023,7496000,34.34,0,Current,0,0.01,74960
GHA-LN-11460,Beacon Trust Bank,Manufacturing,SME Asset Financing,19/05/2025,5784000,34.62,0,Current,0,0.01,57840
GHA-LN-11461,Savannah National Bank,Commerce & Finance,Overdraft,29/04/2022,1708000,28.08,45,Other Loans Especially Mentioned (OLEM),0,NA,NA
GHA-LN-11462,Meridian Credit Bank,Agriculture,Syndicated Loan,14/09/2024,221000,36.02,0,Current,0,0.01,2210
GHA-LN-11463,Alpha Bank Ghana,Agriculture,Term Loan,08/09/2025,624000,34.73,0,Current,0,0.01,6240
GHA-LN-11464,Beacon Trust Bank,Manufacturing,SME Asset Financing,26/01/2022,2773000,27.04,45,Other Loans Especially Mentioned (OLEM),0,NA,NA
GHA-LN-11465,Meridian Credit Bank,Services,Term Loan,20/06/2023,6899000,32.16,0,Current,0,0.01,68990
GHA-LN-11466,Alpha Bank Ghana,Commerce & Finance,SME Asset Financing,12/06/2024,5106000,37.88,75,Other Loans Especially Mentioned (OLEM),0,NA,NA
GHA-LN-11467,Zenith Frontier Bank,Commerce & Finance,Term Loan,10/12/2025,4050000,37.51,0,Current,0,0.01,40500
GHA-LN-11468,Zenith Frontier Bank,Commerce & Finance,Overdraft,18/04/2025,7137000,32.95,15,Current,0,0.01,71370
GHA-LN-11469,Alpha Bank Ghana,Services,SME Asset Financing,27/10/2024,5778000,33.05,0,Current,0,0.01,57780
GHA-LN-11470,Zenith Frontier Bank,Manufacturing,Syndicated Loan,13/09/2025,1527000,36.4,75,Other Loans Especially Mentioned (OLEM),0,NA,NA
GHA-LN-11471,Alpha Bank Ghana,Manufacturing,Overdraft,28/08/2024,5068000,32.37,75,Other Loans Especially Mentioned (OLEM),0,NA,NA
GHA-LN-11472,Meridian Credit Bank,Agriculture,Syndicated Loan,22/12/2024,871000,28.55,0,Current,0,0.01,8710
GHA-LN-11473,Zenith Frontier Bank,Construction,Overdraft,25/11/2024,4585000,28.58,0,Current,0,0.01,45850
GHA-LN-11474,Meridian Credit Bank,Construction,Overdraft,11/01/2024,5259000,26.85,120,Substandard,1,0.2,1051800
GHA-LN-11475,Alpha Bank Ghana,Commerce & Finance,SME Asset Financing,19/01/2023,5897000,28.5,0,Current,0,0.01,58970
GHA-LN-11476,Beacon Trust Bank,Commerce & Finance,Term Loan,25/03/2025,2891000,34.52,0,Current,0,0.01,28910
GHA-LN-11477,Beacon Trust Bank,Manufacturing,Overdraft,08/11/2022,3300000,36.67,0,Current,0,0.01,33000
GHA-LN-11478,Alpha Bank Ghana,Services,SME Asset Financing,26/02/2024,2849000,31.03,0,Current,0,0.01,28490
GHA-LN-11479,Meridian Credit Bank,Services,Overdraft,02/04/2022,1389000,33.46,0,Current,0,0.01,13890
GHA-LN-11480,Savannah National Bank,Agriculture,Term Loan,28/11/2022,456000,36.65,0,Current,0,0.01,4560
GHA-LN-11481,Beacon Trust Bank,Services,SME Asset Financing,07/07/2025,4046000,37.82,0,Current,0,0.01,40460
GHA-LN-11482,Meridian Credit Bank,Commerce & Finance,Syndicated Loan,10/08/2023,5611000,26.95,45,Other Loans Especially Mentioned (OLEM),0,NA,NA
GHA-LN-11483,Beacon Trust Bank,Commerce & Finance,Syndicated Loan,21/10/2024,6051000,29.31,0,Current,0,0.01,60510
GHA-LN-11484,Meridian Credit Bank,Commerce & Finance,Term Loan,14/09/2023,5237000,36.34,0,Current,0,0.01,52370
GHA-LN-11485,Beacon Trust Bank,Commerce & Finance,SME Asset Financing,10/04/2024,3953000,26.1,0,Current,0,0.01,39530
GHA-LN-11486,Savannah National Bank,Manufacturing,Syndicated Loan,07/09/2023,4596000,30.98,0,Current,0,0.01,45960
GHA-LN-11487,Beacon Trust Bank,Manufacturing,Term Loan,17/04/2025,60000,37.18,75,Other Loans Especially Mentioned (OLEM),0,NA,NA
GHA-LN-11488,Zenith Frontier Bank,Services,Term Loan,04/05/2025,2273000,26.33,45,Other Loans Especially Mentioned (OLEM),0,NA,NA
GHA-LN-11489,Meridian Credit Bank,Commerce & Finance,Syndicated Loan,19/11/2023,3478000,37.18,45,Other Loans Especially Mentioned (OLEM),0,NA,NA
GHA-LN-11490,Beacon Trust Bank,Manufacturing,Syndicated Loan,15/03/2024,1965000,35.29,0,Current,0,0.01,19650
GHA-LN-11491,Zenith Frontier Bank,Commerce & Finance,Syndicated Loan,01/04/2023,2304000,31.46,0,Current,0,0.01,23040
GHA-LN-11492,Meridian Credit Bank,Commerce & Finance,SME Asset Financing,03/05/2023,2693000,33,0,Current,0,0.01,26930
GHA-LN-11493,Beacon Trust Bank,Construction,Syndicated Loan,13/06/2025,5418000,26.59,0,Current,0,0.01,54180
GHA-LN-11494,Savannah National Bank,Services,Syndicated Loan,09/05/2023,5629000,29.79,75,Other Loans Especially Mentioned (OLEM),0,NA,NA
GHA-LN-11495,Zenith Frontier Bank,Services,Syndicated Loan,16/04/2025,5674000,31.07,0,Current,0,0.01,56740
GHA-LN-11496,Zenith Frontier Bank,Commerce & Finance,Overdraft,09/05/2022,2148000,27.47,0,Current,0,0.01,21480
GHA-LN-11497,Meridian Credit Bank,Manufacturing,Syndicated Loan,22/03/2024,6017000,30.25,0,Current,0,0.01,60170
GHA-LN-11498,Savannah National Bank,Commerce & Finance,Term Loan,29/06/2023,1455000,31.11,0,Current,0,0.01,14550
GHA-LN-11499,Alpha Bank Ghana,Agriculture,Overdraft,27/08/2022,5646000,30.87,0,Current,0,0.01,56460
GHA-LN-11500,Savannah National Bank,Commerce & Finance,Syndicated Loan,13/02/2026,3841000,29.66,15,Current,0,0.01,38410
GHA-LN-11501,Zenith Frontier Bank,Manufacturing,SME Asset Financing,03/08/2022,605000,30.21,75,Other Loans Especially Mentioned (OLEM),0,NA,NA
GHA-LN-11502,Savannah National Bank,Agriculture,Syndicated Loan,03/04/2024,1755000,31.8,0,Current,0,0.01,17550
GHA-LN-11503,Savannah National Bank,Manufacturing,Overdraft,25/05/2024,7398000,32.17,0,Current,0,0.01,73980
GHA-LN-11504,Alpha Bank Ghana,Agriculture,Syndicated Loan,17/04/2023,695000,33.66,0,Current,0,0.01,6950
GHA-LN-11505,Alpha Bank Ghana,Commerce & Finance,SME Asset Financing,26/08/2024,6721000,35.29,0,Current,0,0.01,67210
GHA-LN-11506,Savannah National Bank,Commerce & Finance,Overdraft,05/10/2022,5793000,33.12,15,Current,0,0.01,57930
GHA-LN-11507,Beacon Trust Bank,Commerce & Finance,Syndicated Loan,06/01/2022,5706000,35.5,0,Current,0,0.01,57060
GHA-LN-11508,Savannah National Bank,Services,Syndicated Loan,13/04/2022,6804000,31.04,15,Current,0,0.01,68040
GHA-LN-11509,Beacon Trust Bank,Commerce & Finance,Overdraft,16/02/2024,312000,29.1,0,Current,0,0.01,3120
GHA-LN-11510,Beacon Trust Bank,Commerce & Finance,Overdraft,26/02/2022,5167000,33.7,0,Current,0,0.01,51670
GHA-LN-11511,Beacon Trust Bank,Manufacturing,SME Asset Financing,01/08/2025,1683000,31.67,0,Current,0,0.01,16830
GHA-LN-11512,Zenith Frontier Bank,Agriculture,Overdraft,02/04/2023,3499000,34.66,0,Current,0,0.01,34990
GHA-LN-11513,Meridian Credit Bank,Commerce & Finance,Syndicated Loan,03/10/2023,46170000,32.68,15,Current,0,0.01,461700
GHA-LN-11514,Meridian Credit Bank,Manufacturing,Overdraft,07/06/2022,4852000,28.11,120,Substandard,1,0.2,970400
GHA-LN-11515,Savannah National Bank,Manufacturing,Overdraft,25/02/2025,1027000,26.07,75,Other Loans Especially Mentioned (OLEM),0,NA,NA
GHA-LN-11516,Savannah National Bank,Services,Syndicated Loan,27/05/2023,4784000,27.23,0,Current,0,0.01,47840
GHA-LN-11517,Meridian Credit Bank,Commerce & Finance,Term Loan,01/07/2023,837000,37.21,0,Current,0,0.01,8370
GHA-LN-11518,Meridian Credit Bank,Construction,Term Loan,30/12/2022,6140000,26.07,0,Current,0,0.01,61400
GHA-LN-11519,Beacon Trust Bank,Manufacturing,Overdraft,09/08/2024,1831000,27.24,0,Current,0,0.01,18310
GHA-LN-11520,Zenith Frontier Bank,Commerce & Finance,Overdraft,05/01/2022,5733000,35.45,15,Current,0,0.01,57330
GHA-LN-11521,Beacon Trust Bank,Agriculture,SME Asset Financing,07/10/2023,4518000,36.39,0,Current,0,0.01,45180
GHA-LN-11522,Zenith Frontier Bank,Services,Term Loan,19/12/2024,275000,37.32,0,Current,0,0.01,2750
GHA-LN-11523,Beacon Trust Bank,Manufacturing,Term Loan,24/11/2022,6202000,31.12,0,Current,0,0.01,62020
GHA-LN-11524,Savannah National Bank,Services,SME Asset Financing,09/08/2022,2543000,34.02,0,Current,0,0.01,25430
GHA-LN-11525,Beacon Trust Bank,Services,Term Loan,26/02/2026,4692000,37.26,0,Current,0,0.01,46920
GHA-LN-11526,Meridian Credit Bank,Unclassified,Term Loan,11/05/2025,2213000,34.46,0,Current,0,0.01,22130
GHA-LN-11527,Beacon Trust Bank,Manufacturing,Term Loan,19/08/2022,7143000,37.92,45,Other Loans Especially Mentioned (OLEM),0,NA,NA
GHA-LN-11528,Alpha Bank Ghana,Commerce & Finance,Syndicated Loan,15/07/2022,1438000,37.27,0,Current,0,0.01,14380
GHA-LN-11529,Zenith Frontier Bank,Commerce & Finance,Syndicated Loan,06/05/2025,4135000,32.11,0,Current,0,0.01,41350
GHA-LN-11531,Beacon Trust Bank,Commerce & Finance,SME Asset Financing,03/01/2025,2213000,29.51,0,Current,0,0.01,22130
GHA-LN-11532,Alpha Bank Ghana,Agriculture,Term Loan,19/11/2025,6514000,34.83,0,Current,0,0.01,65140
GHA-LN-11533,Savannah National Bank,Services,Syndicated Loan,16/08/2022,5310000,33.92,0,Current,0,0.01,53100
GHA-LN-11534,Alpha Bank Ghana,Agriculture,SME Asset Financing,27/06/2023,2595000,27.62,15,Current,0,0.01,25950
GHA-LN-11535,Savannah National Bank,Commerce & Finance,Overdraft,04/05/2023,6349000,35.7,0,Current,0,0.01,63490
GHA-LN-11536,Savannah National Bank,Agriculture,SME Asset Financing,27/05/2024,3423000,31.74,0,Current,0,0.01,34230
GHA-LN-11537,Beacon Trust Bank,Mining,Syndicated Loan,06/04/2025,169000,36.91,0,Current,0,0.01,1690
GHA-LN-11538,Savannah National Bank,Agriculture,Overdraft,23/06/2022,3547000,27.73,0,Current,0,0.01,35470
GHA-LN-11539,Alpha Bank Ghana,Manufacturing,SME Asset Financing,28/09/2022,1254000,26.61,0,Current,0,0.01,12540
GHA-LN-11540,Zenith Frontier Bank,Commerce & Finance,Term Loan,13/08/2022,755000,35.18,0,Current,0,0.01,7550
GHA-LN-11541,Meridian Credit Bank,Agriculture,Term Loan,02/05/2023,1915000,31.45,45,Other Loans Especially Mentioned (OLEM),0,NA,NA
GHA-LN-11542,Zenith Frontier Bank,Commerce & Finance,Overdraft,30/07/2025,3104000,33.33,0,Current,0,0.01,31040
GHA-LN-11543,Alpha Bank Ghana,Services,Overdraft,09/10/2023,6389000,31.58,15,Current,0,0.01,63890
GHA-LN-11544,Beacon Trust Bank,Services,SME Asset Financing,07/03/2022,5347000,26.13,0,Current,0,0.01,53470
GHA-LN-11545,Zenith Frontier Bank,Manufacturing,Term Loan,16/12/2022,3819000,31.59,210,Doubtful,1,0.5,1909500
GHA-LN-11546,Savannah National Bank,Manufacturing,SME Asset Financing,26/07/2024,5615000,36.17,0,Current,0,0.01,56150
GHA-LN-11547,Zenith Frontier Bank,Unclassified,Term Loan,13/09/2024,1775000,32.55,0,Current,0,0.01,17750
GHA-LN-11548,Meridian Credit Bank,Commerce & Finance,SME Asset Financing,14/02/2025,6480000,32.39,0,Current,0,0.01,64800
GHA-LN-11549,Savannah National Bank,Services,SME Asset Financing,11/03/2024,3267000,27.44,0,Current,0,0.01,32670
GHA-LN-11550,Meridian Credit Bank,Manufacturing,Overdraft,06/09/2025,5318000,36.32,15,Current,0,0.01,53180
GHA-LN-11551,Zenith Frontier Bank,Manufacturing,Overdraft,31/10/2022,6881000,36.8,0,Current,0,0.01,68810
GHA-LN-11552,Beacon Trust Bank,Commerce & Finance,Overdraft,20/04/2025,1734000,35.92,0,Current,0,0.01,17340
GHA-LN-11553,Savannah National Bank,Construction,Term Loan,25/06/2022,220000,26.82,0,Current,0,0.01,2200
GHA-LN-11554,Meridian Credit Bank,Services,SME Asset Financing,02/04/2025,4432000,37.11,45,Other Loans Especially Mentioned (OLEM),0,NA,NA
GHA-LN-11555,Meridian Credit Bank,Manufacturing,SME Asset Financing,14/03/2022,5610000,36.05,75,Other Loans Especially Mentioned (OLEM),0,NA,NA
GHA-LN-11556,Savannah National Bank,Commerce & Finance,Term Loan,10/07/2025,2749000,32.43,0,Current,0,0.01,27490
GHA-LN-11557,Alpha Bank Ghana,Construction,Term Loan,09/02/2024,2024000,37.12,0,Current,0,0.01,20240
GHA-LN-11558,Savannah National Bank,Commerce & Finance,SME Asset Financing,10/10/2024,3093000,26.32,0,Current,0,0.01,30930
GHA-LN-11559,Meridian Credit Bank,Services,Syndicated Loan,15/07/2024,4386000,30.12,0,Current,0,0.01,43860
GHA-LN-11560,Meridian Credit Bank,Commerce & Finance,Term Loan,20/12/2023,4796000,33.92,15,Current,0,0.01,47960
GHA-LN-11561,Beacon Trust Bank,Services,SME Asset Financing,22/01/2026,5416000,30.21,0,Current,0,0.01,54160
GHA-LN-11562,Beacon Trust Bank,Construction,Syndicated Loan,01/01/2023,3731000,32.37,120,Substandard,1,0.2,746200
GHA-LN-11563,Meridian Credit Bank,Commerce & Finance,SME Asset Financing,22/07/2023,7489000,32.74,15,Current,0,0.01,74890
GHA-LN-11564,Zenith Frontier Bank,Commerce & Finance,SME Asset Financing,28/05/2022,525000,31.96,210,Doubtful,1,0.5,262500
GHA-LN-11565,Savannah National Bank,Services,Syndicated Loan,30/06/2024,2294000,36.05,0,Current,0,0.01,22940
GHA-LN-11566,Meridian Credit Bank,Construction,SME Asset Financing,05/07/2023,7144000,29.23,0,Current,0,0.01,71440
GHA-LN-11567,Savannah National Bank,Services,Syndicated Loan,01/10/2024,814000,32.62,0,Current,0,0.01,8140
GHA-LN-11568,Zenith Frontier Bank,Services,Syndicated Loan,18/06/2025,3987000,30.55,0,Current,0,0.01,39870
GHA-LN-11569,Zenith Frontier Bank,Commerce & Finance,Term Loan,04/12/2023,554000,35.79,15,Current,0,0.01,5540
GHA-LN-11570,Savannah National Bank,Manufacturing,Overdraft,26/06/2025,4009000,33.35,45,Other Loans Especially Mentioned (OLEM),0,NA,NA
GHA-LN-11571,Alpha Bank Ghana,Manufacturing,Term Loan,02/09/2024,5606000,34.54,0,Current,0,0.01,56060
GHA-LN-11572,Savannah National Bank,Commerce & Finance,Syndicated Loan,03/09/2023,4913000,34.69,15,Current,0,0.01,49130
GHA-LN-11573,Beacon Trust Bank,Manufacturing,Overdraft,06/04/2022,740000,37.19,0,Current,0,0.01,7400
GHA-LN-11574,Beacon Trust Bank,Services,SME Asset Financing,05/08/2023,1782000,30.25,15,Current,0,0.01,17820
GHA-LN-11575,Meridian Credit Bank,Commerce & Finance,Syndicated Loan,24/01/2026,3549000,32.7,0,Current,0,0.01,35490
GHA-LN-11576,Savannah National Bank,Services,Overdraft,21/02/2023,6119000,31.56,210,Doubtful,1,0.5,3059500
GHA-LN-11577,Beacon Trust Bank,Services,Overdraft,16/04/2025,2625000,32.42,15,Current,0,0.01,26250
GHA-LN-11578,Zenith Frontier Bank,Services,Term Loan,24/01/2023,7396000,26.56,0,Current,0,0.01,73960
GHA-LN-11579,Meridian Credit Bank,Manufacturing,Overdraft,29/09/2022,6175000,27.81,45,Other Loans Especially Mentioned (OLEM),0,NA,NA
GHA-LN-11580,Savannah National Bank,Services,SME Asset Financing,12/04/2025,3382000,34.9,120,Substandard,1,0.2,676400
GHA-LN-11581,Alpha Bank Ghana,Manufacturing,Syndicated Loan,16/11/2023,7473000,28.36,45,Other Loans Especially Mentioned (OLEM),0,NA,NA
GHA-LN-11582,Alpha Bank Ghana,Agriculture,Syndicated Loan,11/09/2025,6785000,36.93,0,Current,0,0.01,67850
GHA-LN-11583,Beacon Trust Bank,Manufacturing,Syndicated Loan,04/12/2022,450000,27.59,0,Current,0,0.01,4500
GHA-LN-11584,Zenith Frontier Bank,Commerce & Finance,Term Loan,29/06/2024,6157000,32.44,0,Current,0,0.01,61570
GHA-LN-11585,Beacon Trust Bank,Commerce & Finance,Overdraft,04/05/2025,276000,29.86,15,Current,0,0.01,2760
GHA-LN-11586,Alpha Bank Ghana,Commerce & Finance,SME Asset Financing,18/03/2024,3068000,34.45,45,Other Loans Especially Mentioned (OLEM),0,NA,NA
GHA-LN-11587,Beacon Trust Bank,Mining,Syndicated Loan,27/09/2025,3319000,37.59,0,Current,0,0.01,33190
GHA-LN-11588,Savannah National Bank,Commerce & Finance,Term Loan,28/03/2022,2247000,29.08,0,Current,0,0.01,22470
GHA-LN-11589,Meridian Credit Bank,Manufacturing,Overdraft,11/12/2022,5219000,32.31,0,Current,0,0.01,52190
GHA-LN-11590,Zenith Frontier Bank,Manufacturing,Term Loan,05/11/2022,185000,35.32,0,Current,0,0.01,1850
GHA-LN-11591,Alpha Bank Ghana,Commerce & Finance,SME Asset Financing,03/11/2022,6016000,32.42,0,Current,0,0.01,60160
GHA-LN-11592,Beacon Trust Bank,Manufacturing,SME Asset Financing,13/01/2023,2510000,34.71,45,Other Loans Especially Mentioned (OLEM),0,NA,NA
GHA-LN-11593,Alpha Bank Ghana,Agriculture,SME Asset Financing,26/10/2025,2055000,30.49,0,Current,0,0.01,20550
GHA-LN-11594,Zenith Frontier Bank,Commerce & Finance,Term Loan,19/05/2022,2030000,33.17,0,Current,0,0.01,20300
GHA-LN-11595,Meridian Credit Bank,Unclassified,Term Loan,31/10/2022,4239000,32.86,0,Current,0,0.01,42390
GHA-LN-11596,Meridian Credit Bank,Services,Overdraft,29/12/2022,249000,28.11,0,Current,0,0.01,2490
GHA-LN-11597,Zenith Frontier Bank,Mining,Overdraft,22/02/2024,5765000,33.11,0,Current,0,0.01,57650
GHA-LN-11598,Zenith Frontier Bank,Commerce & Finance,Term Loan,03/11/2022,5175000,32.5,0,Current,0,0.01,51750
GHA-LN-11599,Alpha Bank Ghana,Services,Term Loan,02/10/2024,913000,31.38,0,Current,0,0.01,9130
GHA-LN-11600,Alpha Bank Ghana,Commerce & Finance,Syndicated Loan,14/03/2023,2418000,36.38,45,Other Loans Especially Mentioned (OLEM),0,NA,NA
GHA-LN-11601,Savannah National Bank,Commerce & Finance,SME Asset Financing,16/10/2025,1467000,30.94,15,Current,0,0.01,14670
GHA-LN-11602,Zenith Frontier Bank,Mining,Overdraft,05/05/2023,6030000,28.9,15,Current,0,0.01,60300
GHA-LN-11603,Meridian Credit Bank,Manufacturing,Term Loan,15/08/2024,3019000,27.14,0,Current,0,0.01,30190
GHA-LN-11604,Savannah National Bank,Commerce & Finance,SME Asset Financing,13/01/2026,3924000,30.88,0,Current,0,0.01,39240
GHA-LN-11605,Alpha Bank Ghana,Agriculture,Term Loan,18/05/2025,3457000,32.31,0,Current,0,0.01,34570
GHA-LN-11606,Meridian Credit Bank,Manufacturing,Term Loan,02/04/2024,1491000,30.32,0,Current,0,0.01,14910
GHA-LN-11607,Meridian Credit Bank,Commerce & Finance,Overdraft,20/06/2022,7307000,34.83,0,Current,0,0.01,73070
GHA-LN-11608,Beacon Trust Bank,Construction,Syndicated Loan,21/03/2025,323000,27.29,45,Other Loans Especially Mentioned (OLEM),0,NA,NA
GHA-LN-11609,Meridian Credit Bank,Commerce & Finance,Syndicated Loan,15/04/2025,3354000,26.67,45,Other Loans Especially Mentioned (OLEM),0,NA,NA
GHA-LN-11610,Alpha Bank Ghana,Commerce & Finance,Overdraft,27/03/2022,4221000,28.15,0,Current,0,0.01,42210
GHA-LN-11611,Zenith Frontier Bank,Manufacturing,Term Loan,30/12/2023,882000,30.85,0,Current,0,0.01,8820
GHA-LN-11612,Meridian Credit Bank,Manufacturing,Term Loan,15/03/2023,67000,34.88,0,Current,0,0.01,670
GHA-LN-11613,Alpha Bank Ghana,Commerce & Finance,SME Asset Financing,24/03/2022,1088000,36.61,0,Current,0,0.01,10880
GHA-LN-11614,Meridian Credit Bank,Services,Overdraft,19/01/2023,4764000,37.57,0,Current,0,0.01,47640
GHA-LN-11615,Zenith Frontier Bank,Services,SME Asset Financing,17/12/2023,5874000,36.08,15,Current,0,0.01,58740
GHA-LN-11616,Zenith Frontier Bank,Agriculture,Overdraft,04/08/2025,296000,26.56,0,Current,0,0.01,2960
GHA-LN-11617,Meridian Credit Bank,Commerce & Finance,SME Asset Financing,13/10/2025,6401000,27.86,0,Current,0,0.01,64010
GHA-LN-11618,Savannah National Bank,Manufacturing,SME Asset Financing,13/05/2023,2824000,27.99,0,Current,0,0.01,28240
GHA-LN-11619,Alpha Bank Ghana,Construction,Overdraft,26/06/2023,5133000,30.91,0,Current,0,0.01,51330
GHA-LN-11620,Alpha Bank Ghana,Agriculture,SME Asset Financing,03/12/2022,2653000,31.54,0,Current,0,0.01,26530
GHA-LN-11621,Zenith Frontier Bank,Commerce & Finance,Syndicated Loan,09/03/2022,3784000,35.29,120,Substandard,1,0.2,756800
GHA-LN-11622,Meridian Credit Bank,Services,Term Loan,19/03/2022,393000,37.94,75,Other Loans Especially Mentioned (OLEM),0,NA,NA
GHA-LN-11623,Alpha Bank Ghana,Commerce & Finance,Term Loan,30/07/2022,259000,30.46,15,Current,0,0.01,2590
GHA-LN-11624,Meridian Credit Bank,Construction,Overdraft,27/02/2026,4050000,34.67,0,Current,0,0.01,40500
GHA-LN-11625,Beacon Trust Bank,Services,Overdraft,27/10/2025,4042000,28.9,0,Current,0,0.01,40420
GHA-LN-11626,Zenith Frontier Bank,Manufacturing,Overdraft,17/04/2025,3389000,34.72,0,Current,0,0.01,33890
GHA-LN-11627,Savannah National Bank,Commerce & Finance,SME Asset Financing,17/05/2023,2091000,34.01,15,Current,0,0.01,20910
GHA-LN-11628,Zenith Frontier Bank,Agriculture,SME Asset Financing,19/12/2022,4053000,27.07,0,Current,0,0.01,40530
GHA-LN-11629,Alpha Bank Ghana,Manufacturing,SME Asset Financing,27/06/2022,5222000,28.17,0,Current,0,0.01,52220
GHA-LN-11630,Beacon Trust Bank,Agriculture,Overdraft,24/12/2023,1067000,34.31,0,Current,0,0.01,10670
GHA-LN-11631,Meridian Credit Bank,Services,Syndicated Loan,29/01/2026,2985000,33.62,0,Current,0,0.01,29850
GHA-LN-11632,Alpha Bank Ghana,Commerce & Finance,SME Asset Financing,05/06/2022,6601000,34,0,Current,0,0.01,66010
GHA-LN-11633,Beacon Trust Bank,Commerce & Finance,Overdraft,27/08/2025,3921000,32.65,45,Other Loans Especially Mentioned (OLEM),0,NA,NA
GHA-LN-11634,Meridian Credit Bank,Construction,Syndicated Loan,13/04/2024,6952000,27.93,120,Substandard,1,0.2,1390400
GHA-LN-11635,Savannah National Bank,Agriculture,SME Asset Financing,19/08/2024,4351000,34.87,0,Current,0,0.01,43510
GHA-LN-11636,Meridian Credit Bank,Manufacturing,Syndicated Loan,25/11/2022,135000,28.14,0,Current,0,0.01,1350
GHA-LN-11637,Beacon Trust Bank,Commerce & Finance,SME Asset Financing,28/05/2025,5205000,31.22,0,Current,0,0.01,52050
GHA-LN-11638,Meridian Credit Bank,Commerce & Finance,Syndicated Loan,01/02/2026,1251000,26.65,45,Other Loans Especially Mentioned (OLEM),0,NA,NA
GHA-LN-11639,Meridian Credit Bank,Mining,Term Loan,25/01/2025,2766000,36.8,0,Current,0,0.01,27660
GHA-LN-11640,Meridian Credit Bank,Manufacturing,Syndicated Loan,03/02/2024,1532000,34.43,0,Current,0,0.01,15320
GHA-LN-11641,Savannah National Bank,Manufacturing,SME Asset Financing,20/01/2026,5053000,30.25,0,Current,0,0.01,50530
GHA-LN-11642,Meridian Credit Bank,Commerce & Finance,Overdraft,11/09/2025,1891000,30.08,0,Current,0,0.01,18910
GHA-LN-11643,Alpha Bank Ghana,Commerce & Finance,Overdraft,04/07/2023,4032000,32.37,0,Current,0,0.01,40320
GHA-LN-11644,Alpha Bank Ghana,Construction,Term Loan,16/09/2022,696000,29.54,0,Current,0,0.01,6960
GHA-LN-11645,Savannah National Bank,Commerce & Finance,SME Asset Financing,01/10/2023,1219000,33.94,0,Current,0,0.01,12190
GHA-LN-11646,Beacon Trust Bank,Mining,SME Asset Financing,18/06/2023,7416000,32.64,0,Current,0,0.01,74160
GHA-LN-11647,Beacon Trust Bank,Commerce & Finance,SME Asset Financing,23/07/2024,5434000,34.9,0,Current,0,0.01,54340
GHA-LN-11648,Alpha Bank Ghana,Construction,Term Loan,13/09/2022,615000,33.63,0,Current,0,0.01,6150
GHA-LN-11649,Meridian Credit Bank,Construction,SME Asset Financing,21/06/2023,2829000,26.92,0,Current,0,0.01,28290
GHA-LN-11650,Zenith Frontier Bank,Commerce & Finance,Overdraft,31/03/2024,4982000,31.37,0,Current,0,0.01,49820
GHA-LN-11651,Meridian Credit Bank,Agriculture,SME Asset Financing,06/09/2024,5812000,28.48,0,Current,0,0.01,58120
GHA-LN-11652,Alpha Bank Ghana,Commerce & Finance,SME Asset Financing,08/04/2023,4310000,28.04,0,Current,0,0.01,43100
GHA-LN-11653,Savannah National Bank,Commerce & Finance,Syndicated Loan,07/05/2025,5394000,37.44,0,Current,0,0.01,53940
GHA-LN-11654,Alpha Bank Ghana,Mining,Overdraft,21/06/2023,1211000,37.41,0,Current,0,0.01,12110
GHA-LN-11655,Meridian Credit Bank,Agriculture,Overdraft,19/05/2023,3939000,30.62,0,Current,0,0.01,39390
GHA-LN-11656,Zenith Frontier Bank,Construction,Term Loan,28/03/2025,1665000,37.66,45,Other Loans Especially Mentioned (OLEM),0,NA,NA
GHA-LN-11657,Meridian Credit Bank,Manufacturing,Overdraft,13/12/2024,2502000,30.53,15,Current,0,0.01,25020
GHA-LN-11658,Zenith Frontier Bank,Commerce & Finance,Term Loan,12/05/2024,6533000,36.23,0,Current,0,0.01,65330
GHA-LN-11659,Alpha Bank Ghana,Commerce & Finance,Term Loan,16/10/2025,4099000,29.52,0,Current,0,0.01,40990
GHA-LN-11660,Alpha Bank Ghana,Manufacturing,Overdraft,15/11/2023,903000,27.03,0,Current,0,0.01,9030
GHA-LN-11661,Meridian Credit Bank,Agriculture,Term Loan,25/01/2022,546000,27.77,45,Other Loans Especially Mentioned (OLEM),0,NA,NA
GHA-LN-11662,Beacon Trust Bank,Commerce & Finance,Syndicated Loan,02/03/2023,5344000,36.62,0,Current,0,0.01,53440
GHA-LN-11663,Savannah National Bank,Construction,Overdraft,17/12/2024,2210000,32.92,0,Current,0,0.01,22100
GHA-LN-11664,Savannah National Bank,Commerce & Finance,SME Asset Financing,24/03/2022,910000,28.75,0,Current,0,0.01,9100
GHA-LN-11665,Meridian Credit Bank,Commerce & Finance,SME Asset Financing,02/07/2025,4833000,28.6,120,Substandard,1,0.2,966600
GHA-LN-11666,Alpha Bank Ghana,Commerce & Finance,Term Loan,09/04/2023,6534000,27.8,0,Current,0,0.01,65340
GHA-LN-11667,Meridian Credit Bank,Construction,SME Asset Financing,03/10/2022,5427000,33.59,15,Current,0,0.01,54270
GHA-LN-11668,Alpha Bank Ghana,Agriculture,Term Loan,04/09/2025,6369000,34.34,0,Current,0,0.01,63690
GHA-LN-11669,Meridian Credit Bank,Agriculture,Overdraft,13/09/2022,5273000,31.83,0,Current,0,0.01,52730
GHA-LN-11670,Meridian Credit Bank,Manufacturing,Syndicated Loan,10/06/2022,4878000,31.62,0,Current,0,0.01,48780
GHA-LN-11671,Zenith Frontier Bank,Services,Overdraft,05/09/2024,4275000,27.57,0,Current,0,0.01,42750
GHA-LN-11672,Savannah National Bank,Commerce & Finance,SME Asset Financing,14/01/2026,1870000,34.95,210,Doubtful,1,0.5,935000
GHA-LN-11673,Zenith Frontier Bank,Commerce & Finance,Syndicated Loan,15/04/2022,47265000,28.98,45,Other Loans Especially Mentioned (OLEM),0,NA,NA
GHA-LN-11674,Alpha Bank Ghana,Services,SME Asset Financing,28/07/2023,5242000,30.26,75,Other Loans Especially Mentioned (OLEM),0,NA,NA
GHA-LN-11675,Meridian Credit Bank,Construction,Overdraft,07/06/2024,541000,37.52,0,Current,0,0.01,5410
GHA-LN-11676,Meridian Credit Bank,Unclassified,Syndicated Loan,05/03/2025,1314000,31.09,15,Current,0,0.01,13140
GHA-LN-11677,Zenith Frontier Bank,Agriculture,Term Loan,07/03/2023,4866000,32.83,0,Current,0,0.01,48660
GHA-LN-11678,Beacon Trust Bank,Commerce & Finance,Syndicated Loan,23/12/2025,1102000,26.92,15,Current,0,0.01,11020
GHA-LN-11679,Alpha Bank Ghana,Services,Term Loan,14/01/2023,4954000,30.75,0,Current,0,0.01,49540
GHA-LN-11680,Zenith Frontier Bank,Commerce & Finance,Syndicated Loan,24/05/2025,3755000,36.49,120,Substandard,1,0.2,751000
GHA-LN-11681,Meridian Credit Bank,Manufacturing,Term Loan,27/08/2025,4794000,35.71,0,Current,0,0.01,47940
GHA-LN-11682,Beacon Trust Bank,Commerce & Finance,Syndicated Loan,30/12/2022,3755000,34.29,15,Current,0,0.01,37550
GHA-LN-11683,Savannah National Bank,Mining,Syndicated Loan,16/04/2025,930000,34.35,0,Current,0,0.01,9300
GHA-LN-11684,Savannah National Bank,Agriculture,Overdraft,28/01/2026,4972000,27.09,75,Other Loans Especially Mentioned (OLEM),0,NA,NA
GHA-LN-11685,Beacon Trust Bank,Services,SME Asset Financing,12/08/2023,3116000,36.02,0,Current,0,0.01,31160
GHA-LN-11686,Savannah National Bank,Construction,Term Loan,19/02/2022,5773000,33.42,45,Other Loans Especially Mentioned (OLEM),0,NA,NA
GHA-LN-11687,Beacon Trust Bank,Services,Term Loan,09/09/2025,945000,26.52,15,Current,0,0.01,9450
GHA-LN-11688,Meridian Credit Bank,Services,Syndicated Loan,27/03/2024,1144000,37.33,0,Current,0,0.01,11440
GHA-LN-11689,Savannah National Bank,Commerce & Finance,Syndicated Loan,23/11/2023,1673000,34.66,0,Current,0,0.01,16730
GHA-LN-11690,Zenith Frontier Bank,Construction,Overdraft,05/02/2022,2846000,33.63,75,Other Loans Especially Mentioned (OLEM),0,NA,NA
GHA-LN-11691,Beacon Trust Bank,Commerce & Finance,SME Asset Financing,30/04/2023,4838000,32.63,0,Current,0,0.01,48380
GHA-LN-11692,Savannah National Bank,Services,Overdraft,18/08/2022,2593000,36.32,0,Current,0,0.01,25930
GHA-LN-11693,Zenith Frontier Bank,Commerce & Finance,Overdraft,29/01/2022,317000,35.07,0,Current,0,0.01,3170
GHA-LN-11694,Beacon Trust Bank,Construction,Term Loan,03/04/2022,1540000,31.83,15,Current,0,0.01,15400
GHA-LN-11695,Zenith Frontier Bank,Construction,Overdraft,04/04/2024,4912000,37.9,0,Current,0,0.01,49120
GHA-LN-11696,Beacon Trust Bank,Commerce & Finance,Syndicated Loan,29/04/2024,810000,31.71,0,Current,0,0.01,8100
GHA-LN-11697,Savannah National Bank,Services,SME Asset Financing,29/01/2024,323000,31.55,0,Current,0,0.01,3230
GHA-LN-11698,Zenith Frontier Bank,Agriculture,SME Asset Financing,05/06/2023,5750000,27.33,45,Other Loans Especially Mentioned (OLEM),0,NA,NA
GHA-LN-11699,Zenith Frontier Bank,Commerce & Finance,Overdraft,30/09/2024,3000000,26,0,Current,0,0.01,30000
GHA-LN-11700,Alpha Bank Ghana,Commerce & Finance,Term Loan,24/02/2022,6585000,30.75,0,Current,0,0.01,65850
GHA-LN-11701,Savannah National Bank,Manufacturing,SME Asset Financing,10/08/2022,2714000,26.93,0,Current,0,0.01,27140
GHA-LN-11702,Beacon Trust Bank,Services,Overdraft,12/08/2025,5032000,26.43,0,Current,0,0.01,50320
GHA-LN-11703,Zenith Frontier Bank,Commerce & Finance,SME Asset Financing,13/05/2022,482000,33,0,Current,0,0.01,4820
GHA-LN-11704,Alpha Bank Ghana,Services,Overdraft,22/06/2023,1710000,34.38,15,Current,0,0.01,17100
GHA-LN-11705,Beacon Trust Bank,Commerce & Finance,Overdraft,24/05/2024,6226000,37.75,0,Current,0,0.01,62260
GHA-LN-11706,Meridian Credit Bank,Construction,Overdraft,16/08/2025,7159000,27.33,15,Current,0,0.01,71590
GHA-LN-11707,Beacon Trust Bank,Commerce & Finance,Term Loan,19/05/2022,1871000,33.12,210,Doubtful,1,0.5,935500
GHA-LN-11708,Zenith Frontier Bank,Construction,Syndicated Loan,13/01/2022,4982000,26.54,0,Current,0,0.01,49820
GHA-LN-11709,Beacon Trust Bank,Commerce & Finance,Term Loan,05/04/2024,5509000,30.61,0,Current,0,0.01,55090
GHA-LN-11710,Alpha Bank Ghana,Agriculture,Syndicated Loan,17/06/2025,817000,37.93,0,Current,0,0.01,8170
GHA-LN-11711,Savannah National Bank,Services,Syndicated Loan,11/05/2023,3422000,36.13,0,Current,0,0.01,34220
GHA-LN-11712,Meridian Credit Bank,Construction,Syndicated Loan,26/02/2026,6773000,35.34,0,Current,0,0.01,67730
GHA-LN-11713,Zenith Frontier Bank,Construction,Term Loan,23/11/2025,6199000,26.1,0,Current,0,0.01,61990
GHA-LN-11714,Zenith Frontier Bank,Services,SME Asset Financing,16/12/2022,5571000,36.21,0,Current,0,0.01,55710
GHA-LN-11715,Beacon Trust Bank,Agriculture,Term Loan,05/02/2022,6930000,30.68,0,Current,0,0.01,69300
GHA-LN-11716,Savannah National Bank,Services,Term Loan,11/11/2024,5708000,33.25,120,Substandard,1,0.2,1141600
GHA-LN-11717,Savannah National Bank,Manufacturing,Syndicated Loan,20/08/2024,3188000,37.92,15,Current,0,0.01,31880
GHA-LN-11718,Savannah National Bank,Services,Term Loan,01/01/2022,3736000,28.59,0,Current,0,0.01,37360
GHA-LN-11719,Beacon Trust Bank,Commerce & Finance,Overdraft,21/06/2022,6047000,29.2,45,Other Loans Especially Mentioned (OLEM),0,NA,NA
GHA-LN-11720,Savannah National Bank,Manufacturing,Overdraft,18/12/2025,2074000,31.56,120,Substandard,1,0.2,414800
GHA-LN-11721,Meridian Credit Bank,Manufacturing,Syndicated Loan,13/12/2022,7335000,34.95,0,Current,0,0.01,73350
GHA-LN-11722,Meridian Credit Bank,Services,SME Asset Financing,17/09/2024,5787000,26.57,0,Current,0,0.01,57870
GHA-LN-11723,Meridian Credit Bank,Commerce & Finance,SME Asset Financing,25/08/2025,6344000,26.68,0,Current,0,0.01,63440
GHA-LN-11724,Zenith Frontier Bank,Services,SME Asset Financing,08/04/2025,5203000,26.43,0,Current,0,0.01,52030
GHA-LN-11725,Alpha Bank Ghana,Construction,Term Loan,13/04/2025,5090000,27.9,15,Current,0,0.01,50900
GHA-LN-11726,Beacon Trust Bank,Commerce & Finance,SME Asset Financing,03/04/2022,5233000,32.98,0,Current,0,0.01,52330
GHA-LN-11727,Meridian Credit Bank,Unclassified,Syndicated Loan,25/07/2025,5155000,26.76,0,Current,0,0.01,51550
GHA-LN-11728,Meridian Credit Bank,Commerce & Finance,Syndicated Loan,09/03/2023,500000,30.35,45,Other Loans Especially Mentioned (OLEM),0,NA,NA
GHA-LN-11729,Meridian Credit Bank,Services,SME Asset Financing,13/11/2022,2196000,33.13,0,Current,0,0.01,21960
GHA-LN-11730,Alpha Bank Ghana,Agriculture,Overdraft,26/04/2024,7369000,29.47,0,Current,0,0.01,73690
GHA-LN-11731,Savannah National Bank,Construction,Overdraft,13/06/2024,1166000,32.82,0,Current,0,0.01,11660
GHA-LN-11732,Beacon Trust Bank,Construction,SME Asset Financing,09/02/2024,6343000,27.28,120,Substandard,1,0.2,1268600
GHA-LN-11733,Meridian Credit Bank,Manufacturing,Overdraft,23/06/2023,1658000,35.48,0,Current,0,0.01,16580
GHA-LN-11734,Beacon Trust Bank,Services,Syndicated Loan,06/07/2022,854000,37.17,45,Other Loans Especially Mentioned (OLEM),0,NA,NA
GHA-LN-11735,Zenith Frontier Bank,Commerce & Finance,Syndicated Loan,03/01/2022,2422000,34.34,0,Current,0,0.01,24220
GHA-LN-11736,Beacon Trust Bank,Construction,Overdraft,03/10/2024,1341000,27.68,0,Current,0,0.01,13410
GHA-LN-11737,Alpha Bank Ghana,Commerce & Finance,Syndicated Loan,01/01/2022,1819000,34.46,45,Other Loans Especially Mentioned (OLEM),0,NA,NA
GHA-LN-11738,Meridian Credit Bank,Agriculture,Overdraft,04/04/2024,6559000,26.47,0,Current,0,0.01,65590
GHA-LN-11739,Meridian Credit Bank,Mining,Term Loan,21/03/2024,4527000,29.58,0,Current,0,0.01,45270
GHA-LN-11740,Savannah National Bank,Commerce & Finance,Term Loan,10/04/2025,3939000,33.37,75,Other Loans Especially Mentioned (OLEM),0,NA,NA
GHA-LN-11741,Savannah National Bank,Manufacturing,Overdraft,11/12/2022,2708000,28.5,0,Current,0,0.01,27080
GHA-LN-11742,Zenith Frontier Bank,Construction,Syndicated Loan,18/08/2025,4867000,34.68,0,Current,0,0.01,48670
GHA-LN-11743,Zenith Frontier Bank,Agriculture,SME Asset Financing,30/01/2023,1027000,35.39,0,Current,0,0.01,10270
GHA-LN-11744,Zenith Frontier Bank,Commerce & Finance,Syndicated Loan,09/11/2025,3299000,29.59,0,Current,0,0.01,32990
GHA-LN-11745,Savannah National Bank,Agriculture,Term Loan,08/07/2025,1969000,28.59,120,Substandard,1,0.2,393800
GHA-LN-11746,Beacon Trust Bank,Manufacturing,Term Loan,04/06/2023,1959000,33.02,15,Current,0,0.01,19590
GHA-LN-11747,Savannah National Bank,Services,Term Loan,25/05/2022,3308000,37.76,0,Current,0,0.01,33080
GHA-LN-11748,Alpha Bank Ghana,Manufacturing,Term Loan,14/10/2022,4850000,29.69,0,Current,0,0.01,48500
GHA-LN-11749,Zenith Frontier Bank,Commerce & Finance,Overdraft,18/09/2022,2573000,31.53,45,Other Loans Especially Mentioned (OLEM),0,NA,NA
GHA-LN-11750,Meridian Credit Bank,Services,Overdraft,26/10/2024,31140000,37.36,0,Current,0,0.01,311400
GHA-LN-11751,Meridian Credit Bank,Commerce & Finance,SME Asset Financing,27/05/2025,727000,29.3,0,Current,0,0.01,7270
GHA-LN-11752,Alpha Bank Ghana,Commerce & Finance,Term Loan,05/03/2024,3623000,33.49,0,Current,0,0.01,36230
GHA-LN-11753,Zenith Frontier Bank,Commerce & Finance,Syndicated Loan,04/08/2025,87000,27.47,0,Current,0,0.01,870
GHA-LN-11754,Zenith Frontier Bank,Services,Syndicated Loan,24/09/2023,6198000,26.41,0,Current,0,0.01,61980
GHA-LN-11755,Meridian Credit Bank,Agriculture,Overdraft,22/03/2025,3840000,35.66,0,Current,0,0.01,38400
GHA-LN-11756,Alpha Bank Ghana,Manufacturing,SME Asset Financing,17/02/2022,3043000,28.14,15,Current,0,0.01,30430
GHA-LN-11757,Meridian Credit Bank,Services,SME Asset Financing,05/08/2024,6775000,33.49,0,Current,0,0.01,67750
GHA-LN-11758,Zenith Frontier Bank,Mining,Overdraft,18/09/2022,3067000,35.74,0,Current,0,0.01,30670
GHA-LN-11759,Meridian Credit Bank,Construction,Term Loan,20/11/2025,7434000,29.3,120,Substandard,1,0.2,1486800
GHA-LN-11760,Savannah National Bank,Unclassified,Syndicated Loan,04/02/2025,5521000,37.45,0,Current,0,0.01,55210
GHA-LN-11761,Savannah National Bank,Services,Overdraft,31/01/2024,230000,34.53,210,Doubtful,1,0.5,115000
GHA-LN-11762,Savannah National Bank,Commerce & Finance,Syndicated Loan,16/01/2026,2052000,28.21,0,Current,0,0.01,20520
GHA-LN-11763,Beacon Trust Bank,Agriculture,Syndicated Loan,19/05/2023,1375000,29.93,0,Current,0,0.01,13750
GHA-LN-11764,Savannah National Bank,Commerce & Finance,Syndicated Loan,26/03/2022,7188000,32.83,0,Current,0,0.01,71880
GHA-LN-11765,Alpha Bank Ghana,Manufacturing,Overdraft,25/09/2022,6176000,29.23,0,Current,0,0.01,61760
GHA-LN-11766,Beacon Trust Bank,Services,Term Loan,26/03/2025,7061000,28.98,0,Current,0,0.01,70610
GHA-LN-11767,Beacon Trust Bank,Manufacturing,Syndicated Loan,02/08/2023,4084000,27.16,0,Current,0,0.01,40840
GHA-LN-11768,Meridian Credit Bank,Commerce & Finance,Overdraft,06/09/2025,3770000,37.84,0,Current,0,0.01,37700
GHA-LN-11769,Zenith Frontier Bank,Services,Term Loan,22/11/2024,3021000,28.59,0,Current,0,0.01,30210
GHA-LN-11770,Meridian Credit Bank,Commerce & Finance,SME Asset Financing,22/06/2023,1085000,29.42,0,Current,0,0.01,10850
GHA-LN-11771,Alpha Bank Ghana,Services,Overdraft,20/10/2024,5573000,26.33,0,Current,0,0.01,55730
GHA-LN-11772,Beacon Trust Bank,Unclassified,Term Loan,30/01/2024,2440000,35.88,0,Current,0,0.01,24400
GHA-LN-11773,Zenith Frontier Bank,Construction,Term Loan,02/11/2024,6047000,32.24,0,Current,0,0.01,60470
GHA-LN-11774,Savannah National Bank,Mining,Overdraft,21/04/2023,1484000,30.37,0,Current,0,0.01,14840
GHA-LN-11775,Alpha Bank Ghana,Commerce & Finance,Syndicated Loan,23/12/2024,4969000,27.38,0,Current,0,0.01,49690
GHA-LN-11776,Savannah National Bank,Services,SME Asset Financing,13/05/2022,3424000,33.51,0,Current,0,0.01,34240
GHA-LN-11777,Zenith Frontier Bank,Commerce & Finance,Syndicated Loan,14/12/2025,913000,31.07,0,Current,0,0.01,9130
GHA-LN-11778,Beacon Trust Bank,Commerce & Finance,Syndicated Loan,23/10/2023,313000,27.6,0,Current,0,0.01,3130
GHA-LN-11779,Savannah National Bank,Commerce & Finance,Overdraft,06/08/2024,7167000,32.32,0,Current,0,0.01,71670
GHA-LN-11780,Zenith Frontier Bank,Commerce & Finance,Overdraft,06/07/2023,5261000,32,0,Current,0,0.01,52610
GHA-LN-11781,Savannah National Bank,Services,Term Loan,19/11/2022,4021000,31.32,0,Current,0,0.01,40210
GHA-LN-11782,Meridian Credit Bank,Mining,Overdraft,20/09/2023,458000,34.39,15,Current,0,0.01,4580
GHA-LN-11783,Alpha Bank Ghana,Commerce & Finance,Overdraft,18/09/2023,7498000,37.22,45,Other Loans Especially Mentioned (OLEM),0,NA,NA
GHA-LN-11784,Meridian Credit Bank,Agriculture,SME Asset Financing,12/08/2025,1567000,26.74,75,Other Loans Especially Mentioned (OLEM),0,NA,NA
GHA-LN-11785,Meridian Credit Bank,Construction,Overdraft,18/06/2024,3918000,26.22,0,Current,0,0.01,39180
GHA-LN-11786,Zenith Frontier Bank,Commerce & Finance,Syndicated Loan,20/07/2023,2410000,36.44,0,Current,0,0.01,24100
GHA-LN-11787,Alpha Bank Ghana,Agriculture,SME Asset Financing,17/05/2023,5936000,32.56,0,Current,0,0.01,59360
GHA-LN-11789,Alpha Bank Ghana,Construction,Term Loan,13/03/2023,5142000,31.72,210,Doubtful,1,0.5,2571000
GHA-LN-11790,Zenith Frontier Bank,Agriculture,Term Loan,02/02/2025,379000,26.61,0,Current,0,0.01,3790
GHA-LN-11791,Alpha Bank Ghana,Agriculture,Overdraft,23/12/2022,2545000,26.91,45,Other Loans Especially Mentioned (OLEM),0,NA,NA
GHA-LN-11792,Meridian Credit Bank,Manufacturing,Term Loan,18/02/2025,707000,33.66,0,Current,0,0.01,7070
GHA-LN-11793,Alpha Bank Ghana,Construction,SME Asset Financing,06/12/2023,6902000,35.52,0,Current,0,0.01,69020
GHA-LN-11794,Alpha Bank Ghana,Manufacturing,Syndicated Loan,20/05/2022,1745000,33.6,15,Current,0,0.01,17450
GHA-LN-11795,Savannah National Bank,Construction,Overdraft,05/04/2022,5063000,33.85,75,Other Loans Especially Mentioned (OLEM),0,NA,NA
GHA-LN-11796,Zenith Frontier Bank,Commerce & Finance,Syndicated Loan,17/02/2025,3028000,30.47,0,Current,0,0.01,30280
GHA-LN-11797,Zenith Frontier Bank,Commerce & Finance,Term Loan,17/03/2022,1337000,36.07,0,Current,0,0.01,13370
GHA-LN-11798,Savannah National Bank,Services,Term Loan,25/12/2023,3245000,31.99,75,Other Loans Especially Mentioned (OLEM),0,NA,NA
GHA-LN-11799,Zenith Frontier Bank,Commerce & Finance,Overdraft,23/05/2025,1560000,31.66,0,Current,0,0.01,15600
GHA-LN-11800,Savannah National Bank,Commerce & Finance,Overdraft,16/11/2025,3999000,36.14,45,Other Loans Especially Mentioned (OLEM),0,NA,NA
GHA-LN-11801,Savannah National Bank,Mining,Overdraft,16/11/2025,692000,27.69,0,Current,0,0.01,6920
GHA-LN-11802,Savannah National Bank,Commerce & Finance,Syndicated Loan,11/01/2025,535000,28.56,15,Current,0,0.01,5350
GHA-LN-11803,Zenith Frontier Bank,Commerce & Finance,SME Asset Financing,11/02/2022,854000,28.79,0,Current,0,0.01,8540
GHA-LN-11804,Meridian Credit Bank,Construction,Syndicated Loan,21/06/2022,3868000,33.79,15,Current,0,0.01,38680
GHA-LN-11805,Beacon Trust Bank,Mining,Overdraft,05/04/2023,4251000,29.81,0,Current,0,0.01,42510
GHA-LN-11806,Alpha Bank Ghana,Commerce & Finance,Overdraft,21/08/2024,414000,30.34,0,Current,0,0.01,4140
GHA-LN-11807,Zenith Frontier Bank,Commerce & Finance,Term Loan,17/08/2023,1037000,30.23,0,Current,0,0.01,10370
GHA-LN-11808,Savannah National Bank,Services,Overdraft,19/01/2022,1818000,26.34,0,Current,0,0.01,18180
GHA-LN-11809,Beacon Trust Bank,Services,Syndicated Loan,29/06/2025,5946000,37.53,0,Current,0,0.01,59460
GHA-LN-11810,Beacon Trust Bank,Commerce & Finance,Syndicated Loan,08/01/2022,3394000,35.76,15,Current,0,0.01,33940
GHA-LN-11811,Zenith Frontier Bank,Services,Syndicated Loan,02/10/2025,2937000,37.59,0,Current,0,0.01,29370
GHA-LN-11812,Alpha Bank Ghana,Commerce & Finance,SME Asset Financing,15/03/2022,3474000,33.37,0,Current,0,0.01,34740
GHA-LN-11813,Meridian Credit Bank,Manufacturing,Overdraft,04/04/2023,5361000,35.85,15,Current,0,0.01,53610
GHA-LN-11814,Savannah National Bank,Commerce & Finance,Term Loan,01/04/2023,3584000,27.48,0,Current,0,0.01,35840
GHA-LN-11815,Beacon Trust Bank,Commerce & Finance,Term Loan,21/05/2023,1787000,34.34,0,Current,0,0.01,17870
GHA-LN-11816,Meridian Credit Bank,Agriculture,Term Loan,14/06/2024,6304000,26.13,0,Current,0,0.01,63040
GHA-LN-11817,Meridian Credit Bank,Services,Term Loan,23/06/2024,240000,30.32,0,Current,0,0.01,2400
GHA-LN-11818,Beacon Trust Bank,Unclassified,Syndicated Loan,25/02/2024,1163000,30.85,0,Current,0,0.01,11630
GHA-LN-11819,Zenith Frontier Bank,Construction,Term Loan,23/08/2023,4857000,28.11,0,Current,0,0.01,48570
GHA-LN-11820,Alpha Bank Ghana,Commerce & Finance,Term Loan,02/09/2024,4157000,36.09,0,Current,0,0.01,41570
GHA-LN-11821,Meridian Credit Bank,Services,Overdraft,15/04/2023,3973000,31.11,15,Current,0,0.01,39730
GHA-LN-11822,Beacon Trust Bank,Construction,Syndicated Loan,01/05/2024,3484000,36.21,0,Current,0,0.01,34840
GHA-LN-11823,Beacon Trust Bank,Commerce & Finance,Syndicated Loan,04/03/2024,6494000,37.86,0,Current,0,0.01,64940
GHA-LN-11824,Alpha Bank Ghana,Commerce & Finance,Term Loan,27/01/2023,6236000,27.99,120,Substandard,1,0.2,1247200
GHA-LN-11825,Zenith Frontier Bank,Services,SME Asset Financing,17/10/2025,2423000,26.99,0,Current,0,0.01,24230
GHA-LN-11826,Savannah National Bank,Manufacturing,Term Loan,03/01/2025,7459000,31.2,0,Current,0,0.01,74590
GHA-LN-11827,Beacon Trust Bank,Mining,Syndicated Loan,19/06/2025,1283000,31.13,15,Current,0,0.01,12830
GHA-LN-11828,Meridian Credit Bank,Manufacturing,Term Loan,19/10/2022,6270000,26.87,0,Current,0,0.01,62700
GHA-LN-11829,Savannah National Bank,Commerce & Finance,SME Asset Financing,11/03/2023,885000,35.57,45,Other Loans Especially Mentioned (OLEM),0,NA,NA
GHA-LN-11830,Beacon Trust Bank,Manufacturing,SME Asset Financing,21/03/2024,3028000,33.37,15,Current,0,0.01,30280
GHA-LN-11831,Alpha Bank Ghana,Construction,Overdraft,08/06/2025,6001000,28.09,0,Current,0,0.01,60010
GHA-LN-11832,Beacon Trust Bank,Services,SME Asset Financing,15/11/2025,5216000,35.79,0,Current,0,0.01,52160
GHA-LN-11833,Beacon Trust Bank,Agriculture,Term Loan,24/07/2023,1393000,34.47,0,Current,0,0.01,13930
GHA-LN-11834,Meridian Credit Bank,Manufacturing,Syndicated Loan,13/11/2024,1172000,36.77,0,Current,0,0.01,11720
GHA-LN-11835,Meridian Credit Bank,Commerce & Finance,Overdraft,16/08/2025,2834000,31.02,0,Current,0,0.01,28340
GHA-LN-11836,Alpha Bank Ghana,Manufacturing,Overdraft,17/09/2024,882000,36.84,0,Current,0,0.01,8820
GHA-LN-11837,Savannah National Bank,Services,SME Asset Financing,29/09/2023,3244000,29.48,0,Current,0,0.01,32440
GHA-LN-11838,Alpha Bank Ghana,Construction,Syndicated Loan,12/10/2025,5932000,30.8,120,Substandard,1,0.2,1186400
GHA-LN-11839,Zenith Frontier Bank,Manufacturing,Syndicated Loan,11/09/2022,856000,35.95,45,Other Loans Especially Mentioned (OLEM),0,NA,NA
GHA-LN-11840,Beacon Trust Bank,Manufacturing,Overdraft,29/05/2023,3471000,31.79,0,Current,0,0.01,34710
GHA-LN-11841,Savannah National Bank,Agriculture,Syndicated Loan,26/05/2025,77000,33.07,0,Current,0,0.01,770
GHA-LN-11842,Zenith Frontier Bank,Agriculture,Term Loan,12/06/2023,4260000,34,0,Current,0,0.01,42600
GHA-LN-11843,Zenith Frontier Bank,Agriculture,Overdraft,23/07/2022,2677000,36.41,0,Current,0,0.01,26770
GHA-LN-11844,Savannah National Bank,Services,Syndicated Loan,04/05/2022,1984000,28.95,0,Current,0,0.01,19840
GHA-LN-11845,Alpha Bank Ghana,Services,Overdraft,08/09/2022,4459000,33.23,45,Other Loans Especially Mentioned (OLEM),0,NA,NA
GHA-LN-11846,Savannah National Bank,Commerce & Finance,Overdraft,11/09/2024,3712000,33.74,0,Current,0,0.01,37120
GHA-LN-11847,Zenith Frontier Bank,Manufacturing,Syndicated Loan,12/04/2022,2342000,28.93,0,Current,0,0.01,23420
GHA-LN-11848,Savannah National Bank,Services,Term Loan,28/06/2023,555000,36.66,15,Current,0,0.01,5550
GHA-LN-11849,Savannah National Bank,Manufacturing,Overdraft,30/12/2022,4901000,36.22,0,Current,0,0.01,49010
GHA-LN-11850,Zenith Frontier Bank,Services,Term Loan,13/12/2024,587000,26.22,120,Substandard,1,0.2,117400
GHA-LN-11851,Beacon Trust Bank,Manufacturing,SME Asset Financing,21/02/2025,3845000,37.57,0,Current,0,0.01,38450
GHA-LN-11852,Beacon Trust Bank,Commerce & Finance,Overdraft,20/02/2026,3302000,35.06,0,Current,0,0.01,33020
GHA-LN-11853,Alpha Bank Ghana,Services,Overdraft,09/01/2022,5154000,36.24,0,Current,0,0.01,51540
GHA-LN-11854,Zenith Frontier Bank,Commerce & Finance,Syndicated Loan,28/10/2022,860000,27.96,0,Current,0,0.01,8600
GHA-LN-11855,Meridian Credit Bank,Commerce & Finance,Syndicated Loan,13/11/2022,497000,31.81,0,Current,0,0.01,4970
GHA-LN-11856,Beacon Trust Bank,Commerce & Finance,Overdraft,05/05/2023,6678000,36.74,0,Current,0,0.01,66780
GHA-LN-11857,Zenith Frontier Bank,Services,Syndicated Loan,10/01/2023,2990000,36.96,15,Current,0,0.01,29900
GHA-LN-11858,Beacon Trust Bank,Construction,Overdraft,20/12/2024,3284000,35.42,0,Current,0,0.01,32840
GHA-LN-11859,Beacon Trust Bank,Manufacturing,Syndicated Loan,22/12/2023,5155000,33.21,0,Current,0,0.01,51550
GHA-LN-11860,Zenith Frontier Bank,Unclassified,SME Asset Financing,24/02/2023,4495000,35.05,0,Current,0,0.01,44950
GHA-LN-11861,Beacon Trust Bank,Manufacturing,Syndicated Loan,07/04/2023,4212000,33.62,210,Doubtful,1,0.5,2106000
GHA-LN-11862,Savannah National Bank,Services,SME Asset Financing,09/02/2022,1054000,33.13,0,Current,0,0.01,10540
GHA-LN-11863,Alpha Bank Ghana,Services,Overdraft,22/01/2025,6792000,29.62,0,Current,0,0.01,67920
GHA-LN-11864,Meridian Credit Bank,Commerce & Finance,Syndicated Loan,13/01/2026,471000,30.41,45,Other Loans Especially Mentioned (OLEM),0,NA,NA
GHA-LN-11865,Alpha Bank Ghana,Manufacturing,SME Asset Financing,30/08/2022,5613000,28.79,0,Current,0,0.01,56130
GHA-LN-11866,Zenith Frontier Bank,Commerce & Finance,Term Loan,26/02/2022,6087000,36.06,0,Current,0,0.01,60870
GHA-LN-11867,Alpha Bank Ghana,Services,Syndicated Loan,15/05/2024,5494000,28.1,0,Current,0,0.01,54940
GHA-LN-11868,Meridian Credit Bank,Services,Term Loan,26/12/2022,1147000,31.29,0,Current,0,0.01,11470
GHA-LN-11869,Savannah National Bank,Commerce & Finance,Term Loan,14/10/2022,5909000,31.07,0,Current,0,0.01,59090
GHA-LN-11870,Beacon Trust Bank,Agriculture,SME Asset Financing,22/06/2024,5394000,33.92,0,Current,0,0.01,53940
GHA-LN-11871,Savannah National Bank,Services,Syndicated Loan,10/06/2025,4329000,35.99,0,Current,0,0.01,43290
GHA-LN-11872,Beacon Trust Bank,Services,Term Loan,06/04/2024,4908000,36.56,15,Current,0,0.01,49080
GHA-LN-11873,Alpha Bank Ghana,Services,Syndicated Loan,21/08/2024,2318000,26.51,15,Current,0,0.01,23180
GHA-LN-11874,Alpha Bank Ghana,Commerce & Finance,Term Loan,30/08/2024,2549000,36.41,120,Substandard,1,0.2,509800
GHA-LN-11875,Zenith Frontier Bank,Commerce & Finance,Overdraft,28/02/2024,6141000,31.27,0,Current,0,0.01,61410
GHA-LN-11876,Beacon Trust Bank,Services,SME Asset Financing,26/07/2025,5893000,36.84,0,Current,0,0.01,58930
GHA-LN-11877,Meridian Credit Bank,Construction,Term Loan,06/03/2024,4582000,33.1,0,Current,0,0.01,45820
GHA-LN-11878,Alpha Bank Ghana,Services,Term Loan,28/06/2022,4755000,34.98,15,Current,0,0.01,47550
GHA-LN-11879,Alpha Bank Ghana,Commerce & Finance,Overdraft,20/11/2025,7176000,36.54,0,Current,0,0.01,71760
GHA-LN-11880,Alpha Bank Ghana,Mining,Overdraft,24/08/2022,7409000,33.42,75,Other Loans Especially Mentioned (OLEM),0,NA,NA
GHA-LN-11881,Alpha Bank Ghana,Construction,SME Asset Financing,09/11/2025,4620000,26.23,0,Current,0,0.01,46200
GHA-LN-11882,Beacon Trust Bank,Agriculture,Syndicated Loan,03/01/2026,3383000,26.69,15,Current,0,0.01,33830
GHA-LN-11883,Savannah National Bank,Manufacturing,SME Asset Financing,15/07/2022,929000,31.38,0,Current,0,0.01,9290
GHA-LN-11884,Savannah National Bank,Construction,Syndicated Loan,22/06/2025,4302000,36.95,0,Current,0,0.01,43020
GHA-LN-11885,Meridian Credit Bank,Commerce & Finance,Syndicated Loan,20/02/2024,5417000,34.11,15,Current,0,0.01,54170
GHA-LN-11886,Zenith Frontier Bank,Agriculture,Term Loan,11/04/2024,2572000,29.88,0,Current,0,0.01,25720
GHA-LN-11887,Zenith Frontier Bank,Manufacturing,Syndicated Loan,10/07/2024,168000,27.07,75,Other Loans Especially Mentioned (OLEM),0,NA,NA
GHA-LN-11888,Savannah National Bank,Commerce & Finance,Term Loan,18/07/2025,855000,35.53,0,Current,0,0.01,8550
GHA-LN-11889,Beacon Trust Bank,Agriculture,SME Asset Financing,15/03/2023,2181000,32.56,75,Other Loans Especially Mentioned (OLEM),0,NA,NA
GHA-LN-11890,Savannah National Bank,Commerce & Finance,Overdraft,21/10/2025,4338000,32.26,0,Current,0,0.01,43380
GHA-LN-11891,Beacon Trust Bank,Manufacturing,Syndicated Loan,19/11/2022,5163000,31.41,15,Current,0,0.01,51630
GHA-LN-11892,Alpha Bank Ghana,Agriculture,Term Loan,14/07/2023,644000,31.98,0,Current,0,0.01,6440
GHA-LN-11893,Beacon Trust Bank,Services,SME Asset Financing,04/05/2023,3463000,31.64,0,Current,0,0.01,34630
GHA-LN-11894,Alpha Bank Ghana,Manufacturing,SME Asset Financing,17/06/2024,4290000,32.43,0,Current,0,0.01,42900
GHA-LN-11895,Meridian Credit Bank,Services,Syndicated Loan,11/06/2023,7397000,31.84,0,Current,0,0.01,73970
GHA-LN-11896,Savannah National Bank,Agriculture,Syndicated Loan,08/09/2023,4989000,35.48,0,Current,0,0.01,49890
GHA-LN-11897,Beacon Trust Bank,Services,Term Loan,16/09/2024,4164000,30.6,120,Substandard,1,0.2,832800
GHA-LN-11898,Alpha Bank Ghana,Manufacturing,SME Asset Financing,07/08/2025,1693000,36.57,0,Current,0,0.01,16930
GHA-LN-11899,Savannah National Bank,Commerce & Finance,Syndicated Loan,24/01/2025,4870000,27.09,0,Current,0,0.01,48700
GHA-LN-11900,Savannah National Bank,Commerce & Finance,SME Asset Financing,04/11/2024,1432000,26.89,0,Current,0,0.01,14320
GHA-LN-11901,Beacon Trust Bank,Manufacturing,Overdraft,26/01/2026,2451000,35.24,45,Other Loans Especially Mentioned (OLEM),0,NA,NA
GHA-LN-11902,Zenith Frontier Bank,Commerce & Finance,SME Asset Financing,21/02/2024,7445000,30.96,0,Current,0,0.01,74450
GHA-LN-11903,Beacon Trust Bank,Commerce & Finance,SME Asset Financing,09/11/2023,1617000,37.71,45,Other Loans Especially Mentioned (OLEM),0,NA,NA
GHA-LN-11904,Savannah National Bank,Mining,Overdraft,15/10/2022,3841000,30.33,0,Current,0,0.01,38410
GHA-LN-11905,Meridian Credit Bank,Commerce & Finance,Term Loan,04/03/2022,5972000,36.04,0,Current,0,0.01,59720
GHA-LN-11906,Meridian Credit Bank,Commerce & Finance,Overdraft,20/07/2025,6703000,33.09,45,Other Loans Especially Mentioned (OLEM),0,NA,NA
GHA-LN-11907,Savannah National Bank,Commerce & Finance,Syndicated Loan,15/08/2024,5019000,29.45,0,Current,0,0.01,50190
GHA-LN-11908,Savannah National Bank,Services,SME Asset Financing,28/01/2022,2454000,34.12,0,Current,0,0.01,24540
GHA-LN-11909,Savannah National Bank,Services,SME Asset Financing,16/11/2023,3915000,27.41,0,Current,0,0.01,39150
GHA-LN-11910,Alpha Bank Ghana,Manufacturing,Syndicated Loan,11/02/2024,7283000,34.22,120,Substandard,1,0.2,1456600
GHA-LN-11911,Beacon Trust Bank,Construction,Term Loan,03/07/2025,2524000,34.61,0,Current,0,0.01,25240
GHA-LN-11912,Zenith Frontier Bank,Services,SME Asset Financing,23/01/2025,1928000,36.41,45,Other Loans Especially Mentioned (OLEM),0,NA,NA
GHA-LN-11913,Alpha Bank Ghana,Commerce & Finance,Overdraft,25/12/2025,5331000,30.74,0,Current,0,0.01,53310
GHA-LN-11914,Beacon Trust Bank,Construction,Overdraft,06/04/2025,3775000,26.51,75,Other Loans Especially Mentioned (OLEM),0,NA,NA
GHA-LN-11915,Alpha Bank Ghana,Commerce & Finance,SME Asset Financing,31/08/2024,6077000,27.54,45,Other Loans Especially Mentioned (OLEM),0,NA,NA
GHA-LN-11916,Alpha Bank Ghana,Agriculture,SME Asset Financing,19/05/2024,2475000,26.23,120,Substandard,1,0.2,495000
GHA-LN-11917,Alpha Bank Ghana,Manufacturing,Term Loan,02/11/2023,3808000,30.4,15,Current,0,0.01,38080
GHA-LN-11918,Zenith Frontier Bank,Manufacturing,Syndicated Loan,06/09/2024,2721000,33.65,45,Other Loans Especially Mentioned (OLEM),0,NA,NA
GHA-LN-11919,Zenith Frontier Bank,Commerce & Finance,Syndicated Loan,28/11/2025,3539000,33.4,0,Current,0,0.01,35390
GHA-LN-11920,Zenith Frontier Bank,Services,Term Loan,24/08/2025,1733000,26.46,45,Other Loans Especially Mentioned (OLEM),0,NA,NA
GHA-LN-11921,Zenith Frontier Bank,Agriculture,SME Asset Financing,30/11/2025,4698000,36.84,45,Other Loans Especially Mentioned (OLEM),0,NA,NA
GHA-LN-11922,Savannah National Bank,Services,Overdraft,09/08/2025,3325000,26.42,0,Current,0,0.01,33250
GHA-LN-11923,Beacon Trust Bank,Commerce & Finance,Syndicated Loan,10/07/2025,3042000,26.95,0,Current,0,0.01,30420
GHA-LN-11924,Beacon Trust Bank,Commerce & Finance,Term Loan,12/02/2026,4169000,35.34,0,Current,0,0.01,41690
GHA-LN-11925,Beacon Trust Bank,Services,SME Asset Financing,28/10/2023,1179000,29.3,0,Current,0,0.01,11790
GHA-LN-11926,Zenith Frontier Bank,Services,Syndicated Loan,01/02/2025,1239000,36.61,45,Other Loans Especially Mentioned (OLEM),0,NA,NA
GHA-LN-11927,Alpha Bank Ghana,Agriculture,Syndicated Loan,13/01/2026,6763000,36.97,0,Current,0,0.01,67630
GHA-LN-11928,Zenith Frontier Bank,Manufacturing,SME Asset Financing,28/01/2022,2230000,33.15,0,Current,0,0.01,22300
GHA-LN-11929,Alpha Bank Ghana,Construction,SME Asset Financing,03/08/2025,5137000,30.08,0,Current,0,0.01,51370
GHA-LN-11930,Meridian Credit Bank,Manufacturing,Term Loan,09/12/2025,402000,33.58,45,Other Loans Especially Mentioned (OLEM),0,NA,NA
GHA-LN-11931,Beacon Trust Bank,Construction,Overdraft,24/02/2024,5385000,29.9,210,Doubtful,1,0.5,2692500
GHA-LN-11932,Savannah National Bank,Services,Syndicated Loan,22/10/2024,6450000,32.66,0,Current,0,0.01,64500
GHA-LN-11933,Meridian Credit Bank,Commerce & Finance,Term Loan,11/06/2023,1889000,26.27,0,Current,0,0.01,18890
GHA-LN-11934,Meridian Credit Bank,Commerce & Finance,SME Asset Financing,25/04/2024,3082000,36.28,120,Substandard,1,0.2,616400
GHA-LN-11935,Savannah National Bank,Agriculture,Syndicated Loan,19/01/2022,3688000,28.46,0,Current,0,0.01,36880
GHA-LN-11936,Alpha Bank Ghana,Services,Overdraft,10/09/2022,3954000,28.5,0,Current,0,0.01,39540
GHA-LN-11937,Zenith Frontier Bank,Services,SME Asset Financing,31/12/2024,3135000,35.34,0,Current,0,0.01,31350
GHA-LN-11938,Alpha Bank Ghana,Mining,SME Asset Financing,19/03/2025,211000,37.41,45,Other Loans Especially Mentioned (OLEM),0,NA,NA
GHA-LN-11939,Zenith Frontier Bank,Manufacturing,Overdraft,17/12/2023,1644000,30.33,0,Current,0,0.01,16440
GHA-LN-11940,Alpha Bank Ghana,Construction,SME Asset Financing,15/06/2025,7077000,34.27,0,Current,0,0.01,70770
GHA-LN-11941,Meridian Credit Bank,Services,Overdraft,04/02/2025,26505000,29.45,45,Other Loans Especially Mentioned (OLEM),0,NA,NA
GHA-LN-11942,Beacon Trust Bank,Commerce & Finance,Syndicated Loan,19/01/2022,1924000,27.57,210,Doubtful,1,0.5,962000
GHA-LN-11943,Savannah National Bank,Services,Overdraft,01/04/2022,369000,34.14,0,Current,0,0.01,3690
GHA-LN-11944,Savannah National Bank,Manufacturing,Syndicated Loan,12/10/2023,7353000,34.78,75,Other Loans Especially Mentioned (OLEM),0,NA,NA
GHA-LN-11945,Meridian Credit Bank,Mining,Overdraft,26/02/2024,3662000,36.23,75,Other Loans Especially Mentioned (OLEM),0,NA,NA
GHA-LN-11946,Alpha Bank Ghana,Construction,Overdraft,04/03/2024,6991000,26.68,0,Current,0,0.01,69910
GHA-LN-11947,Savannah National Bank,Commerce & Finance,Overdraft,06/09/2024,2192000,26.02,0,Current,0,0.01,21920
GHA-LN-11948,Meridian Credit Bank,Agriculture,Syndicated Loan,23/12/2025,2136000,28.87,0,Current,0,0.01,21360
GHA-LN-11949,Beacon Trust Bank,Agriculture,SME Asset Financing,02/02/2025,513000,34.56,0,Current,0,0.01,5130
GHA-LN-11950,Meridian Credit Bank,Commerce & Finance,Overdraft,29/04/2022,195000,26.95,75,Other Loans Especially Mentioned (OLEM),0,NA,NA
GHA-LN-11951,Zenith Frontier Bank,Services,Syndicated Loan,06/04/2024,4724000,37.7,15,Current,0,0.01,47240
GHA-LN-11952,Beacon Trust Bank,Unclassified,Syndicated Loan,12/07/2024,1307000,28.96,0,Current,0,0.01,13070
GHA-LN-11953,Zenith Frontier Bank,Commerce & Finance,Term Loan,11/12/2025,368000,28.93,0,Current,0,0.01,3680
GHA-LN-11954,Meridian Credit Bank,Construction,Overdraft,19/05/2023,2479000,36,0,Current,0,0.01,24790
GHA-LN-11955,Beacon Trust Bank,Construction,SME Asset Financing,02/02/2022,2551000,28.24,0,Current,0,0.01,25510
GHA-LN-11956,Meridian Credit Bank,Services,Syndicated Loan,12/02/2024,3863000,27.7,0,Current,0,0.01,38630
GHA-LN-11957,Meridian Credit Bank,Services,Term Loan,02/10/2023,582000,29.65,0,Current,0,0.01,5820
GHA-LN-11958,Alpha Bank Ghana,Commerce & Finance,SME Asset Financing,14/01/2024,7258000,37.32,120,Substandard,1,0.2,1451600
GHA-LN-11959,Alpha Bank Ghana,Construction,Syndicated Loan,15/09/2022,4647000,30.52,0,Current,0,0.01,46470
GHA-LN-11960,Alpha Bank Ghana,Services,Term Loan,20/03/2022,6532000,30.53,0,Current,0,0.01,65320
GHA-LN-11961,Savannah National Bank,Commerce & Finance,SME Asset Financing,22/06/2025,6014000,29.87,15,Current,0,0.01,60140
GHA-LN-11962,Savannah National Bank,Manufacturing,SME Asset Financing,24/05/2024,2632000,26.43,0,Current,0,0.01,26320
GHA-LN-11963,Alpha Bank Ghana,Commerce & Finance,SME Asset Financing,29/01/2025,4841000,32.39,120,Substandard,1,0.2,968200
GHA-LN-11964,Zenith Frontier Bank,Commerce & Finance,Overdraft,12/05/2025,3759000,37.54,15,Current,0,0.01,37590
GHA-LN-11965,Zenith Frontier Bank,Agriculture,Term Loan,27/03/2025,7323000,26.01,0,Current,0,0.01,73230
GHA-LN-11966,Alpha Bank Ghana,Commerce & Finance,Syndicated Loan,06/06/2023,5934000,33.27,15,Current,0,0.01,59340
GHA-LN-11967,Beacon Trust Bank,Construction,SME Asset Financing,08/06/2023,273000,35.25,0,Current,0,0.01,2730
GHA-LN-11968,Meridian Credit Bank,Manufacturing,Term Loan,28/11/2023,886000,35.66,0,Current,0,0.01,8860
GHA-LN-11969,Alpha Bank Ghana,Services,Overdraft,20/10/2023,3204000,34.65,75,Other Loans Especially Mentioned (OLEM),0,NA,NA
GHA-LN-11970,Meridian Credit Bank,Manufacturing,Overdraft,20/08/2025,6414000,27.7,0,Current,0,0.01,64140
GHA-LN-11971,Alpha Bank Ghana,Manufacturing,Overdraft,15/03/2022,6542000,34.13,15,Current,0,0.01,65420
GHA-LN-11972,Beacon Trust Bank,Manufacturing,Term Loan,11/09/2025,5753000,26.26,0,Current,0,0.01,57530
GHA-LN-11973,Zenith Frontier Bank,Manufacturing,Overdraft,20/09/2023,5276000,30.28,45,Other Loans Especially Mentioned (OLEM),0,NA,NA
GHA-LN-11974,Zenith Frontier Bank,Commerce & Finance,SME Asset Financing,19/11/2022,4325000,28.44,75,Other Loans Especially Mentioned (OLEM),0,NA,NA
GHA-LN-11975,Alpha Bank Ghana,Manufacturing,Term Loan,23/10/2025,2367000,33.9,0,Current,0,0.01,23670
GHA-LN-11976,Alpha Bank Ghana,Commerce & Finance,SME Asset Financing,17/02/2025,1779000,26.27,0,Current,0,0.01,17790
GHA-LN-11977,Savannah National Bank,Services,Syndicated Loan,27/04/2025,3998000,35.87,15,Current,0,0.01,39980
GHA-LN-11978,Alpha Bank Ghana,Services,Overdraft,04/11/2023,6585000,31.48,0,Current,0,0.01,65850
GHA-LN-11979,Meridian Credit Bank,Manufacturing,Term Loan,23/09/2023,6637000,31.77,120,Substandard,1,0.2,1327400
GHA-LN-11980,Zenith Frontier Bank,Manufacturing,Term Loan,21/11/2025,7257000,34.16,0,Current,0,0.01,72570
GHA-LN-11981,Meridian Credit Bank,Services,Term Loan,26/01/2022,2325000,30.27,120,Substandard,1,0.2,465000
GHA-LN-11982,Savannah National Bank,Construction,Term Loan,08/09/2024,7050000,36.21,0,Current,0,0.01,70500
GHA-LN-11983,Savannah National Bank,Agriculture,Overdraft,11/02/2025,1589000,26.97,0,Current,0,0.01,15890
GHA-LN-11984,Savannah National Bank,Services,Overdraft,30/06/2025,654000,36.92,120,Substandard,1,0.2,130800
GHA-LN-11985,Alpha Bank Ghana,Commerce & Finance,Overdraft,05/07/2025,4421000,30.78,0,Current,0,0.01,44210
GHA-LN-11986,Meridian Credit Bank,Agriculture,Syndicated Loan,18/01/2025,3358000,36.47,0,Current,0,0.01,33580
GHA-LN-11987,Savannah National Bank,Construction,Syndicated Loan,08/08/2022,7088000,33.8,0,Current,0,0.01,70880
GHA-LN-11988,Savannah National Bank,Services,SME Asset Financing,08/06/2023,11655000,32.96,0,Current,0,0.01,116550
GHA-LN-11989,Savannah National Bank,Commerce & Finance,Overdraft,28/07/2024,89000,34.62,0,Current,0,0.01,890
GHA-LN-11990,Beacon Trust Bank,Construction,Syndicated Loan,03/02/2025,2847000,35.74,75,Other Loans Especially Mentioned (OLEM),0,NA,NA
GHA-LN-11991,Savannah National Bank,Commerce & Finance,SME Asset Financing,26/11/2025,5999000,30.34,0,Current,0,0.01,59990
GHA-LN-11992,Zenith Frontier Bank,Services,Overdraft,13/07/2024,7137000,37.08,0,Current,0,0.01,71370
GHA-LN-11993,Zenith Frontier Bank,Services,Term Loan,07/04/2023,5658000,37.91,0,Current,0,0.01,56580
GHA-LN-11994,Savannah National Bank,Mining,Overdraft,18/10/2024,2411000,34.99,0,Current,0,0.01,24110
GHA-LN-11995,Beacon Trust Bank,Unclassified,Syndicated Loan,16/04/2024,844000,32.66,120,Substandard,1,0.2,168800
GHA-LN-11996,Beacon Trust Bank,Agriculture,Overdraft,30/03/2025,5025000,27.49,0,Current,0,0.01,50250
GHA-LN-11997,Beacon Trust Bank,Commerce & Finance,Syndicated Loan,02/12/2023,7313000,33.75,0,Current,0,0.01,73130
GHA-LN-11998,Zenith Frontier Bank,Manufacturing,Syndicated Loan,15/01/2022,6959000,30.08,120,Substandard,1,0.2,1391800
GHA-LN-11999,Zenith Frontier Bank,Commerce & Finance,Syndicated Loan,16/07/2024,3455000,37.1,75,Other Loans Especially Mentioned (OLEM),0,NA,NA
GHA-LN-12000,Savannah National Bank,Agriculture,SME Asset Financing,20/07/2024,2322000,35.85,0,Current,0,0.01,23220
GHA-LN-12001,Zenith Frontier Bank,Services,SME Asset Financing,06/12/2024,2286000,28.43,0,Current,0,0.01,22860
GHA-LN-12002,Alpha Bank Ghana,Commerce & Finance,Syndicated Loan,08/06/2024,4927000,37.86,15,Current,0,0.01,49270
GHA-LN-12003,Zenith Frontier Bank,Manufacturing,Syndicated Loan,22/01/2025,5170000,34.63,0,Current,0,0.01,51700
GHA-LN-12004,Zenith Frontier Bank,Mining,Syndicated Loan,17/08/2025,6746000,30.62,75,Other Loans Especially Mentioned (OLEM),0,NA,NA
GHA-LN-12005,Beacon Trust Bank,Manufacturing,SME Asset Financing,20/02/2026,7354000,32.67,15,Current,0,0.01,73540
GHA-LN-12006,Alpha Bank Ghana,Commerce & Finance,Syndicated Loan,03/02/2026,5813000,32.75,0,Current,0,0.01,58130
GHA-LN-12007,Meridian Credit Bank,Mining,Overdraft,03/05/2024,6106000,33.33,0,Current,0,0.01,61060
GHA-LN-12008,Savannah National Bank,Agriculture,Overdraft,17/11/2022,1414000,32.48,0,Current,0,0.01,14140
GHA-LN-12009,Beacon Trust Bank,Manufacturing,Syndicated Loan,06/05/2024,1083000,35.01,0,Current,0,0.01,10830
GHA-LN-12010,Meridian Credit Bank,Commerce & Finance,Term Loan,22/04/2023,2138000,26.95,15,Current,0,0.01,21380
GHA-LN-12011,Zenith Frontier Bank,Services,SME Asset Financing,12/01/2022,369000,37.57,0,Current,0,0.01,3690
GHA-LN-12012,Beacon Trust Bank,Agriculture,Term Loan,20/11/2025,6608000,34.07,0,Current,0,0.01,66080
GHA-LN-12013,Meridian Credit Bank,Manufacturing,Term Loan,31/07/2024,3990000,26.88,15,Current,0,0.01,39900
GHA-LN-12014,Savannah National Bank,Construction,Syndicated Loan,22/05/2024,1065000,28.51,15,Current,0,0.01,10650
GHA-LN-12015,Savannah National Bank,Commerce & Finance,Term Loan,02/11/2025,4959000,29.91,0,Current,0,0.01,49590
GHA-LN-12016,Beacon Trust Bank,Services,Overdraft,14/06/2024,1763000,28.79,0,Current,0,0.01,17630
GHA-LN-12017,Meridian Credit Bank,Construction,Syndicated Loan,01/03/2026,1148000,29.72,0,Current,0,0.01,11480
GHA-LN-12018,Alpha Bank Ghana,Agriculture,Syndicated Loan,20/12/2023,6771000,30.91,0,Current,0,0.01,67710
GHA-LN-12019,Meridian Credit Bank,Commerce & Finance,Overdraft,31/05/2023,2209000,30.84,0,Current,0,0.01,22090
GHA-LN-12020,Alpha Bank Ghana,Construction,Term Loan,26/04/2022,6691000,33.49,210,Doubtful,1,0.5,3345500
GHA-LN-12021,Savannah National Bank,Commerce & Finance,Term Loan,12/07/2024,1803000,36.76,15,Current,0,0.01,18030
GHA-LN-12022,Zenith Frontier Bank,Commerce & Finance,Syndicated Loan,10/01/2024,4109000,34.6,0,Current,0,0.01,41090
GHA-LN-12023,Zenith Frontier Bank,Manufacturing,Term Loan,26/06/2023,1879000,32.76,0,Current,0,0.01,18790
GHA-LN-12024,Zenith Frontier Bank,Construction,Term Loan,03/04/2022,4437000,35.02,0,Current,0,0.01,44370
GHA-LN-12025,Zenith Frontier Bank,Construction,Syndicated Loan,04/06/2024,2409000,31.79,0,Current,0,0.01,24090
GHA-LN-12026,Zenith Frontier Bank,Services,SME Asset Financing,21/09/2023,4860000,30.25,0,Current,0,0.01,48600
GHA-LN-12028,Beacon Trust Bank,Agriculture,Term Loan,11/07/2024,18165000,27.18,0,Current,0,0.01,181650
GHA-LN-12029,Zenith Frontier Bank,Agriculture,Overdraft,15/04/2025,1632000,28.52,15,Current,0,0.01,16320
GHA-LN-12030,Alpha Bank Ghana,Services,SME Asset Financing,12/12/2024,5961000,36.35,0,Current,0,0.01,59610
GHA-LN-12031,Beacon Trust Bank,Commerce & Finance,Overdraft,19/02/2022,6847000,33.34,0,Current,0,0.01,68470
GHA-LN-12032,Beacon Trust Bank,Manufacturing,Syndicated Loan,03/10/2022,5895000,34.58,0,Current,0,0.01,58950
GHA-LN-12033,Alpha Bank Ghana,Agriculture,Syndicated Loan,05/05/2022,4351000,28.04,0,Current,0,0.01,43510
GHA-LN-12034,Savannah National Bank,Services,Syndicated Loan,18/03/2025,6320000,35.33,120,Substandard,1,0.2,1264000
GHA-LN-12035,Beacon Trust Bank,Manufacturing,SME Asset Financing,10/08/2025,2269000,29.83,0,Current,0,0.01,22690
GHA-LN-12036,Beacon Trust Bank,Commerce & Finance,SME Asset Financing,13/02/2026,5844000,27.31,0,Current,0,0.01,58440
GHA-LN-12037,Zenith Frontier Bank,Agriculture,Term Loan,10/11/2024,4579000,28.33,0,Current,0,0.01,45790
GHA-LN-12038,Zenith Frontier Bank,Manufacturing,Overdraft,18/02/2025,2512000,28.26,0,Current,0,0.01,25120
GHA-LN-12039,Alpha Bank Ghana,Construction,Syndicated Loan,11/06/2025,7019000,34.2,15,Current,0,0.01,70190
GHA-LN-12040,Beacon Trust Bank,Commerce & Finance,Term Loan,06/08/2022,4734000,33.89,15,Current,0,0.01,47340
GHA-LN-12041,Savannah National Bank,Agriculture,Syndicated Loan,13/04/2024,6542000,29.42,45,Other Loans Especially Mentioned (OLEM),0,NA,NA
GHA-LN-12042,Zenith Frontier Bank,Mining,SME Asset Financing,30/03/2024,1471000,35.03,0,Current,0,0.01,14710
GHA-LN-12043,Alpha Bank Ghana,Services,Syndicated Loan,09/03/2023,3152000,37.76,210,Doubtful,1,0.5,1576000
GHA-LN-12044,Alpha Bank Ghana,Construction,Overdraft,16/08/2024,1785000,28.11,0,Current,0,0.01,17850
GHA-LN-12045,Zenith Frontier Bank,Construction,Overdraft,06/02/2025,2769000,30.06,0,Current,0,0.01,27690
GHA-LN-12046,Meridian Credit Bank,Commerce & Finance,Overdraft,30/10/2023,93000,37.8,0,Current,0,0.01,930
GHA-LN-12047,Beacon Trust Bank,Commerce & Finance,Syndicated Loan,16/07/2022,3756000,32.09,0,Current,0,0.01,37560
GHA-LN-12048,Alpha Bank Ghana,Commerce & Finance,Overdraft,21/04/2024,6789000,28.57,0,Current,0,0.01,67890
GHA-LN-12049,Savannah National Bank,Services,SME Asset Financing,21/08/2025,2148000,27.15,0,Current,0,0.01,21480
GHA-LN-12050,Beacon Trust Bank,Services,Term Loan,01/07/2025,1500000,36.45,0,Current,0,0.01,15000
GHA-LN-12051,Savannah National Bank,Agriculture,Term Loan,07/10/2022,39240000,36.78,0,Current,0,0.01,392400
GHA-LN-12052,Beacon Trust Bank,Services,SME Asset Financing,07/01/2025,926000,37.37,0,Current,0,0.01,9260
GHA-LN-12053,Alpha Bank Ghana,Construction,SME Asset Financing,29/04/2022,5062000,37.91,0,Current,0,0.01,50620
GHA-LN-12054,Zenith Frontier Bank,Services,Syndicated Loan,09/04/2025,4697000,37.69,0,Current,0,0.01,46970
GHA-LN-12055,Meridian Credit Bank,Commerce & Finance,Overdraft,22/07/2024,4352000,30.35,0,Current,0,0.01,43520
GHA-LN-12056,Savannah National Bank,Commerce & Finance,Term Loan,23/02/2025,956000,27.72,0,Current,0,0.01,9560
GHA-LN-12057,Beacon Trust Bank,Commerce & Finance,Syndicated Loan,10/10/2025,5885000,36.72,0,Current,0,0.01,58850
GHA-LN-12058,Alpha Bank Ghana,Manufacturing,Syndicated Loan,07/01/2026,4835000,32.8,0,Current,0,0.01,48350
GHA-LN-12059,Zenith Frontier Bank,Manufacturing,Term Loan,18/07/2025,5775000,35.82,210,Doubtful,1,0.5,2887500
GHA-LN-12060,Meridian Credit Bank,Construction,Term Loan,27/11/2024,4930000,29.86,120,Substandard,1,0.2,986000
GHA-LN-12061,Savannah National Bank,Unclassified,Term Loan,30/10/2025,3053000,26.78,15,Current,0,0.01,30530
GHA-LN-12062,Zenith Frontier Bank,Commerce & Finance,Syndicated Loan,11/01/2026,677000,27.69,0,Current,0,0.01,6770
GHA-LN-12063,Savannah National Bank,Commerce & Finance,Overdraft,24/01/2026,720000,34.2,0,Current,0,0.01,7200
GHA-LN-12064,Beacon Trust Bank,Services,Overdraft,04/09/2023,5967000,27.43,0,Current,0,0.01,59670
GHA-LN-12065,Zenith Frontier Bank,Mining,Overdraft,09/03/2025,5306000,28.36,0,Current,0,0.01,53060
GHA-LN-12066,Savannah National Bank,Manufacturing,Overdraft,21/01/2024,1074000,32.51,120,Substandard,1,0.2,214800
GHA-LN-12067,Savannah National Bank,Commerce & Finance,Term Loan,09/09/2025,2044000,37.56,0,Current,0,0.01,20440
GHA-LN-12068,Savannah National Bank,Mining,Overdraft,22/02/2022,787000,28.73,0,Current,0,0.01,7870
GHA-LN-12069,Meridian Credit Bank,Manufacturing,Overdraft,20/08/2022,2521000,34.16,0,Current,0,0.01,25210
GHA-LN-12070,Meridian Credit Bank,Construction,Syndicated Loan,13/07/2023,474000,36.74,0,Current,0,0.01,4740
GHA-LN-12071,Savannah National Bank,Construction,SME Asset Financing,12/07/2023,2495000,32.15,45,Other Loans Especially Mentioned (OLEM),0,NA,NA
GHA-LN-12072,Zenith Frontier Bank,Commerce & Finance,Syndicated Loan,16/06/2023,453000,32.52,45,Other Loans Especially Mentioned (OLEM),0,NA,NA
GHA-LN-12073,Zenith Frontier Bank,Manufacturing,Syndicated Loan,14/06/2022,5358000,33.37,0,Current,0,0.01,53580
GHA-LN-12074,Beacon Trust Bank,Manufacturing,Overdraft,26/03/2025,4691000,27.85,0,Current,0,0.01,46910
GHA-LN-12075,Alpha Bank Ghana,Services,Term Loan,22/02/2026,6218000,30.24,0,Current,0,0.01,62180
GHA-LN-12076,Savannah National Bank,Construction,SME Asset Financing,18/02/2025,2059000,35.75,0,Current,0,0.01,20590
GHA-LN-12077,Meridian Credit Bank,Construction,Term Loan,25/08/2023,7452000,26.23,0,Current,0,0.01,74520
GHA-LN-12078,Alpha Bank Ghana,Services,Term Loan,03/11/2024,4890000,33.39,0,Current,0,0.01,48900
GHA-LN-12079,Beacon Trust Bank,Services,SME Asset Financing,02/05/2025,1004000,37.99,0,Current,0,0.01,10040
GHA-LN-12080,Zenith Frontier Bank,Construction,SME Asset Financing,23/11/2025,1374000,33.99,45,Other Loans Especially Mentioned (OLEM),0,NA,NA
GHA-LN-12081,Zenith Frontier Bank,Agriculture,SME Asset Financing,21/09/2023,3845000,33.18,15,Current,0,0.01,38450
GHA-LN-12082,Savannah National Bank,Manufacturing,SME Asset Financing,11/11/2023,1317000,31.12,0,Current,0,0.01,13170
GHA-LN-12083,Zenith Frontier Bank,Commerce & Finance,SME Asset Financing,02/08/2022,2519000,35.25,0,Current,0,0.01,25190
GHA-LN-12084,Zenith Frontier Bank,Manufacturing,Overdraft,20/11/2023,7230000,37.19,0,Current,0,0.01,72300
GHA-LN-12085,Alpha Bank Ghana,Unclassified,Syndicated Loan,08/04/2022,5927000,36.61,0,Current,0,0.01,59270
GHA-LN-12086,Zenith Frontier Bank,Commerce & Finance,SME Asset Financing,09/02/2025,1358000,27.08,0,Current,0,0.01,13580
GHA-LN-12087,Alpha Bank Ghana,Commerce & Finance,Term Loan,15/02/2026,4136000,27.21,0,Current,0,0.01,41360
GHA-LN-12088,Savannah National Bank,Manufacturing,SME Asset Financing,17/10/2023,5935000,30.91,0,Current,0,0.01,59350
GHA-LN-12089,Alpha Bank Ghana,Manufacturing,Overdraft,15/06/2024,1761000,33.82,120,Substandard,1,0.2,352200
GHA-LN-12090,Savannah National Bank,Manufacturing,Syndicated Loan,11/02/2022,383000,37.78,0,Current,0,0.01,3830
GHA-LN-12091,Beacon Trust Bank,Commerce & Finance,Term Loan,03/09/2022,2944000,35.12,15,Current,0,0.01,29440
GHA-LN-12092,Zenith Frontier Bank,Services,Syndicated Loan,01/01/2022,2916000,37.16,0,Current,0,0.01,29160
GHA-LN-12093,Zenith Frontier Bank,Manufacturing,Term Loan,20/11/2025,5164000,29.31,210,Doubtful,1,0.5,2582000
GHA-LN-12094,Alpha Bank Ghana,Manufacturing,Term Loan,22/08/2023,719000,29.7,0,Current,0,0.01,7190
GHA-LN-12095,Savannah National Bank,Unclassified,Term Loan,12/09/2025,3633000,35.46,15,Current,0,0.01,36330
GHA-LN-12096,Meridian Credit Bank,Construction,Term Loan,21/02/2026,1437000,35.5,0,Current,0,0.01,14370
GHA-LN-12097,Meridian Credit Bank,Agriculture,SME Asset Financing,25/01/2025,2643000,30.06,0,Current,0,0.01,26430
GHA-LN-12098,Alpha Bank Ghana,Mining,SME Asset Financing,29/01/2024,7079000,36.55,0,Current,0,0.01,70790
GHA-LN-12099,Meridian Credit Bank,Services,Overdraft,22/05/2025,7294000,26.22,0,Current,0,0.01,72940
GHA-LN-12100,Zenith Frontier Bank,Commerce & Finance,Overdraft,08/07/2024,3338000,36.78,0,Current,0,0.01,33380
GHA-LN-12101,Savannah National Bank,Agriculture,Term Loan,31/08/2024,6959000,34.17,0,Current,0,0.01,69590
GHA-LN-12102,Alpha Bank Ghana,Agriculture,SME Asset Financing,01/01/2025,6417000,34.35,210,Doubtful,1,0.5,3208500
GHA-LN-12103,Beacon Trust Bank,Manufacturing,SME Asset Financing,13/08/2023,6065000,35.96,0,Current,0,0.01,60650
GHA-LN-12104,Alpha Bank Ghana,Services,Overdraft,17/01/2023,6415000,28.56,15,Current,0,0.01,64150
GHA-LN-12105,Savannah National Bank,Construction,Syndicated Loan,26/06/2022,5056000,26.03,0,Current,0,0.01,50560
GHA-LN-12106,Zenith Frontier Bank,Agriculture,Syndicated Loan,29/05/2025,7346000,31.71,0,Current,0,0.01,73460
GHA-LN-12107,Savannah National Bank,Construction,SME Asset Financing,28/06/2024,4186000,37.19,120,Substandard,1,0.2,837200
GHA-LN-12108,Beacon Trust Bank,Manufacturing,SME Asset Financing,23/07/2024,2688000,31.02,0,Current,0,0.01,26880
GHA-LN-12109,Beacon Trust Bank,Manufacturing,SME Asset Financing,24/08/2023,3007000,36.89,0,Current,0,0.01,30070
GHA-LN-12110,Alpha Bank Ghana,Construction,SME Asset Financing,01/03/2024,6493000,34.76,0,Current,0,0.01,64930
GHA-LN-12111,Alpha Bank Ghana,Agriculture,Term Loan,15/01/2024,6012000,32.62,0,Current,0,0.01,60120
GHA-LN-12112,Zenith Frontier Bank,Commerce & Finance,Overdraft,21/12/2022,2999000,33.53,0,Current,0,0.01,29990
GHA-LN-12113,Alpha Bank Ghana,Unclassified,Overdraft,07/03/2024,3200000,29.28,0,Current,0,0.01,32000
GHA-LN-12114,Alpha Bank Ghana,Agriculture,Syndicated Loan,26/11/2024,374000,28.78,0,Current,0,0.01,3740
GHA-LN-12115,Meridian Credit Bank,Commerce & Finance,Syndicated Loan,10/10/2025,471000,37.94,210,Doubtful,1,0.5,235500
GHA-LN-12116,Beacon Trust Bank,Agriculture,Overdraft,27/02/2023,3182000,36.15,0,Current,0,0.01,31820
GHA-LN-12117,Alpha Bank Ghana,Mining,SME Asset Financing,06/04/2024,4528000,29.1,0,Current,0,0.01,45280
GHA-LN-12118,Beacon Trust Bank,Commerce & Finance,Overdraft,10/05/2023,4152000,34.68,0,Current,0,0.01,41520
GHA-LN-12119,Savannah National Bank,Services,Overdraft,16/05/2024,2858000,36.7,0,Current,0,0.01,28580
GHA-LN-12120,Meridian Credit Bank,Agriculture,Term Loan,07/06/2023,6761000,30.73,15,Current,0,0.01,67610
GHA-LN-12121,Alpha Bank Ghana,Construction,SME Asset Financing,29/10/2025,1470000,28.53,0,Current,0,0.01,14700
GHA-LN-12122,Savannah National Bank,Mining,SME Asset Financing,13/08/2022,2163000,37.59,0,Current,0,0.01,21630
GHA-LN-12123,Savannah National Bank,Services,Term Loan,14/06/2023,906000,31.6,0,Current,0,0.01,9060
GHA-LN-12124,Savannah National Bank,Services,Overdraft,06/01/2022,7007000,35.95,0,Current,0,0.01,70070
GHA-LN-12125,Meridian Credit Bank,Manufacturing,SME Asset Financing,23/02/2022,6476000,37,45,Other Loans Especially Mentioned (OLEM),0,NA,NA
GHA-LN-12126,Alpha Bank Ghana,Services,SME Asset Financing,27/10/2023,2822000,28.08,0,Current,0,0.01,28220
GHA-LN-12127,Beacon Trust Bank,Construction,SME Asset Financing,06/07/2023,4651000,30.51,0,Current,0,0.01,46510
GHA-LN-12128,Beacon Trust Bank,Commerce & Finance,Syndicated Loan,24/05/2025,2427000,29.57,0,Current,0,0.01,24270
GHA-LN-12129,Savannah National Bank,Commerce & Finance,SME Asset Financing,13/03/2025,196000,34.58,45,Other Loans Especially Mentioned (OLEM),0,NA,NA
GHA-LN-12130,Zenith Frontier Bank,Services,Term Loan,17/10/2024,1482000,32.84,0,Current,0,0.01,14820
GHA-LN-12131,Meridian Credit Bank,Manufacturing,Overdraft,02/04/2022,3910000,29.24,15,Current,0,0.01,39100
GHA-LN-12132,Meridian Credit Bank,Commerce & Finance,Syndicated Loan,11/08/2025,3767000,27.64,0,Current,0,0.01,37670
GHA-LN-12133,Savannah National Bank,Commerce & Finance,SME Asset Financing,06/12/2022,5816000,37.07,0,Current,0,0.01,58160
GHA-LN-12134,Meridian Credit Bank,Commerce & Finance,Term Loan,17/05/2022,1572000,32.25,45,Other Loans Especially Mentioned (OLEM),0,NA,NA
GHA-LN-12135,Meridian Credit Bank,Mining,Syndicated Loan,08/05/2024,574000,30.56,0,Current,0,0.01,5740
GHA-LN-12136,Savannah National Bank,Unclassified,SME Asset Financing,13/02/2026,1302000,27.72,0,Current,0,0.01,13020
GHA-LN-12137,Meridian Credit Bank,Construction,Overdraft,12/10/2022,1608000,30.92,75,Other Loans Especially Mentioned (OLEM),0,NA,NA
GHA-LN-12138,Zenith Frontier Bank,Construction,Syndicated Loan,27/06/2025,3916000,27.83,210,Doubtful,1,0.5,1958000
GHA-LN-12139,Beacon Trust Bank,Agriculture,Overdraft,05/02/2025,1377000,31.98,0,Current,0,0.01,13770
GHA-LN-12140,Zenith Frontier Bank,Commerce & Finance,Term Loan,15/06/2023,2250000,33.34,0,Current,0,0.01,22500
GHA-LN-12141,Beacon Trust Bank,Services,SME Asset Financing,10/09/2022,1974000,34.8,0,Current,0,0.01,19740
GHA-LN-12142,Savannah National Bank,Manufacturing,SME Asset Financing,08/03/2022,478000,28.86,0,Current,0,0.01,4780
GHA-LN-12143,Meridian Credit Bank,Manufacturing,Overdraft,17/09/2025,2373000,27.41,45,Other Loans Especially Mentioned (OLEM),0,NA,NA
GHA-LN-12144,Savannah National Bank,Agriculture,SME Asset Financing,17/01/2026,7056000,28.28,0,Current,0,0.01,70560
GHA-LN-12145,Zenith Frontier Bank,Manufacturing,Term Loan,15/04/2023,6390000,33.74,0,Current,0,0.01,63900
GHA-LN-12146,Beacon Trust Bank,Agriculture,Syndicated Loan,19/04/2025,713000,29.96,0,Current,0,0.01,7130
GHA-LN-12147,Savannah National Bank,Manufacturing,Overdraft,19/01/2025,6997000,30.87,0,Current,0,0.01,69970
GHA-LN-12148,Zenith Frontier Bank,Commerce & Finance,Overdraft,17/08/2025,5468000,31.52,0,Current,0,0.01,54680
GHA-LN-12149,Beacon Trust Bank,Unclassified,Overdraft,31/12/2025,5447000,34.66,45,Other Loans Especially Mentioned (OLEM),0,NA,NA
GHA-LN-12150,Meridian Credit Bank,Construction,SME Asset Financing,18/11/2024,2592000,35.5,15,Current,0,0.01,25920
GHA-LN-12151,Zenith Frontier Bank,Services,Overdraft,21/08/2024,7454000,36.22,0,Current,0,0.01,74540
GHA-LN-12152,Zenith Frontier Bank,Services,Overdraft,20/10/2024,6670000,28.27,0,Current,0,0.01,66700
GHA-LN-12153,Zenith Frontier Bank,Commerce & Finance,Syndicated Loan,24/02/2024,3289000,36.98,0,Current,0,0.01,32890
GHA-LN-12154,Alpha Bank Ghana,Mining,Term Loan,13/09/2022,5046000,26.62,0,Current,0,0.01,50460
GHA-LN-12155,Beacon Trust Bank,Agriculture,SME Asset Financing,18/02/2026,5660000,31.06,15,Current,0,0.01,56600
GHA-LN-12156,Alpha Bank Ghana,Commerce & Finance,Term Loan,05/08/2023,2086000,26.63,0,Current,0,0.01,20860
GHA-LN-12157,Beacon Trust Bank,Services,Overdraft,17/02/2022,4571000,32.72,0,Current,0,0.01,45710
GHA-LN-12158,Savannah National Bank,Agriculture,Term Loan,01/10/2025,6917000,28.46,0,Current,0,0.01,69170
GHA-LN-12159,Zenith Frontier Bank,Construction,Syndicated Loan,21/02/2026,5716000,27.69,0,Current,0,0.01,57160
GHA-LN-12160,Meridian Credit Bank,Commerce & Finance,SME Asset Financing,06/07/2022,2522000,28.66,0,Current,0,0.01,25220
GHA-LN-12161,Savannah National Bank,Services,Term Loan,10/07/2022,5510000,27.4,120,Substandard,1,0.2,1102000
GHA-LN-12162,Meridian Credit Bank,Commerce & Finance,Overdraft,07/06/2022,5581000,30.96,120,Substandard,1,0.2,1116200
GHA-LN-12163,Meridian Credit Bank,Construction,Syndicated Loan,15/06/2022,4882000,32.13,0,Current,0,0.01,48820
GHA-LN-12164,Savannah National Bank,Services,Term Loan,28/01/2025,7000000,37.11,0,Current,0,0.01,70000
GHA-LN-12165,Zenith Frontier Bank,Manufacturing,SME Asset Financing,23/04/2023,6709000,29.13,210,Doubtful,1,0.5,3354500
GHA-LN-12166,Zenith Frontier Bank,Manufacturing,Syndicated Loan,18/02/2024,6237000,29.85,0,Current,0,0.01,62370
GHA-LN-12167,Savannah National Bank,Agriculture,Overdraft,31/07/2022,4426000,36.13,0,Current,0,0.01,44260
GHA-LN-12168,Savannah National Bank,Agriculture,Overdraft,19/01/2026,6435000,33.57,15,Current,0,0.01,64350
GHA-LN-12169,Beacon Trust Bank,Construction,Overdraft,02/04/2025,4265000,35.68,15,Current,0,0.01,42650
GHA-LN-12170,Alpha Bank Ghana,Commerce & Finance,Syndicated Loan,24/01/2026,1148000,32.96,0,Current,0,0.01,11480
GHA-LN-12171,Beacon Trust Bank,Manufacturing,Term Loan,25/12/2024,1759000,30.07,75,Other Loans Especially Mentioned (OLEM),0,NA,NA
GHA-LN-12172,Beacon Trust Bank,Commerce & Finance,Syndicated Loan,18/02/2025,5798000,27.88,0,Current,0,0.01,57980
GHA-LN-12173,Meridian Credit Bank,Services,Syndicated Loan,14/10/2022,1053000,34.85,0,Current,0,0.01,10530
GHA-LN-12174,Savannah National Bank,Commerce & Finance,Term Loan,24/07/2024,782000,28.09,0,Current,0,0.01,7820
GHA-LN-12175,Meridian Credit Bank,Services,SME Asset Financing,14/02/2022,323000,31.31,0,Current,0,0.01,3230
GHA-LN-12176,Beacon Trust Bank,Manufacturing,Overdraft,28/02/2025,3042000,33.23,0,Current,0,0.01,30420
GHA-LN-12177,Savannah National Bank,Construction,SME Asset Financing,19/04/2024,2500000,33.19,0,Current,0,0.01,25000
GHA-LN-12178,Savannah National Bank,Manufacturing,Term Loan,25/11/2025,6768000,31.26,0,Current,0,0.01,67680
GHA-LN-12179,Zenith Frontier Bank,Commerce & Finance,SME Asset Financing,05/12/2022,2954000,29.42,15,Current,0,0.01,29540
GHA-LN-12180,Zenith Frontier Bank,Commerce & Finance,Term Loan,21/06/2023,1848000,29.57,0,Current,0,0.01,18480
GHA-LN-12181,Zenith Frontier Bank,Agriculture,Term Loan,01/01/2022,7137000,29,120,Substandard,1,0.2,1427400
GHA-LN-12182,Zenith Frontier Bank,Construction,Overdraft,23/11/2022,5042000,28.68,45,Other Loans Especially Mentioned (OLEM),0,NA,NA
GHA-LN-12183,Savannah National Bank,Construction,SME Asset Financing,12/03/2024,3583000,26.53,0,Current,0,0.01,35830
GHA-LN-12184,Alpha Bank Ghana,Manufacturing,Overdraft,06/06/2024,3553000,30.81,0,Current,0,0.01,35530
GHA-LN-12185,Savannah National Bank,Manufacturing,Overdraft,05/07/2023,6805000,36.64,0,Current,0,0.01,68050
GHA-LN-12186,Alpha Bank Ghana,Manufacturing,Syndicated Loan,12/11/2022,545000,27.35,45,Other Loans Especially Mentioned (OLEM),0,NA,NA
GHA-LN-12187,Beacon Trust Bank,Unclassified,Overdraft,01/04/2024,6350000,30.98,120,Substandard,1,0.2,1270000
GHA-LN-12188,Zenith Frontier Bank,Manufacturing,Term Loan,29/01/2024,1347000,27.29,0,Current,0,0.01,13470
GHA-LN-12189,Meridian Credit Bank,Agriculture,Syndicated Loan,23/12/2023,4553000,35.3,45,Other Loans Especially Mentioned (OLEM),0,NA,NA
GHA-LN-12190,Meridian Credit Bank,Services,SME Asset Financing,22/12/2024,6276000,30.72,0,Current,0,0.01,62760
GHA-LN-12191,Beacon Trust Bank,Manufacturing,SME Asset Financing,08/11/2025,4475000,32.71,75,Other Loans Especially Mentioned (OLEM),0,NA,NA
GHA-LN-12192,Zenith Frontier Bank,Manufacturing,Overdraft,10/11/2024,3985000,28.59,0,Current,0,0.01,39850
GHA-LN-12193,Alpha Bank Ghana,Services,Overdraft,06/12/2022,6084000,33.75,0,Current,0,0.01,60840
GHA-LN-12194,Beacon Trust Bank,Construction,Syndicated Loan,21/05/2024,4433000,26.65,0,Current,0,0.01,44330
GHA-LN-12195,Meridian Credit Bank,Services,Term Loan,15/04/2022,1695000,35.3,0,Current,0,0.01,16950
GHA-LN-12196,Zenith Frontier Bank,Commerce & Finance,SME Asset Financing,07/01/2024,4837000,36.57,0,Current,0,0.01,48370
GHA-LN-12197,Savannah National Bank,Services,SME Asset Financing,22/12/2024,3463000,26.12,0,Current,0,0.01,34630
GHA-LN-12198,Alpha Bank Ghana,Agriculture,Overdraft,02/08/2025,2716000,34.85,0,Current,0,0.01,27160
GHA-LN-12199,Savannah National Bank,Construction,Syndicated Loan,20/04/2025,5904000,29.06,15,Current,0,0.01,59040
GHA-LN-12200,Meridian Credit Bank,Commerce & Finance,Syndicated Loan,11/02/2026,3507000,28.79,0,Current,0,0.01,35070
GHA-LN-12201,Alpha Bank Ghana,Manufacturing,Term Loan,31/10/2024,2036000,35.32,15,Current,0,0.01,20360
GHA-LN-12202,Alpha Bank Ghana,Construction,SME Asset Financing,30/11/2024,1941000,33.69,0,Current,0,0.01,19410
GHA-LN-12203,Savannah National Bank,Services,SME Asset Financing,27/02/2025,4717000,27.54,0,Current,0,0.01,47170
GHA-LN-12204,Zenith Frontier Bank,Commerce & Finance,SME Asset Financing,14/06/2024,3968000,28.86,0,Current,0,0.01,39680
GHA-LN-12205,Meridian Credit Bank,Services,Term Loan,31/05/2022,6478000,35.02,75,Other Loans Especially Mentioned (OLEM),0,NA,NA
GHA-LN-12206,Meridian Credit Bank,Commerce & Finance,Overdraft,07/12/2024,5818000,31.04,45,Other Loans Especially Mentioned (OLEM),0,NA,NA
GHA-LN-12207,Savannah National Bank,Commerce & Finance,Syndicated Loan,31/01/2022,5538000,26.25,15,Current,0,0.01,55380
GHA-LN-12208,Meridian Credit Bank,Mining,Syndicated Loan,05/05/2022,2920000,26.34,0,Current,0,0.01,29200
GHA-LN-12209,Beacon Trust Bank,Manufacturing,SME Asset Financing,24/06/2025,4738000,34.71,0,Current,0,0.01,47380
GHA-LN-12210,Meridian Credit Bank,Construction,SME Asset Financing,20/11/2023,592000,29.03,120,Substandard,1,0.2,118400
GHA-LN-12211,Alpha Bank Ghana,Agriculture,SME Asset Financing,31/05/2024,5228000,30.36,15,Current,0,0.01,52280
GHA-LN-12212,Zenith Frontier Bank,Agriculture,Syndicated Loan,11/09/2024,6826000,35.32,0,Current,0,0.01,68260
GHA-LN-12213,Savannah National Bank,Unclassified,Overdraft,20/12/2025,6432000,27.38,120,Substandard,1,0.2,1286400
GHA-LN-12214,Beacon Trust Bank,Services,SME Asset Financing,06/09/2024,74000,28.29,0,Current,0,0.01,740
GHA-LN-12215,Alpha Bank Ghana,Manufacturing,Term Loan,07/11/2025,3200000,28.99,0,Current,0,0.01,32000
GHA-LN-12216,Zenith Frontier Bank,Commerce & Finance,Term Loan,17/12/2022,2931000,29.68,0,Current,0,0.01,29310
GHA-LN-12217,Savannah National Bank,Services,Syndicated Loan,06/10/2025,5165000,27.14,45,Other Loans Especially Mentioned (OLEM),0,NA,NA
GHA-LN-12218,Savannah National Bank,Commerce & Finance,Term Loan,25/04/2023,4694000,28.27,0,Current,0,0.01,46940
GHA-LN-12219,Meridian Credit Bank,Commerce & Finance,Term Loan,30/10/2024,61000,36.29,210,Doubtful,1,0.5,30500
GHA-LN-12220,Beacon Trust Bank,Construction,SME Asset Financing,07/02/2022,3719000,35.84,0,Current,0,0.01,37190
GHA-LN-12221,Meridian Credit Bank,Manufacturing,Syndicated Loan,22/02/2023,6360000,35.22,0,Current,0,0.01,63600
GHA-LN-12222,Alpha Bank Ghana,Manufacturing,Overdraft,19/09/2022,148000,29.53,0,Current,0,0.01,1480
GHA-LN-12223,Savannah National Bank,Commerce & Finance,Term Loan,04/11/2024,5278000,34.71,0,Current,0,0.01,52780
GHA-LN-12224,Meridian Credit Bank,Construction,Term Loan,15/10/2023,6397000,30.23,0,Current,0,0.01,63970
GHA-LN-12225,Savannah National Bank,Services,Syndicated Loan,05/06/2025,7062000,35.4,15,Current,0,0.01,70620
GHA-LN-12226,Beacon Trust Bank,Construction,Syndicated Loan,14/09/2024,2377000,31.97,0,Current,0,0.01,23770
GHA-LN-12227,Zenith Frontier Bank,Agriculture,Syndicated Loan,24/10/2024,5096000,32.36,0,Current,0,0.01,50960
GHA-LN-12228,Alpha Bank Ghana,Commerce & Finance,SME Asset Financing,30/01/2025,106000,28.16,45,Other Loans Especially Mentioned (OLEM),0,NA,NA
GHA-LN-12229,Alpha Bank Ghana,Commerce & Finance,Overdraft,02/09/2025,3055000,31.8,0,Current,0,0.01,30550
GHA-LN-12230,Beacon Trust Bank,Commerce & Finance,Syndicated Loan,20/08/2023,7479000,28.6,0,Current,0,0.01,74790
GHA-LN-12231,Savannah National Bank,Commerce & Finance,Term Loan,13/01/2024,166000,32.74,45,Other Loans Especially Mentioned (OLEM),0,NA,NA
GHA-LN-12232,Savannah National Bank,Construction,Term Loan,24/08/2023,7044000,31.96,0,Current,0,0.01,70440
GHA-LN-12233,Meridian Credit Bank,Services,Term Loan,03/06/2023,149000,26.21,15,Current,0,0.01,1490
GHA-LN-12235,Meridian Credit Bank,Agriculture,Overdraft,20/11/2024,6217000,36.18,0,Current,0,0.01,62170
GHA-LN-12236,Alpha Bank Ghana,Commerce & Finance,SME Asset Financing,21/06/2022,1330000,30.87,0,Current,0,0.01,13300
GHA-LN-12238,Savannah National Bank,Commerce & Finance,SME Asset Financing,21/01/2024,1654000,36.46,0,Current,0,0.01,16540
GHA-LN-12239,Savannah National Bank,Services,SME Asset Financing,13/08/2022,6524000,29.01,0,Current,0,0.01,65240
GHA-LN-12240,Beacon Trust Bank,Construction,Overdraft,25/01/2023,1644000,32.12,0,Current,0,0.01,16440
GHA-LN-12241,Alpha Bank Ghana,Commerce & Finance,Syndicated Loan,17/03/2024,7335000,29.82,0,Current,0,0.01,73350
GHA-LN-12242,Savannah National Bank,Construction,Term Loan,05/09/2025,1355000,29.21,0,Current,0,0.01,13550
GHA-LN-12243,Zenith Frontier Bank,Manufacturing,SME Asset Financing,08/11/2025,5520000,30.65,15,Current,0,0.01,55200
GHA-LN-12244,Savannah National Bank,Mining,Syndicated Loan,02/09/2022,7380000,35.91,0,Current,0,0.01,73800
GHA-LN-12245,Zenith Frontier Bank,Manufacturing,Overdraft,18/08/2022,1557000,27.04,0,Current,0,0.01,15570
GHA-LN-12246,Alpha Bank Ghana,Services,Syndicated Loan,20/02/2024,6524000,35.02,15,Current,0,0.01,65240
GHA-LN-12247,Alpha Bank Ghana,Manufacturing,Overdraft,09/02/2025,1055000,30.43,0,Current,0,0.01,10550
GHA-LN-12248,Beacon Trust Bank,Agriculture,Term Loan,27/09/2022,4961000,28.34,0,Current,0,0.01,49610
GHA-LN-12249,Savannah National Bank,Services,Term Loan,27/01/2026,3994000,26.04,0,Current,0,0.01,39940
GHA-LN-12250,Beacon Trust Bank,Agriculture,SME Asset Financing,12/07/2025,667000,32.68,210,Doubtful,1,0.5,333500
GHA-LN-12251,Zenith Frontier Bank,Commerce & Finance,Term Loan,10/08/2022,1233000,29.73,0,Current,0,0.01,12330
GHA-LN-12252,Meridian Credit Bank,Manufacturing,Term Loan,18/01/2024,2325000,37.73,0,Current,0,0.01,23250
GHA-LN-12253,Alpha Bank Ghana,Unclassified,SME Asset Financing,22/01/2022,3231000,36.46,0,Current,0,0.01,32310
GHA-LN-12254,Zenith Frontier Bank,Commerce & Finance,Term Loan,26/03/2025,2391000,28.64,0,Current,0,0.01,23910
GHA-LN-12255,Savannah National Bank,Agriculture,Syndicated Loan,31/07/2022,5570000,32.23,0,Current,0,0.01,55700
GHA-LN-12256,Zenith Frontier Bank,Agriculture,Term Loan,18/03/2023,6844000,29.02,15,Current,0,0.01,68440
GHA-LN-12257,Savannah National Bank,Commerce & Finance,Term Loan,14/09/2024,5808000,36.7,0,Current,0,0.01,58080
GHA-LN-12258,Alpha Bank Ghana,Manufacturing,Overdraft,18/02/2024,817000,35.65,0,Current,0,0.01,8170
GHA-LN-12259,Beacon Trust Bank,Manufacturing,Syndicated Loan,13/07/2024,6386000,32.01,0,Current,0,0.01,63860
GHA-LN-12260,Alpha Bank Ghana,Manufacturing,SME Asset Financing,13/12/2024,221000,34.82,0,Current,0,0.01,2210
GHA-LN-12261,Savannah National Bank,Agriculture,Syndicated Loan,28/02/2025,5434000,27.95,0,Current,0,0.01,54340
GHA-LN-12262,Beacon Trust Bank,Services,Overdraft,12/05/2024,1196000,31.99,0,Current,0,0.01,11960
GHA-LN-12263,Alpha Bank Ghana,Services,Term Loan,16/10/2024,3613000,31.3,0,Current,0,0.01,36130
GHA-LN-12264,Zenith Frontier Bank,Services,SME Asset Financing,10/04/2022,7244000,28.82,0,Current,0,0.01,72440
GHA-LN-12265,Alpha Bank Ghana,Manufacturing,Syndicated Loan,30/11/2025,6915000,27.53,15,Current,0,0.01,69150
GHA-LN-12266,Beacon Trust Bank,Construction,Term Loan,24/01/2023,2281000,37.87,120,Substandard,1,0.2,456200
GHA-LN-12267,Beacon Trust Bank,Services,Term Loan,06/11/2023,4538000,30.26,210,Doubtful,1,0.5,2269000
GHA-LN-12268,Alpha Bank Ghana,Commerce & Finance,SME Asset Financing,08/11/2023,4139000,35.4,120,Substandard,1,0.2,827800
GHA-LN-12269,Alpha Bank Ghana,Manufacturing,Overdraft,11/11/2023,2366000,35.37,0,Current,0,0.01,23660
GHA-LN-12270,Alpha Bank Ghana,Commerce & Finance,Syndicated Loan,29/12/2022,4140000,34.6,0,Current,0,0.01,41400
GHA-LN-12271,Savannah National Bank,Commerce & Finance,SME Asset Financing,25/02/2022,6037000,31.04,45,Other Loans Especially Mentioned (OLEM),0,NA,NA
GHA-LN-12272,Savannah National Bank,Mining,SME Asset Financing,29/11/2024,6563000,29.87,0,Current,0,0.01,65630
GHA-LN-12273,Savannah National Bank,Commerce & Finance,Term Loan,25/09/2025,3994000,33.95,0,Current,0,0.01,39940
GHA-LN-12274,Meridian Credit Bank,Services,SME Asset Financing,14/05/2023,7311000,34.17,0,Current,0,0.01,73110
GHA-LN-12275,Zenith Frontier Bank,Agriculture,Overdraft,12/07/2024,225000,35.06,0,Current,0,0.01,2250
GHA-LN-12276,Zenith Frontier Bank,Commerce & Finance,SME Asset Financing,23/02/2024,7443000,35.19,0,Current,0,0.01,74430
GHA-LN-12277,Beacon Trust Bank,Mining,SME Asset Financing,05/05/2025,6201000,34.52,0,Current,0,0.01,62010
GHA-LN-12278,Beacon Trust Bank,Construction,SME Asset Financing,21/05/2023,1508000,36.57,0,Current,0,0.01,15080
GHA-LN-12279,Zenith Frontier Bank,Services,Term Loan,27/01/2023,4344000,30.33,0,Current,0,0.01,43440
GHA-LN-12280,Zenith Frontier Bank,Manufacturing,Term Loan,23/07/2024,4312000,32.04,0,Current,0,0.01,43120
GHA-LN-12281,Meridian Credit Bank,Manufacturing,Overdraft,11/04/2025,7309000,29.54,0,Current,0,0.01,73090
GHA-LN-12282,Meridian Credit Bank,Commerce & Finance,SME Asset Financing,28/12/2024,6873000,27.32,0,Current,0,0.01,68730
GHA-LN-12283,Savannah National Bank,Agriculture,Term Loan,15/02/2022,898000,28.4,210,Doubtful,1,0.5,449000
GHA-LN-12284,Alpha Bank Ghana,Manufacturing,Syndicated Loan,02/04/2025,4282000,34.1,15,Current,0,0.01,42820
GHA-LN-12285,Alpha Bank Ghana,Services,Term Loan,27/07/2023,5837000,33.13,0,Current,0,0.01,58370
GHA-LN-12286,Savannah National Bank,Unclassified,Syndicated Loan,29/03/2025,7386000,30.32,0,Current,0,0.01,73860
GHA-LN-12287,Alpha Bank Ghana,Manufacturing,Overdraft,22/05/2025,4366000,27.78,0,Current,0,0.01,43660
GHA-LN-12288,Beacon Trust Bank,Commerce & Finance,Overdraft,30/08/2024,5612000,37.73,0,Current,0,0.01,56120
GHA-LN-12289,Beacon Trust Bank,Construction,Term Loan,15/09/2023,462000,36.7,0,Current,0,0.01,4620
GHA-LN-12290,Meridian Credit Bank,Construction,SME Asset Financing,16/04/2023,2229000,33.31,120,Substandard,1,0.2,445800
GHA-LN-12291,Zenith Frontier Bank,Commerce & Finance,SME Asset Financing,01/01/2025,4876000,34.22,0,Current,0,0.01,48760
GHA-LN-12292,Alpha Bank Ghana,Unclassified,Syndicated Loan,20/11/2022,3409000,27.71,0,Current,0,0.01,34090
GHA-LN-12293,Zenith Frontier Bank,Construction,Syndicated Loan,11/06/2023,3191000,37.88,0,Current,0,0.01,31910
GHA-LN-12294,Savannah National Bank,Commerce & Finance,SME Asset Financing,11/06/2023,6871000,28.52,0,Current,0,0.01,68710
GHA-LN-12295,Meridian Credit Bank,Commerce & Finance,Term Loan,17/07/2023,1886000,30.62,0,Current,0,0.01,18860
GHA-LN-12296,Savannah National Bank,Commerce & Finance,Term Loan,02/01/2024,5611000,29.89,45,Other Loans Especially Mentioned (OLEM),0,NA,NA
GHA-LN-12297,Alpha Bank Ghana,Manufacturing,Term Loan,20/06/2025,4979000,37.32,0,Current,0,0.01,49790
GHA-LN-12298,Zenith Frontier Bank,Commerce & Finance,Syndicated Loan,31/01/2024,588000,37.2,0,Current,0,0.01,5880
GHA-LN-12299,Savannah National Bank,Services,Term Loan,13/10/2022,374000,29.9,0,Current,0,0.01,3740
GHA-LN-12300,Zenith Frontier Bank,Construction,Syndicated Loan,16/01/2026,6074000,28.68,0,Current,0,0.01,60740
GHA-LN-12301,Meridian Credit Bank,Services,Overdraft,19/12/2022,1897000,33.15,0,Current,0,0.01,18970
GHA-LN-12302,Zenith Frontier Bank,Commerce & Finance,Overdraft,07/06/2022,7197000,27.17,120,Substandard,1,0.2,1439400
GHA-LN-12303,Zenith Frontier Bank,Construction,Syndicated Loan,03/12/2025,2452000,37.02,0,Current,0,0.01,24520
GHA-LN-12304,Meridian Credit Bank,Mining,Syndicated Loan,07/07/2023,7478000,37.82,0,Current,0,0.01,74780
GHA-LN-12305,Beacon Trust Bank,Manufacturing,Term Loan,08/02/2026,3078000,36.97,0,Current,0,0.01,30780
GHA-LN-12306,Alpha Bank Ghana,Services,Overdraft,12/02/2023,6738000,28.74,0,Current,0,0.01,67380
GHA-LN-12307,Zenith Frontier Bank,Services,Overdraft,27/09/2023,6411000,37.45,0,Current,0,0.01,64110
GHA-LN-12308,Savannah National Bank,Commerce & Finance,Term Loan,03/02/2022,5344000,33.6,15,Current,0,0.01,53440
GHA-LN-12309,Savannah National Bank,Manufacturing,SME Asset Financing,09/09/2023,3652000,26.08,15,Current,0,0.01,36520
GHA-LN-12310,Alpha Bank Ghana,Manufacturing,SME Asset Financing,04/03/2025,3523000,37.49,0,Current,0,0.01,35230
GHA-LN-12311,Meridian Credit Bank,Construction,Term Loan,28/01/2023,2589000,33.54,0,Current,0,0.01,25890
GHA-LN-12312,Beacon Trust Bank,Commerce & Finance,Syndicated Loan,16/04/2023,3376000,32.66,0,Current,0,0.01,33760
GHA-LN-12313,Meridian Credit Bank,Construction,SME Asset Financing,01/06/2024,3293000,37.95,0,Current,0,0.01,32930
GHA-LN-12314,Zenith Frontier Bank,Services,Syndicated Loan,02/04/2024,3561000,37.34,0,Current,0,0.01,35610
GHA-LN-12315,Meridian Credit Bank,Commerce & Finance,SME Asset Financing,05/11/2024,3185000,34.91,120,Substandard,1,0.2,637000
GHA-LN-12316,Zenith Frontier Bank,Services,Syndicated Loan,15/06/2023,3990000,30.95,0,Current,0,0.01,39900
GHA-LN-12317,Meridian Credit Bank,Commerce & Finance,Term Loan,15/06/2023,2565000,28.85,0,Current,0,0.01,25650
GHA-LN-12318,Alpha Bank Ghana,Manufacturing,Syndicated Loan,01/04/2022,3131000,27.78,75,Other Loans Especially Mentioned (OLEM),0,NA,NA
GHA-LN-12319,Meridian Credit Bank,Manufacturing,Term Loan,13/10/2022,1096000,28.1,0,Current,0,0.01,10960
GHA-LN-12320,Zenith Frontier Bank,Construction,Syndicated Loan,05/07/2022,2170000,35.99,15,Current,0,0.01,21700
GHA-LN-12321,Meridian Credit Bank,Services,Syndicated Loan,21/12/2025,1644000,32.3,15,Current,0,0.01,16440
GHA-LN-12322,Beacon Trust Bank,Services,Overdraft,12/01/2025,5444000,33.7,120,Substandard,1,0.2,1088800
GHA-LN-12323,Meridian Credit Bank,Manufacturing,Syndicated Loan,27/07/2025,1216000,33.82,0,Current,0,0.01,12160
GHA-LN-12324,Zenith Frontier Bank,Services,Overdraft,02/01/2025,5973000,31.6,15,Current,0,0.01,59730
GHA-LN-12325,Alpha Bank Ghana,Manufacturing,SME Asset Financing,21/07/2025,1571000,35.06,0,Current,0,0.01,15710
GHA-LN-12326,Savannah National Bank,Agriculture,Term Loan,06/09/2023,1310000,35.78,210,Doubtful,1,0.5,655000
GHA-LN-12327,Zenith Frontier Bank,Services,SME Asset Financing,11/07/2024,5504000,27.12,0,Current,0,0.01,55040
GHA-LN-12328,Alpha Bank Ghana,Commerce & Finance,Syndicated Loan,18/10/2024,1941000,31.04,0,Current,0,0.01,19410
GHA-LN-12329,Savannah National Bank,Manufacturing,SME Asset Financing,29/07/2022,3915000,27.68,0,Current,0,0.01,39150
GHA-LN-12330,Alpha Bank Ghana,Manufacturing,SME Asset Financing,12/09/2025,1466000,31.43,15,Current,0,0.01,14660
GHA-LN-12331,Beacon Trust Bank,Construction,Overdraft,14/10/2025,2087000,31.11,0,Current,0,0.01,20870
GHA-LN-12332,Meridian Credit Bank,Unclassified,SME Asset Financing,07/08/2023,2854000,37.64,210,Doubtful,1,0.5,1427000
GHA-LN-12333,Savannah National Bank,Agriculture,Overdraft,27/02/2024,3477000,29.1,0,Current,0,0.01,34770
GHA-LN-12334,Beacon Trust Bank,Services,SME Asset Financing,08/09/2025,5671000,31.45,0,Current,0,0.01,56710
GHA-LN-12335,Meridian Credit Bank,Manufacturing,Overdraft,25/05/2024,5844000,36.91,0,Current,0,0.01,58440
GHA-LN-12336,Beacon Trust Bank,Commerce & Finance,Overdraft,10/02/2022,3220000,32.59,0,Current,0,0.01,32200
GHA-LN-12337,Savannah National Bank,Commerce & Finance,Syndicated Loan,29/01/2026,7276000,37.99,45,Other Loans Especially Mentioned (OLEM),0,NA,NA
GHA-LN-12338,Alpha Bank Ghana,Commerce & Finance,SME Asset Financing,19/05/2022,5702000,36.33,0,Current,0,0.01,57020
GHA-LN-12339,Beacon Trust Bank,Services,Overdraft,05/12/2024,4203000,27.78,120,Substandard,1,0.2,840600
GHA-LN-12340,Beacon Trust Bank,Construction,Syndicated Loan,10/04/2024,82000,37.64,45,Other Loans Especially Mentioned (OLEM),0,NA,NA
GHA-LN-12341,Meridian Credit Bank,Commerce & Finance,Term Loan,27/04/2023,2602000,37.58,0,Current,0,0.01,26020
GHA-LN-12342,Beacon Trust Bank,Agriculture,Overdraft,03/11/2025,4495000,32.68,0,Current,0,0.01,44950
GHA-LN-12343,Beacon Trust Bank,Manufacturing,Syndicated Loan,15/02/2022,5408000,27.08,0,Current,0,0.01,54080
GHA-LN-12344,Meridian Credit Bank,Agriculture,SME Asset Financing,15/12/2022,3273000,32.35,0,Current,0,0.01,32730
GHA-LN-12345,Savannah National Bank,Unclassified,SME Asset Financing,10/02/2025,5472000,36.93,0,Current,0,0.01,54720
GHA-LN-12346,Zenith Frontier Bank,Manufacturing,Syndicated Loan,01/04/2023,2946000,28.02,0,Current,0,0.01,29460
GHA-LN-12347,Alpha Bank Ghana,Mining,Term Loan,20/09/2023,4383000,37.79,0,Current,0,0.01,43830
GHA-LN-12348,Meridian Credit Bank,Agriculture,SME Asset Financing,12/07/2023,3123000,26.96,75,Other Loans Especially Mentioned (OLEM),0,NA,NA
GHA-LN-12349,Zenith Frontier Bank,Commerce & Finance,Syndicated Loan,13/01/2022,3725000,32.33,0,Current,0,0.01,37250
GHA-LN-12350,Zenith Frontier Bank,Agriculture,SME Asset Financing,27/02/2025,5735000,34.28,0,Current,0,0.01,57350
GHA-LN-12351,Savannah National Bank,Services,Term Loan,17/12/2025,440000,33.61,0,Current,0,0.01,4400
GHA-LN-12352,Meridian Credit Bank,Commerce & Finance,Syndicated Loan,07/07/2022,6893000,35.43,0,Current,0,0.01,68930
GHA-LN-12353,Alpha Bank Ghana,Mining,SME Asset Financing,12/08/2024,2492000,34.1,15,Current,0,0.01,24920
GHA-LN-12354,Beacon Trust Bank,Commerce & Finance,Term Loan,12/01/2025,107000,26.38,120,Substandard,1,0.2,21400
GHA-LN-12355,Savannah National Bank,Unclassified,Syndicated Loan,25/03/2024,6371000,33.23,0,Current,0,0.01,63710
GHA-LN-12356,Zenith Frontier Bank,Agriculture,Term Loan,28/08/2023,4510000,27.44,45,Other Loans Especially Mentioned (OLEM),0,NA,NA
GHA-LN-12357,Meridian Credit Bank,Commerce & Finance,Term Loan,06/07/2022,2704000,28.75,0,Current,0,0.01,27040
GHA-LN-12358,Meridian Credit Bank,Manufacturing,Syndicated Loan,07/07/2024,1356000,30.65,15,Current,0,0.01,13560
GHA-LN-12359,Zenith Frontier Bank,Commerce & Finance,Syndicated Loan,01/10/2022,4233000,29.43,0,Current,0,0.01,42330
GHA-LN-12360,Meridian Credit Bank,Commerce & Finance,Overdraft,22/11/2025,2609000,27.23,0,Current,0,0.01,26090
GHA-LN-12361,Alpha Bank Ghana,Commerce & Finance,Term Loan,28/08/2025,6216000,30.46,210,Doubtful,1,0.5,3108000
GHA-LN-12362,Alpha Bank Ghana,Commerce & Finance,SME Asset Financing,06/04/2022,6330000,27.69,0,Current,0,0.01,63300
GHA-LN-12363,Savannah National Bank,Commerce & Finance,Syndicated Loan,23/06/2023,5680000,31.75,120,Substandard,1,0.2,1136000
GHA-LN-12364,Meridian Credit Bank,Commerce & Finance,Term Loan,22/07/2023,3617000,30.01,0,Current,0,0.01,36170
GHA-LN-12365,Savannah National Bank,Commerce & Finance,Overdraft,09/03/2024,6194000,32.47,15,Current,0,0.01,61940
GHA-LN-12366,Beacon Trust Bank,Services,Syndicated Loan,07/04/2024,2575000,36.11,45,Other Loans Especially Mentioned (OLEM),0,NA,NA
GHA-LN-12367,Zenith Frontier Bank,Manufacturing,SME Asset Financing,25/04/2022,4615000,34.71,0,Current,0,0.01,46150
GHA-LN-12368,Zenith Frontier Bank,Services,SME Asset Financing,29/01/2024,1755000,27.68,0,Current,0,0.01,17550
GHA-LN-12369,Beacon Trust Bank,Agriculture,Term Loan,17/10/2024,3003000,30.77,15,Current,0,0.01,30030
GHA-LN-12370,Beacon Trust Bank,Commerce & Finance,SME Asset Financing,20/06/2024,3765000,26.26,45,Other Loans Especially Mentioned (OLEM),0,NA,NA
GHA-LN-12371,Beacon Trust Bank,Commerce & Finance,SME Asset Financing,03/01/2023,3309000,31.04,0,Current,0,0.01,33090
GHA-LN-12372,Savannah National Bank,Services,Term Loan,19/01/2022,2718000,28.49,0,Current,0,0.01,27180
GHA-LN-12373,Alpha Bank Ghana,Commerce & Finance,Overdraft,16/07/2022,1041000,29.12,0,Current,0,0.01,10410
GHA-LN-12374,Zenith Frontier Bank,Manufacturing,Syndicated Loan,01/03/2024,7119000,30.87,0,Current,0,0.01,71190
GHA-LN-12375,Zenith Frontier Bank,Agriculture,Overdraft,29/12/2025,1256000,27.74,0,Current,0,0.01,12560
GHA-LN-12376,Alpha Bank Ghana,Commerce & Finance,Syndicated Loan,15/02/2024,7376000,27.63,210,Doubtful,1,0.5,3688000
GHA-LN-12377,Savannah National Bank,Commerce & Finance,Term Loan,27/06/2023,4949000,27.51,0,Current,0,0.01,49490
GHA-LN-12378,Meridian Credit Bank,Agriculture,Term Loan,05/07/2022,4392000,29.28,15,Current,0,0.01,43920
GHA-LN-12379,Alpha Bank Ghana,Manufacturing,Overdraft,19/08/2022,6591000,34.54,0,Current,0,0.01,65910
GHA-LN-12380,Beacon Trust Bank,Commerce & Finance,Term Loan,21/01/2023,6141000,34.37,45,Other Loans Especially Mentioned (OLEM),0,NA,NA
GHA-LN-12381,Savannah National Bank,Construction,Syndicated Loan,28/04/2024,4380000,28.29,0,Current,0,0.01,43800
GHA-LN-12382,Zenith Frontier Bank,Unclassified,Syndicated Loan,30/10/2025,1220000,27.38,0,Current,0,0.01,12200
GHA-LN-12383,Beacon Trust Bank,Mining,SME Asset Financing,02/03/2022,2223000,35.83,15,Current,0,0.01,22230
GHA-LN-12384,Alpha Bank Ghana,Services,Overdraft,19/07/2023,6740000,33.38,15,Current,0,0.01,67400
GHA-LN-12385,Zenith Frontier Bank,Manufacturing,Overdraft,08/08/2023,5959000,27.55,0,Current,0,0.01,59590
GHA-LN-12386,Alpha Bank Ghana,Services,Overdraft,16/01/2024,6059000,35,75,Other Loans Especially Mentioned (OLEM),0,NA,NA
GHA-LN-12387,Meridian Credit Bank,Commerce & Finance,SME Asset Financing,26/09/2023,6329000,33.05,210,Doubtful,1,0.5,3164500
GHA-LN-12388,Beacon Trust Bank,Commerce & Finance,Syndicated Loan,29/07/2023,3212000,29.95,0,Current,0,0.01,32120
GHA-LN-12390,Zenith Frontier Bank,Commerce & Finance,Syndicated Loan,05/12/2025,41250000,33.8,0,Current,0,0.01,412500
GHA-LN-12391,Meridian Credit Bank,Commerce & Finance,Overdraft,12/01/2026,1912000,35.7,0,Current,0,0.01,19120
GHA-LN-12392,Zenith Frontier Bank,Services,Term Loan,01/02/2024,3063000,28.79,0,Current,0,0.01,30630
GHA-LN-12393,Meridian Credit Bank,Construction,Overdraft,15/12/2023,5625000,32.52,45,Other Loans Especially Mentioned (OLEM),0,NA,NA
GHA-LN-12394,Meridian Credit Bank,Manufacturing,Overdraft,14/05/2024,2034000,36.12,0,Current,0,0.01,20340
GHA-LN-12395,Zenith Frontier Bank,Manufacturing,Syndicated Loan,27/01/2025,7391000,26.19,45,Other Loans Especially Mentioned (OLEM),0,NA,NA
GHA-LN-12396,Beacon Trust Bank,Commerce & Finance,SME Asset Financing,09/08/2023,4218000,34.75,0,Current,0,0.01,42180
GHA-LN-12397,Alpha Bank Ghana,Commerce & Finance,Term Loan,10/12/2022,2411000,30.31,0,Current,0,0.01,24110
GHA-LN-12398,Alpha Bank Ghana,Commerce & Finance,Term Loan,05/06/2024,1126000,34.05,0,Current,0,0.01,11260
GHA-LN-12399,Zenith Frontier Bank,Services,SME Asset Financing,21/07/2024,5202000,31.91,0,Current,0,0.01,52020
GHA-LN-12400,Meridian Credit Bank,Services,SME Asset Financing,27/05/2022,2694000,27.72,210,Doubtful,1,0.5,1347000
GHA-LN-12401,Meridian Credit Bank,Manufacturing,Term Loan,19/10/2024,3116000,27.2,0,Current,0,0.01,31160
GHA-LN-12402,Alpha Bank Ghana,Commerce & Finance,Syndicated Loan,08/11/2025,1290000,34.1,75,Other Loans Especially Mentioned (OLEM),0,NA,NA
GHA-LN-12403,Meridian Credit Bank,Services,Syndicated Loan,24/12/2023,2849000,35.96,0,Current,0,0.01,28490
GHA-LN-12404,Beacon Trust Bank,Agriculture,Term Loan,14/02/2022,186000,35.04,0,Current,0,0.01,1860
GHA-LN-12405,Beacon Trust Bank,Agriculture,Syndicated Loan,26/01/2024,857000,27.01,0,Current,0,0.01,8570
GHA-LN-12406,Alpha Bank Ghana,Commerce & Finance,Overdraft,09/03/2024,1925000,27.13,0,Current,0,0.01,19250
GHA-LN-12407,Zenith Frontier Bank,Services,Syndicated Loan,12/06/2024,236000,32.59,15,Current,0,0.01,2360
GHA-LN-12408,Alpha Bank Ghana,Services,Term Loan,06/02/2025,4140000,26.91,45,Other Loans Especially Mentioned (OLEM),0,NA,NA
GHA-LN-12409,Zenith Frontier Bank,Commerce & Finance,Overdraft,07/09/2022,6394000,31.25,0,Current,0,0.01,63940
GHA-LN-12410,Alpha Bank Ghana,Agriculture,Syndicated Loan,05/10/2025,3716000,34.53,0,Current,0,0.01,37160
GHA-LN-12411,Alpha Bank Ghana,Services,Term Loan,30/03/2024,1653000,32.42,0,Current,0,0.01,16530
GHA-LN-12412,Zenith Frontier Bank,Agriculture,Overdraft,28/05/2024,3217000,30.87,0,Current,0,0.01,32170
GHA-LN-12413,Beacon Trust Bank,Manufacturing,Syndicated Loan,03/09/2024,1805000,31.95,15,Current,0,0.01,18050
GHA-LN-12414,Zenith Frontier Bank,Agriculture,Syndicated Loan,23/04/2022,2255000,36.01,0,Current,0,0.01,22550
GHA-LN-12415,Alpha Bank Ghana,Commerce & Finance,Overdraft,22/06/2022,1432000,36,0,Current,0,0.01,14320
GHA-LN-12416,Savannah National Bank,Services,Term Loan,20/06/2022,1527000,35.22,45,Other Loans Especially Mentioned (OLEM),0,NA,NA
GHA-LN-12417,Beacon Trust Bank,Services,Term Loan,19/02/2025,4387000,35.7,0,Current,0,0.01,43870
GHA-LN-12418,Alpha Bank Ghana,Construction,Overdraft,07/09/2025,4399000,29.09,0,Current,0,0.01,43990
GHA-LN-12419,Beacon Trust Bank,Construction,Overdraft,08/07/2025,358000,37.14,0,Current,0,0.01,3580
GHA-LN-12420,Zenith Frontier Bank,Manufacturing,Overdraft,16/07/2025,5218000,31.02,0,Current,0,0.01,52180
GHA-LN-12421,Savannah National Bank,Services,Term Loan,25/10/2023,1356000,35.98,15,Current,0,0.01,13560
GHA-LN-12422,Meridian Credit Bank,Manufacturing,Syndicated Loan,19/04/2025,3618000,30.52,0,Current,0,0.01,36180
GHA-LN-12423,Meridian Credit Bank,Construction,Term Loan,18/01/2023,560000,28.23,120,Substandard,1,0.2,112000
GHA-LN-12424,Alpha Bank Ghana,Manufacturing,SME Asset Financing,04/12/2024,6116000,34.02,0,Current,0,0.01,61160
GHA-LN-12425,Beacon Trust Bank,Agriculture,Term Loan,26/04/2025,7362000,28.48,0,Current,0,0.01,73620
GHA-LN-12426,Meridian Credit Bank,Agriculture,SME Asset Financing,15/11/2023,126000,33.69,0,Current,0,0.01,1260
GHA-LN-12427,Meridian Credit Bank,Commerce & Finance,SME Asset Financing,03/08/2022,338000,35.98,0,Current,0,0.01,3380
GHA-LN-12428,Zenith Frontier Bank,Commerce & Finance,Term Loan,12/07/2025,6102000,34.62,210,Doubtful,1,0.5,3051000
GHA-LN-12429,Zenith Frontier Bank,Unclassified,Syndicated Loan,25/01/2025,1309000,26.1,0,Current,0,0.01,13090
GHA-LN-12430,Alpha Bank Ghana,Manufacturing,Syndicated Loan,15/03/2022,276000,27.79,210,Doubtful,1,0.5,138000
GHA-LN-12431,Beacon Trust Bank,Construction,Overdraft,06/11/2022,4010000,35.96,15,Current,0,0.01,40100
GHA-LN-12432,Zenith Frontier Bank,Commerce & Finance,Overdraft,21/05/2023,6251000,37.23,120,Substandard,1,0.2,1250200
GHA-LN-12433,Savannah National Bank,Agriculture,Syndicated Loan,28/11/2024,1635000,31.1,0,Current,0,0.01,16350
GHA-LN-12434,Beacon Trust Bank,Commerce & Finance,SME Asset Financing,21/02/2025,7072000,29.23,0,Current,0,0.01,70720
GHA-LN-12435,Alpha Bank Ghana,Construction,Term Loan,19/10/2022,582000,28.24,0,Current,0,0.01,5820
GHA-LN-12436,Savannah National Bank,Manufacturing,Overdraft,21/09/2022,4319000,28.52,120,Substandard,1,0.2,863800
GHA-LN-12437,Savannah National Bank,Manufacturing,SME Asset Financing,08/09/2024,6386000,35.3,210,Doubtful,1,0.5,3193000
GHA-LN-12438,Alpha Bank Ghana,Commerce & Finance,Term Loan,16/08/2025,6068000,37.05,0,Current,0,0.01,60680
GHA-LN-12439,Zenith Frontier Bank,Mining,Term Loan,11/08/2022,3320000,36.17,0,Current,0,0.01,33200
GHA-LN-12440,Meridian Credit Bank,Manufacturing,Syndicated Loan,23/09/2023,1721000,26.05,0,Current,0,0.01,17210
GHA-LN-12441,Savannah National Bank,Services,SME Asset Financing,21/04/2023,4024000,34.28,0,Current,0,0.01,40240
GHA-LN-12442,Beacon Trust Bank,Services,SME Asset Financing,11/04/2025,284000,33.91,15,Current,0,0.01,2840
GHA-LN-12443,Alpha Bank Ghana,Commerce & Finance,Syndicated Loan,02/11/2024,419000,34.38,0,Current,0,0.01,4190
GHA-LN-12444,Alpha Bank Ghana,Commerce & Finance,SME Asset Financing,07/02/2026,1792000,29.39,0,Current,0,0.01,17920
GHA-LN-12445,Meridian Credit Bank,Manufacturing,Term Loan,14/02/2022,6728000,30.04,15,Current,0,0.01,67280
GHA-LN-12446,Savannah National Bank,Manufacturing,Term Loan,05/10/2023,7362000,35.75,0,Current,0,0.01,73620
GHA-LN-12447,Savannah National Bank,Commerce & Finance,Syndicated Loan,09/12/2023,4742000,35.67,0,Current,0,0.01,47420
GHA-LN-12448,Beacon Trust Bank,Commerce & Finance,Overdraft,17/06/2025,1451000,35.11,0,Current,0,0.01,14510
GHA-LN-12449,Meridian Credit Bank,Agriculture,Term Loan,21/02/2023,3927000,28.62,45,Other Loans Especially Mentioned (OLEM),0,NA,NA
GHA-LN-12450,Zenith Frontier Bank,Construction,Term Loan,15/12/2022,1663000,33.74,15,Current,0,0.01,16630
GHA-LN-12451,Alpha Bank Ghana,Commerce & Finance,Overdraft,16/07/2023,1217000,32.71,0,Current,0,0.01,12170
GHA-LN-12452,Savannah National Bank,Services,Syndicated Loan,15/02/2023,3101000,33.53,45,Other Loans Especially Mentioned (OLEM),0,NA,NA
GHA-LN-12453,Beacon Trust Bank,Agriculture,SME Asset Financing,01/06/2023,3821000,33.38,45,Other Loans Especially Mentioned (OLEM),0,NA,NA
GHA-LN-12454,Savannah National Bank,Commerce & Finance,Overdraft,16/02/2026,6925000,28.26,0,Current,0,0.01,69250
GHA-LN-12455,Zenith Frontier Bank,Commerce & Finance,Term Loan,13/12/2025,5224000,28.3,0,Current,0,0.01,52240
GHA-LN-12456,Savannah National Bank,Manufacturing,Term Loan,19/11/2024,4988000,33.32,0,Current,0,0.01,49880
GHA-LN-12457,Beacon Trust Bank,Services,Syndicated Loan,22/03/2024,6354000,33.9,0,Current,0,0.01,63540
GHA-LN-12458,Savannah National Bank,Construction,Term Loan,28/10/2023,2550000,32.64,75,Other Loans Especially Mentioned (OLEM),0,NA,NA
GHA-LN-12459,Meridian Credit Bank,Agriculture,SME Asset Financing,14/08/2022,4649000,31.66,0,Current,0,0.01,46490
GHA-LN-12460,Meridian Credit Bank,Agriculture,Term Loan,17/10/2023,7488000,31,0,Current,0,0.01,74880
GHA-LN-12461,Beacon Trust Bank,Manufacturing,Syndicated Loan,17/06/2023,2119000,29.95,15,Current,0,0.01,21190
GHA-LN-12462,Zenith Frontier Bank,Manufacturing,Overdraft,06/08/2025,6607000,30.79,0,Current,0,0.01,66070
GHA-LN-12463,Alpha Bank Ghana,Commerce & Finance,Overdraft,26/02/2025,6443000,35.01,15,Current,0,0.01,64430
GHA-LN-12464,Alpha Bank Ghana,Commerce & Finance,Syndicated Loan,24/04/2023,5822000,29.27,0,Current,0,0.01,58220
GHA-LN-12465,Zenith Frontier Bank,Services,Syndicated Loan,03/02/2023,945000,26.71,15,Current,0,0.01,9450
GHA-LN-12466,Zenith Frontier Bank,Commerce & Finance,Overdraft,12/08/2025,7103000,32.65,0,Current,0,0.01,71030
GHA-LN-12467,Meridian Credit Bank,Services,SME Asset Financing,31/01/2023,6836000,33.52,75,Other Loans Especially Mentioned (OLEM),0,NA,NA
GHA-LN-12468,Meridian Credit Bank,Mining,Syndicated Loan,27/11/2023,7231000,31.52,0,Current,0,0.01,72310
GHA-LN-12469,Meridian Credit Bank,Commerce & Finance,Overdraft,02/03/2022,3878000,29.13,0,Current,0,0.01,38780
GHA-LN-12470,Zenith Frontier Bank,Services,Syndicated Loan,30/09/2022,2324000,29.55,45,Other Loans Especially Mentioned (OLEM),0,NA,NA
GHA-LN-12471,Meridian Credit Bank,Construction,Term Loan,08/01/2026,2597000,28.93,0,Current,0,0.01,25970
GHA-LN-12472,Beacon Trust Bank,Commerce & Finance,Term Loan,02/06/2025,5003000,36.12,15,Current,0,0.01,50030
GHA-LN-12473,Beacon Trust Bank,Mining,Term Loan,24/08/2024,1862000,28.97,0,Current,0,0.01,18620
GHA-LN-12474,Beacon Trust Bank,Construction,Overdraft,25/04/2023,1689000,29.02,0,Current,0,0.01,16890
GHA-LN-12475,Savannah National Bank,Commerce & Finance,Term Loan,10/12/2025,2337000,33.71,0,Current,0,0.01,23370
GHA-LN-12476,Beacon Trust Bank,Construction,Term Loan,23/12/2025,1502000,35.61,0,Current,0,0.01,15020
GHA-LN-12477,Beacon Trust Bank,Unclassified,Term Loan,02/06/2022,2858000,26.8,0,Current,0,0.01,28580
GHA-LN-12478,Savannah National Bank,Services,SME Asset Financing,09/03/2023,6976000,30.38,0,Current,0,0.01,69760
GHA-LN-12479,Meridian Credit Bank,Mining,Overdraft,21/01/2025,6856000,31.05,0,Current,0,0.01,68560
GHA-LN-12480,Zenith Frontier Bank,Construction,SME Asset Financing,08/03/2025,2034000,33.14,0,Current,0,0.01,20340
GHA-LN-12481,Beacon Trust Bank,Manufacturing,SME Asset Financing,06/03/2025,5746000,35.04,75,Other Loans Especially Mentioned (OLEM),0,NA,NA
GHA-LN-12482,Meridian Credit Bank,Commerce & Finance,SME Asset Financing,01/02/2022,3559000,27.46,15,Current,0,0.01,35590
GHA-LN-12483,Beacon Trust Bank,Services,Syndicated Loan,06/08/2022,3617000,37.74,0,Current,0,0.01,36170
GHA-LN-12484,Beacon Trust Bank,Manufacturing,Term Loan,27/05/2022,2149000,28,120,Substandard,1,0.2,429800
GHA-LN-12485,Alpha Bank Ghana,Services,Overdraft,25/05/2022,7285000,32.78,210,Doubtful,1,0.5,3642500
GHA-LN-12486,Meridian Credit Bank,Services,Syndicated Loan,04/09/2023,3603000,27.44,0,Current,0,0.01,36030
GHA-LN-12487,Savannah National Bank,Commerce & Finance,Overdraft,28/06/2024,3532000,36.28,0,Current,0,0.01,35320
GHA-LN-12488,Savannah National Bank,Construction,Syndicated Loan,17/07/2023,6213000,34.49,210,Doubtful,1,0.5,3106500
GHA-LN-12489,Zenith Frontier Bank,Services,SME Asset Financing,23/09/2024,1333000,26.63,75,Other Loans Especially Mentioned (OLEM),0,NA,NA
GHA-LN-12490,Beacon Trust Bank,Manufacturing,SME Asset Financing,09/05/2024,1775000,32.84,0,Current,0,0.01,17750
GHA-LN-12491,Beacon Trust Bank,Commerce & Finance,Term Loan,18/05/2022,7285000,32.24,45,Other Loans Especially Mentioned (OLEM),0,NA,NA
GHA-LN-12492,Zenith Frontier Bank,Manufacturing,Syndicated Loan,11/08/2023,4864000,34.83,15,Current,0,0.01,48640
GHA-LN-12493,Zenith Frontier Bank,Commerce & Finance,Term Loan,13/08/2022,207000,30.88,210,Doubtful,1,0.5,103500
GHA-LN-12494,Savannah National Bank,Services,Overdraft,02/08/2025,2905000,27.86,15,Current,0,0.01,29050
GHA-LN-12495,Alpha Bank Ghana,Manufacturing,Syndicated Loan,20/09/2022,6744000,37.24,120,Substandard,1,0.2,1348800
GHA-LN-12496,Alpha Bank Ghana,Services,Syndicated Loan,22/06/2022,66000,32.48,120,Substandard,1,0.2,13200
GHA-LN-12497,Alpha Bank Ghana,Commerce & Finance,Term Loan,04/11/2022,5366000,33.86,0,Current,0,0.01,53660
GHA-LN-12498,Meridian Credit Bank,Commerce & Finance,Syndicated Loan,21/10/2023,4333000,27.13,0,Current,0,0.01,43330
GHA-LN-12499,Alpha Bank Ghana,Manufacturing,Overdraft,27/09/2024,615000,33.43,0,Current,0,0.01,6150
GHA-LN-12500,Beacon Trust Bank,Construction,Term Loan,04/07/2022,4523000,28.78,0,Current,0,0.01,45230
GHA-LN-12501,Meridian Credit Bank,Manufacturing,SME Asset Financing,17/07/2024,6995000,37.7,15,Current,0,0.01,69950
GHA-LN-12502,Beacon Trust Bank,Agriculture,Overdraft,11/06/2024,1446000,32.04,75,Other Loans Especially Mentioned (OLEM),0,NA,NA
GHA-LN-12503,Meridian Credit Bank,Manufacturing,Term Loan,13/01/2025,484000,26.25,15,Current,0,0.01,4840
GHA-LN-12504,Zenith Frontier Bank,Unclassified,Term Loan,26/04/2025,2201000,27.67,0,Current,0,0.01,22010
GHA-LN-12505,Meridian Credit Bank,Manufacturing,SME Asset Financing,16/03/2024,3595000,28.62,0,Current,0,0.01,35950
GHA-LN-12506,Savannah National Bank,Agriculture,Overdraft,26/06/2024,1096000,28.42,0,Current,0,0.01,10960
GHA-LN-12507,Zenith Frontier Bank,Manufacturing,SME Asset Financing,03/07/2022,1391000,34.7,0,Current,0,0.01,13910
GHA-LN-12508,Savannah National Bank,Mining,SME Asset Financing,31/08/2025,4339000,31.41,0,Current,0,0.01,43390
GHA-LN-12509,Alpha Bank Ghana,Commerce & Finance,Overdraft,24/11/2025,3591000,34.93,0,Current,0,0.01,35910
GHA-LN-12510,Beacon Trust Bank,Mining,Term Loan,17/09/2022,5627000,35.42,0,Current,0,0.01,56270
GHA-LN-12511,Meridian Credit Bank,Commerce & Finance,SME Asset Financing,27/08/2022,6183000,30.93,0,Current,0,0.01,61830
GHA-LN-12512,Savannah National Bank,Manufacturing,Term Loan,19/03/2022,6365000,28.29,210,Doubtful,1,0.5,3182500
GHA-LN-12513,Beacon Trust Bank,Commerce & Finance,Term Loan,11/07/2024,5243000,27.66,0,Current,0,0.01,52430
GHA-LN-12514,Savannah National Bank,Manufacturing,Syndicated Loan,07/08/2025,4224000,37.95,0,Current,0,0.01,42240
GHA-LN-12515,Meridian Credit Bank,Agriculture,Term Loan,15/06/2025,2381000,31.57,0,Current,0,0.01,23810
GHA-LN-12516,Alpha Bank Ghana,Mining,SME Asset Financing,03/10/2022,5868000,31.7,0,Current,0,0.01,58680
GHA-LN-12518,Alpha Bank Ghana,Manufacturing,Term Loan,01/12/2022,1136000,33.27,15,Current,0,0.01,11360
GHA-LN-12519,Savannah National Bank,Services,Overdraft,23/09/2024,1280000,35.35,0,Current,0,0.01,12800
GHA-LN-12520,Savannah National Bank,Commerce & Finance,Term Loan,26/03/2022,990000,26.31,0,Current,0,0.01,9900
GHA-LN-12521,Beacon Trust Bank,Services,Syndicated Loan,31/08/2022,3525000,27.6,0,Current,0,0.01,35250
GHA-LN-12522,Beacon Trust Bank,Manufacturing,Term Loan,01/06/2022,3831000,27.27,0,Current,0,0.01,38310
GHA-LN-12523,Alpha Bank Ghana,Manufacturing,Syndicated Loan,26/12/2023,4116000,33.73,0,Current,0,0.01,41160
GHA-LN-12524,Beacon Trust Bank,Services,Syndicated Loan,13/04/2023,1915000,28.71,0,Current,0,0.01,19150
GHA-LN-12525,Meridian Credit Bank,Manufacturing,Term Loan,02/02/2026,274000,34.23,0,Current,0,0.01,2740
GHA-LN-12526,Zenith Frontier Bank,Services,Syndicated Loan,16/05/2024,1669000,31.03,0,Current,0,0.01,16690
GHA-LN-12527,Zenith Frontier Bank,Services,Overdraft,17/10/2023,596000,26.81,0,Current,0,0.01,5960
GHA-LN-12528,Alpha Bank Ghana,Construction,SME Asset Financing,31/05/2022,2557000,26.06,0,Current,0,0.01,25570
GHA-LN-12529,Alpha Bank Ghana,Agriculture,Term Loan,30/05/2023,1432000,26.33,0,Current,0,0.01,14320
GHA-LN-12530,Savannah National Bank,Services,Overdraft,09/04/2022,609000,28.34,210,Doubtful,1,0.5,304500
GHA-LN-12531,Zenith Frontier Bank,Agriculture,Term Loan,05/08/2022,5908000,32.18,0,Current,0,0.01,59080
GHA-LN-12532,Zenith Frontier Bank,Construction,SME Asset Financing,10/12/2024,6666000,26.03,0,Current,0,0.01,66660
GHA-LN-12533,Meridian Credit Bank,Agriculture,Term Loan,25/10/2023,5757000,30.52,45,Other Loans Especially Mentioned (OLEM),0,NA,NA
GHA-LN-12534,Zenith Frontier Bank,Agriculture,SME Asset Financing,24/06/2024,4909000,32.44,0,Current,0,0.01,49090
GHA-LN-12535,Beacon Trust Bank,Manufacturing,Term Loan,18/03/2022,2115000,35.7,75,Other Loans Especially Mentioned (OLEM),0,NA,NA
GHA-LN-12536,Beacon Trust Bank,Construction,Overdraft,12/11/2024,751000,37.48,0,Current,0,0.01,7510
GHA-LN-12537,Meridian Credit Bank,Agriculture,Term Loan,23/12/2023,146000,28.46,45,Other Loans Especially Mentioned (OLEM),0,NA,NA
GHA-LN-12538,Savannah National Bank,Commerce & Finance,Term Loan,16/02/2026,6072000,26.82,0,Current,0,0.01,60720
GHA-LN-12539,Savannah National Bank,Manufacturing,SME Asset Financing,25/02/2022,1590000,36.85,15,Current,0,0.01,15900
GHA-LN-12540,Zenith Frontier Bank,Construction,Syndicated Loan,18/12/2024,2984000,32.43,0,Current,0,0.01,29840
GHA-LN-12541,Beacon Trust Bank,Manufacturing,SME Asset Financing,19/05/2023,2224000,29.17,0,Current,0,0.01,22240
GHA-LN-12542,Zenith Frontier Bank,Agriculture,Term Loan,26/04/2024,6697000,31.3,0,Current,0,0.01,66970
GHA-LN-12543,Beacon Trust Bank,Manufacturing,Syndicated Loan,28/07/2023,7363000,28.83,0,Current,0,0.01,73630
GHA-LN-12544,Savannah National Bank,Services,Syndicated Loan,15/01/2026,3125000,36.22,0,Current,0,0.01,31250
GHA-LN-12545,Alpha Bank Ghana,Construction,Overdraft,26/03/2025,3174000,26.63,0,Current,0,0.01,31740
GHA-LN-12546,Meridian Credit Bank,Services,Term Loan,18/08/2022,6104000,28.94,0,Current,0,0.01,61040
GHA-LN-12547,Meridian Credit Bank,Commerce & Finance,Overdraft,07/07/2022,2972000,27.61,15,Current,0,0.01,29720
GHA-LN-12548,Savannah National Bank,Manufacturing,SME Asset Financing,25/11/2023,2614000,37.83,0,Current,0,0.01,26140
GHA-LN-12549,Alpha Bank Ghana,Commerce & Finance,Term Loan,04/01/2024,6983000,26.51,0,Current,0,0.01,69830
GHA-LN-12550,Meridian Credit Bank,Services,Syndicated Loan,16/07/2024,6603000,32.29,0,Current,0,0.01,66030
GHA-LN-12551,Beacon Trust Bank,Agriculture,Term Loan,25/08/2025,2468000,34.36,0,Current,0,0.01,24680
GHA-LN-12552,Savannah National Bank,Commerce & Finance,Term Loan,28/09/2025,6357000,30.59,0,Current,0,0.01,63570
GHA-LN-12553,Zenith Frontier Bank,Commerce & Finance,Overdraft,15/03/2023,5176000,36.09,0,Current,0,0.01,51760
GHA-LN-12554,Meridian Credit Bank,Manufacturing,SME Asset Financing,25/11/2024,5141000,36.07,0,Current,0,0.01,51410
GHA-LN-12555,Zenith Frontier Bank,Agriculture,SME Asset Financing,10/06/2025,3601000,31.13,0,Current,0,0.01,36010
GHA-LN-12556,Alpha Bank Ghana,Services,Term Loan,13/07/2022,454000,31.5,0,Current,0,0.01,4540
GHA-LN-12557,Alpha Bank Ghana,Commerce & Finance,Overdraft,17/06/2022,1948000,37.14,0,Current,0,0.01,19480
GHA-LN-12558,Alpha Bank Ghana,Manufacturing,Term Loan,30/01/2024,6737000,29.14,0,Current,0,0.01,67370
GHA-LN-12559,Alpha Bank Ghana,Mining,Syndicated Loan,27/04/2024,4179000,37.6,0,Current,0,0.01,41790
GHA-LN-12560,Meridian Credit Bank,Commerce & Finance,Syndicated Loan,01/06/2024,1148000,31.32,0,Current,0,0.01,11480
GHA-LN-12561,Zenith Frontier Bank,Services,Syndicated Loan,19/11/2025,4625000,27.38,0,Current,0,0.01,46250
GHA-LN-12562,Savannah National Bank,Services,Term Loan,18/02/2022,3916000,30.97,0,Current,0,0.01,39160
GHA-LN-12563,Alpha Bank Ghana,Mining,SME Asset Financing,06/12/2023,6445000,31.15,0,Current,0,0.01,64450
GHA-LN-12564,Zenith Frontier Bank,Manufacturing,Syndicated Loan,03/02/2025,2554000,33.81,0,Current,0,0.01,25540
GHA-LN-12565,Alpha Bank Ghana,Manufacturing,SME Asset Financing,29/05/2022,3616000,27.15,210,Doubtful,1,0.5,1808000
GHA-LN-12566,Alpha Bank Ghana,Manufacturing,Overdraft,21/12/2025,2831000,28.72,0,Current,0,0.01,28310
GHA-LN-12567,Zenith Frontier Bank,Commerce & Finance,Term Loan,07/03/2024,2118000,37.36,0,Current,0,0.01,21180
GHA-LN-12568,Meridian Credit Bank,Unclassified,SME Asset Financing,20/01/2023,1677000,36.22,15,Current,0,0.01,16770
GHA-LN-12569,Meridian Credit Bank,Construction,Overdraft,17/12/2023,1687000,26.65,0,Current,0,0.01,16870
GHA-LN-12570,Beacon Trust Bank,Construction,SME Asset Financing,09/06/2022,376000,32.58,0,Current,0,0.01,3760
GHA-LN-12571,Alpha Bank Ghana,Manufacturing,Overdraft,14/11/2023,4908000,32.89,0,Current,0,0.01,49080
GHA-LN-12572,Zenith Frontier Bank,Services,Syndicated Loan,20/07/2025,6276000,33.37,120,Substandard,1,0.2,1255200
GHA-LN-12573,Zenith Frontier Bank,Construction,Syndicated Loan,16/01/2022,3010000,33.79,0,Current,0,0.01,30100
GHA-LN-12574,Beacon Trust Bank,Unclassified,Syndicated Loan,30/04/2024,1076000,31.44,15,Current,0,0.01,10760
GHA-LN-12575,Zenith Frontier Bank,Manufacturing,Overdraft,26/12/2022,5098000,32.07,15,Current,0,0.01,50980
GHA-LN-12576,Zenith Frontier Bank,Agriculture,Term Loan,04/01/2022,883000,37.85,75,Other Loans Especially Mentioned (OLEM),0,NA,NA
GHA-LN-12577,Meridian Credit Bank,Agriculture,Syndicated Loan,27/10/2025,2631000,26.23,45,Other Loans Especially Mentioned (OLEM),0,NA,NA
GHA-LN-12578,Zenith Frontier Bank,Construction,Syndicated Loan,18/06/2025,5352000,27.2,0,Current,0,0.01,53520
GHA-LN-12579,Savannah National Bank,Agriculture,Overdraft,19/03/2025,2654000,31.72,0,Current,0,0.01,26540
GHA-LN-12580,Alpha Bank Ghana,Agriculture,Term Loan,13/08/2023,3169000,34.83,0,Current,0,0.01,31690
GHA-LN-12581,Beacon Trust Bank,Services,Syndicated Loan,12/01/2025,910000,34.63,0,Current,0,0.01,9100
GHA-LN-12582,Zenith Frontier Bank,Manufacturing,SME Asset Financing,05/11/2024,2911000,37.98,0,Current,0,0.01,29110
GHA-LN-12583,Savannah National Bank,Manufacturing,Term Loan,01/06/2022,5022000,37.45,0,Current,0,0.01,50220
GHA-LN-12584,Zenith Frontier Bank,Construction,Overdraft,23/01/2023,6284000,26.9,0,Current,0,0.01,62840
GHA-LN-12585,Meridian Credit Bank,Agriculture,Syndicated Loan,12/11/2024,5897000,35.81,0,Current,0,0.01,58970
GHA-LN-12586,Meridian Credit Bank,Commerce & Finance,Term Loan,11/03/2023,7304000,37.87,0,Current,0,0.01,73040
GHA-LN-12587,Savannah National Bank,Manufacturing,SME Asset Financing,30/01/2023,1405000,29.83,0,Current,0,0.01,14050
GHA-LN-12588,Meridian Credit Bank,Manufacturing,Syndicated Loan,01/10/2024,1449000,27.14,0,Current,0,0.01,14490
GHA-LN-12589,Savannah National Bank,Agriculture,Syndicated Loan,05/11/2022,7387000,37.62,0,Current,0,0.01,73870
GHA-LN-12590,Zenith Frontier Bank,Services,SME Asset Financing,13/11/2022,205000,30.79,0,Current,0,0.01,2050
GHA-LN-12591,Savannah National Bank,Agriculture,Syndicated Loan,17/07/2023,4096000,27.78,0,Current,0,0.01,40960
GHA-LN-12592,Savannah National Bank,Services,Term Loan,17/03/2023,4651000,31.85,15,Current,0,0.01,46510
GHA-LN-12593,Meridian Credit Bank,Manufacturing,SME Asset Financing,16/09/2022,367000,30.9,0,Current,0,0.01,3670
GHA-LN-12594,Savannah National Bank,Services,Overdraft,27/11/2022,6696000,28.7,45,Other Loans Especially Mentioned (OLEM),0,NA,NA
GHA-LN-12595,Zenith Frontier Bank,Construction,Syndicated Loan,19/05/2022,5297000,33.26,0,Current,0,0.01,52970
GHA-LN-12596,Alpha Bank Ghana,Agriculture,SME Asset Financing,21/09/2024,6803000,35.87,210,Doubtful,1,0.5,3401500
GHA-LN-12597,Zenith Frontier Bank,Commerce & Finance,Overdraft,29/01/2022,4794000,34.95,15,Current,0,0.01,47940
GHA-LN-12598,Zenith Frontier Bank,Commerce & Finance,Term Loan,22/06/2022,2370000,29.12,0,Current,0,0.01,23700
GHA-LN-12599,Beacon Trust Bank,Services,Overdraft,28/09/2024,3018000,34.41,0,Current,0,0.01,30180
GHA-LN-12600,Alpha Bank Ghana,Mining,Overdraft,31/12/2022,3826000,37.41,0,Current,0,0.01,38260
GHA-LN-12601,Beacon Trust Bank,Mining,Overdraft,18/10/2025,5169000,33.78,0,Current,0,0.01,51690
GHA-LN-12602,Meridian Credit Bank,Commerce & Finance,Overdraft,23/11/2024,418000,33.02,0,Current,0,0.01,4180
GHA-LN-12603,Beacon Trust Bank,Manufacturing,Overdraft,27/08/2022,5280000,26.5,15,Current,0,0.01,52800
GHA-LN-12604,Savannah National Bank,Commerce & Finance,SME Asset Financing,12/06/2023,172000,32.08,15,Current,0,0.01,1720
GHA-LN-12605,Zenith Frontier Bank,Agriculture,Overdraft,16/08/2023,5651000,29.66,0,Current,0,0.01,56510
GHA-LN-12606,Alpha Bank Ghana,Services,SME Asset Financing,28/01/2025,6023000,35.05,0,Current,0,0.01,60230
GHA-LN-12607,Alpha Bank Ghana,Services,SME Asset Financing,01/05/2024,1193000,31.74,0,Current,0,0.01,11930
GHA-LN-12608,Meridian Credit Bank,Manufacturing,Term Loan,24/11/2022,4520000,34.45,0,Current,0,0.01,45200
GHA-LN-12609,Alpha Bank Ghana,Commerce & Finance,Syndicated Loan,06/12/2022,6081000,29.15,45,Other Loans Especially Mentioned (OLEM),0,NA,NA
GHA-LN-12610,Beacon Trust Bank,Construction,Syndicated Loan,08/09/2024,2076000,36.85,0,Current,0,0.01,20760
GHA-LN-12611,Beacon Trust Bank,Commerce & Finance,Term Loan,18/10/2024,2212000,32.13,120,Substandard,1,0.2,442400
GHA-LN-12612,Savannah National Bank,Manufacturing,SME Asset Financing,26/01/2026,3862000,33.98,45,Other Loans Especially Mentioned (OLEM),0,NA,NA
GHA-LN-12613,Savannah National Bank,Services,Term Loan,24/11/2024,1833000,32.63,0,Current,0,0.01,18330
GHA-LN-12614,Beacon Trust Bank,Services,Term Loan,04/01/2026,3472000,26.94,15,Current,0,0.01,34720
GHA-LN-12615,Savannah National Bank,Commerce & Finance,Term Loan,23/04/2024,6916000,27.31,45,Other Loans Especially Mentioned (OLEM),0,NA,NA
GHA-LN-12616,Meridian Credit Bank,Manufacturing,Syndicated Loan,07/12/2024,2895000,30.56,45,Other Loans Especially Mentioned (OLEM),0,NA,NA
GHA-LN-12617,Savannah National Bank,Construction,Syndicated Loan,11/04/2024,332000,32.78,45,Other Loans Especially Mentioned (OLEM),0,NA,NA
GHA-LN-12618,Savannah National Bank,Agriculture,Overdraft,11/12/2023,823000,31.13,0,Current,0,0.01,8230
GHA-LN-12619,Alpha Bank Ghana,Services,SME Asset Financing,15/10/2022,6009000,28.43,0,Current,0,0.01,60090
GHA-LN-12620,Beacon Trust Bank,Manufacturing,Syndicated Loan,16/09/2023,2737000,26.9,0,Current,0,0.01,27370
GHA-LN-12621,Meridian Credit Bank,Commerce & Finance,Syndicated Loan,01/06/2025,329000,28.01,0,Current,0,0.01,3290
GHA-LN-12622,Savannah National Bank,Agriculture,Term Loan,30/09/2022,7422000,29.33,15,Current,0,0.01,74220
GHA-LN-12623,Beacon Trust Bank,Agriculture,Term Loan,19/07/2022,5575000,30.04,0,Current,0,0.01,55750
GHA-LN-12624,Alpha Bank Ghana,Mining,SME Asset Financing,16/05/2022,3484000,31.05,0,Current,0,0.01,34840
GHA-LN-12625,Zenith Frontier Bank,Services,SME Asset Financing,29/08/2025,5469000,28.95,15,Current,0,0.01,54690
GHA-LN-12626,Alpha Bank Ghana,Manufacturing,Term Loan,12/12/2024,6083000,31.59,0,Current,0,0.01,60830
GHA-LN-12627,Savannah National Bank,Commerce & Finance,Term Loan,05/03/2023,2612000,28.51,0,Current,0,0.01,26120
GHA-LN-12628,Alpha Bank Ghana,Construction,SME Asset Financing,26/11/2024,3862000,34.63,15,Current,0,0.01,38620
GHA-LN-12629,Beacon Trust Bank,Services,Term Loan,26/08/2025,11325000,35.61,0,Current,0,0.01,113250
GHA-LN-12630,Savannah National Bank,Agriculture,Overdraft,10/01/2026,4322000,27.14,0,Current,0,0.01,43220
GHA-LN-12631,Savannah National Bank,Manufacturing,Term Loan,14/05/2022,2972000,26.71,15,Current,0,0.01,29720
GHA-LN-12632,Meridian Credit Bank,Manufacturing,Overdraft,12/02/2025,566000,32.35,0,Current,0,0.01,5660
GHA-LN-12633,Savannah National Bank,Mining,Term Loan,01/02/2022,4695000,37.29,0,Current,0,0.01,46950
GHA-LN-12634,Zenith Frontier Bank,Agriculture,Overdraft,04/09/2024,6921000,33.36,0,Current,0,0.01,69210
GHA-LN-12635,Zenith Frontier Bank,Manufacturing,Overdraft,09/11/2024,7424000,28.16,0,Current,0,0.01,74240
GHA-LN-12636,Zenith Frontier Bank,Agriculture,Term Loan,11/08/2024,1181000,28.51,15,Current,0,0.01,11810
GHA-LN-12637,Zenith Frontier Bank,Services,SME Asset Financing,23/10/2024,1618000,32.4,45,Other Loans Especially Mentioned (OLEM),0,NA,NA
GHA-LN-12638,Meridian Credit Bank,Manufacturing,Term Loan,14/10/2022,547000,29.88,0,Current,0,0.01,5470
GHA-LN-12639,Beacon Trust Bank,Commerce & Finance,Syndicated Loan,18/08/2023,5355000,31.15,120,Substandard,1,0.2,1071000
GHA-LN-12640,Alpha Bank Ghana,Services,SME Asset Financing,19/01/2025,6679000,31.75,0,Current,0,0.01,66790
GHA-LN-12641,Alpha Bank Ghana,Manufacturing,Term Loan,29/07/2023,999000,28.26,120,Substandard,1,0.2,199800
GHA-LN-12642,Beacon Trust Bank,Construction,Overdraft,03/08/2023,786000,36.08,0,Current,0,0.01,7860
GHA-LN-12643,Alpha Bank Ghana,Services,Syndicated Loan,24/03/2022,209000,35.2,0,Current,0,0.01,2090
GHA-LN-12644,Meridian Credit Bank,Commerce & Finance,Term Loan,02/02/2022,5588000,34.49,15,Current,0,0.01,55880
GHA-LN-12645,Beacon Trust Bank,Construction,Term Loan,17/10/2024,1254000,27.51,0,Current,0,0.01,12540
GHA-LN-12646,Savannah National Bank,Services,Term Loan,25/08/2023,6267000,33.8,0,Current,0,0.01,62670
GHA-LN-12647,Meridian Credit Bank,Manufacturing,Term Loan,14/04/2024,6797000,27.51,0,Current,0,0.01,67970
GHA-LN-12648,Savannah National Bank,Commerce & Finance,Syndicated Loan,22/11/2024,7209000,36.93,0,Current,0,0.01,72090
GHA-LN-12649,Savannah National Bank,Agriculture,SME Asset Financing,27/09/2022,3175000,31.71,0,Current,0,0.01,31750
GHA-LN-12650,Beacon Trust Bank,Agriculture,Overdraft,11/01/2022,6834000,35.23,0,Current,0,0.01,68340
GHA-LN-12651,Beacon Trust Bank,Manufacturing,Syndicated Loan,18/12/2024,5810000,31.36,0,Current,0,0.01,58100
GHA-LN-12652,Alpha Bank Ghana,Services,Syndicated Loan,09/01/2025,4264000,35.26,0,Current,0,0.01,42640
GHA-LN-12653,Alpha Bank Ghana,Commerce & Finance,Overdraft,01/09/2022,545000,27.8,75,Other Loans Especially Mentioned (OLEM),0,NA,NA
GHA-LN-12654,Meridian Credit Bank,Mining,SME Asset Financing,28/07/2024,6548000,36.49,45,Other Loans Especially Mentioned (OLEM),0,NA,NA
GHA-LN-12655,Zenith Frontier Bank,Commerce & Finance,Overdraft,18/02/2022,4400000,32.49,0,Current,0,0.01,44000
GHA-LN-12656,Savannah National Bank,Construction,Overdraft,08/02/2024,4874000,37.13,45,Other Loans Especially Mentioned (OLEM),0,NA,NA
GHA-LN-12657,Alpha Bank Ghana,Services,Overdraft,12/04/2022,2387000,26.93,0,Current,0,0.01,23870
GHA-LN-12658,Alpha Bank Ghana,Agriculture,Syndicated Loan,24/02/2022,3591000,27.39,0,Current,0,0.01,35910
GHA-LN-12659,Zenith Frontier Bank,Construction,Term Loan,27/04/2025,3744000,35.06,0,Current,0,0.01,37440
GHA-LN-12660,Zenith Frontier Bank,Manufacturing,Overdraft,07/05/2022,890000,33.89,15,Current,0,0.01,8900
GHA-LN-12661,Savannah National Bank,Mining,Overdraft,15/04/2024,6283000,35.7,0,Current,0,0.01,62830
GHA-LN-12662,Zenith Frontier Bank,Commerce & Finance,Term Loan,25/09/2022,5327000,27.31,0,Current,0,0.01,53270
GHA-LN-12663,Beacon Trust Bank,Construction,Overdraft,31/10/2025,318000,26.37,0,Current,0,0.01,3180
GHA-LN-12664,Beacon Trust Bank,Unclassified,Overdraft,29/10/2025,5518000,35.38,45,Other Loans Especially Mentioned (OLEM),0,NA,NA
GHA-LN-12665,Savannah National Bank,Construction,Syndicated Loan,16/08/2023,5149000,29.07,0,Current,0,0.01,51490
GHA-LN-12666,Zenith Frontier Bank,Commerce & Finance,SME Asset Financing,09/04/2022,542000,37.49,0,Current,0,0.01,5420
GHA-LN-12667,Zenith Frontier Bank,Commerce & Finance,Term Loan,13/06/2022,6072000,28.49,0,Current,0,0.01,60720
GHA-LN-12668,Savannah National Bank,Manufacturing,Syndicated Loan,04/01/2023,6746000,27.57,0,Current,0,0.01,67460
GHA-LN-12669,Alpha Bank Ghana,Manufacturing,SME Asset Financing,04/02/2024,4584000,30.49,0,Current,0,0.01,45840
GHA-LN-12670,Zenith Frontier Bank,Commerce & Finance,Overdraft,01/07/2023,6184000,31.2,0,Current,0,0.01,61840
GHA-LN-12671,Savannah National Bank,Commerce & Finance,Overdraft,17/03/2023,5798000,34.96,0,Current,0,0.01,57980
GHA-LN-12672,Zenith Frontier Bank,Services,SME Asset Financing,15/11/2024,4949000,31.48,0,Current,0,0.01,49490
GHA-LN-12673,Savannah National Bank,Commerce & Finance,Overdraft,07/01/2023,7360000,31.36,0,Current,0,0.01,73600
GHA-LN-12674,Alpha Bank Ghana,Construction,Syndicated Loan,02/01/2024,5370000,32.77,210,Doubtful,1,0.5,2685000
GHA-LN-12675,Zenith Frontier Bank,Construction,Term Loan,02/11/2023,4974000,27.59,0,Current,0,0.01,49740
GHA-LN-12676,Savannah National Bank,Agriculture,Overdraft,05/06/2024,3655000,26.28,0,Current,0,0.01,36550
GHA-LN-12677,Meridian Credit Bank,Agriculture,Overdraft,12/10/2022,2392000,29.19,0,Current,0,0.01,23920
GHA-LN-12678,Zenith Frontier Bank,Manufacturing,SME Asset Financing,28/10/2023,5393000,35.16,0,Current,0,0.01,53930
GHA-LN-12679,Savannah National Bank,Services,Overdraft,20/11/2023,5202000,37.81,15,Current,0,0.01,52020
GHA-LN-12680,Beacon Trust Bank,Manufacturing,Syndicated Loan,15/02/2023,128000,26.18,0,Current,0,0.01,1280
GHA-LN-12681,Beacon Trust Bank,Commerce & Finance,Syndicated Loan,01/02/2025,2965000,32.21,0,Current,0,0.01,29650
GHA-LN-12682,Zenith Frontier Bank,Agriculture,Overdraft,24/09/2024,5004000,35.68,75,Other Loans Especially Mentioned (OLEM),0,NA,NA
GHA-LN-12683,Alpha Bank Ghana,Services,Syndicated Loan,25/06/2024,3897000,30.42,0,Current,0,0.01,38970
GHA-LN-12684,Meridian Credit Bank,Construction,Syndicated Loan,01/08/2022,4020000,37.67,0,Current,0,0.01,40200
GHA-LN-12685,Alpha Bank Ghana,Mining,SME Asset Financing,01/04/2022,82000,27.47,0,Current,0,0.01,820
GHA-LN-12686,Alpha Bank Ghana,Services,Term Loan,19/01/2024,7349000,27.98,0,Current,0,0.01,73490
GHA-LN-12687,Savannah National Bank,Commerce & Finance,Overdraft,02/05/2022,1849000,26.17,0,Current,0,0.01,18490
GHA-LN-12688,Alpha Bank Ghana,Services,Syndicated Loan,24/09/2025,5870000,32.4,0,Current,0,0.01,58700
GHA-LN-12689,Zenith Frontier Bank,Services,Overdraft,21/02/2026,4814000,29.8,0,Current,0,0.01,48140
GHA-LN-12690,Alpha Bank Ghana,Services,Term Loan,19/02/2025,6465000,28.31,0,Current,0,0.01,64650
GHA-LN-12691,Zenith Frontier Bank,Agriculture,SME Asset Financing,26/01/2025,7148000,33.27,0,Current,0,0.01,71480
GHA-LN-12692,Beacon Trust Bank,Commerce & Finance,Overdraft,08/12/2022,4895000,27.52,0,Current,0,0.01,48950
GHA-LN-12693,Zenith Frontier Bank,Services,Overdraft,09/05/2022,2004000,31.49,0,Current,0,0.01,20040
GHA-LN-12694,Zenith Frontier Bank,Unclassified,Overdraft,31/05/2022,7206000,29.77,0,Current,0,0.01,72060
GHA-LN-12695,Savannah National Bank,Commerce & Finance,Syndicated Loan,11/09/2024,5812000,33.78,0,Current,0,0.01,58120
GHA-LN-12696,Meridian Credit Bank,Commerce & Finance,SME Asset Financing,24/04/2023,5393000,28.48,0,Current,0,0.01,53930
GHA-LN-12697,Savannah National Bank,Construction,Overdraft,27/12/2024,4385000,34.28,15,Current,0,0.01,43850
GHA-LN-12698,Alpha Bank Ghana,Manufacturing,Term Loan,13/02/2026,2390000,29.33,120,Substandard,1,0.2,478000
GHA-LN-12699,Alpha Bank Ghana,Construction,Term Loan,17/11/2025,2842000,37.94,0,Current,0,0.01,28420
GHA-LN-12700,Alpha Bank Ghana,Construction,Overdraft,11/05/2024,3862000,27.91,0,Current,0,0.01,38620
GHA-LN-12701,Alpha Bank Ghana,Commerce & Finance,Term Loan,18/05/2022,3429000,32.26,15,Current,0,0.01,34290
GHA-LN-12702,Beacon Trust Bank,Commerce & Finance,SME Asset Financing,07/04/2024,3832000,37.74,0,Current,0,0.01,38320
GHA-LN-12703,Zenith Frontier Bank,Services,SME Asset Financing,09/10/2022,5426000,27.19,15,Current,0,0.01,54260
GHA-LN-12704,Meridian Credit Bank,Commerce & Finance,Term Loan,06/01/2026,4719000,33.81,0,Current,0,0.01,47190
GHA-LN-12705,Beacon Trust Bank,Construction,SME Asset Financing,28/10/2022,7058000,27.83,0,Current,0,0.01,70580
GHA-LN-12706,Beacon Trust Bank,Commerce & Finance,Overdraft,25/11/2022,2160000,30.33,120,Substandard,1,0.2,432000
GHA-LN-12707,Alpha Bank Ghana,Commerce & Finance,Term Loan,26/06/2024,3715000,29.47,0,Current,0,0.01,37150
GHA-LN-12708,Beacon Trust Bank,Commerce & Finance,Term Loan,09/08/2025,4074000,27.99,15,Current,0,0.01,40740
GHA-LN-12709,Beacon Trust Bank,Services,Overdraft,23/02/2024,6677000,33.24,0,Current,0,0.01,66770
GHA-LN-12710,Savannah National Bank,Construction,Overdraft,09/04/2024,2107000,27.5,0,Current,0,0.01,21070
GHA-LN-12711,Zenith Frontier Bank,Services,Term Loan,31/12/2023,4487000,28.71,0,Current,0,0.01,44870
GHA-LN-12712,Beacon Trust Bank,Manufacturing,Syndicated Loan,20/12/2023,725000,27.7,120,Substandard,1,0.2,145000
GHA-LN-12713,Zenith Frontier Bank,Services,SME Asset Financing,07/09/2024,5257000,31.75,0,Current,0,0.01,52570
GHA-LN-12714,Savannah National Bank,Construction,Syndicated Loan,26/12/2024,6160000,27.62,0,Current,0,0.01,61600
GHA-LN-12715,Beacon Trust Bank,Services,Syndicated Loan,20/05/2024,978000,36.75,0,Current,0,0.01,9780
GHA-LN-12716,Meridian Credit Bank,Services,Syndicated Loan,29/10/2023,6563000,33.92,0,Current,0,0.01,65630
GHA-LN-12717,Meridian Credit Bank,Agriculture,Term Loan,22/01/2026,2526000,29.59,0,Current,0,0.01,25260
GHA-LN-12718,Savannah National Bank,Manufacturing,Term Loan,05/02/2023,4444000,29.42,45,Other Loans Especially Mentioned (OLEM),0,NA,NA
GHA-LN-12719,Meridian Credit Bank,Agriculture,SME Asset Financing,17/09/2025,3861000,27.75,0,Current,0,0.01,38610
GHA-LN-12720,Savannah National Bank,Manufacturing,Overdraft,20/05/2025,2055000,34.61,0,Current,0,0.01,20550
GHA-LN-12721,Beacon Trust Bank,Manufacturing,Term Loan,01/06/2025,7159000,37.38,0,Current,0,0.01,71590
GHA-LN-12722,Beacon Trust Bank,Commerce & Finance,Syndicated Loan,27/07/2025,7025000,33.66,0,Current,0,0.01,70250
GHA-LN-12723,Zenith Frontier Bank,Services,SME Asset Financing,14/09/2024,1558000,36.39,0,Current,0,0.01,15580
GHA-LN-12724,Alpha Bank Ghana,Manufacturing,Term Loan,19/02/2024,3042000,36.16,0,Current,0,0.01,30420
GHA-LN-12725,Zenith Frontier Bank,Commerce & Finance,Syndicated Loan,10/11/2023,4049000,36.48,0,Current,0,0.01,40490
GHA-LN-12726,Alpha Bank Ghana,Commerce & Finance,Overdraft,18/12/2024,1076000,26.29,0,Current,0,0.01,10760
GHA-LN-12727,Meridian Credit Bank,Commerce & Finance,SME Asset Financing,11/03/2024,5062000,32.11,210,Doubtful,1,0.5,2531000
GHA-LN-12728,Zenith Frontier Bank,Services,Overdraft,07/04/2025,106000,28.78,0,Current,0,0.01,1060
GHA-LN-12729,Meridian Credit Bank,Agriculture,Overdraft,22/08/2022,5084000,27.02,0,Current,0,0.01,50840
GHA-LN-12730,Meridian Credit Bank,Manufacturing,Syndicated Loan,01/11/2024,7404000,36.32,0,Current,0,0.01,74040
GHA-LN-12731,Savannah National Bank,Commerce & Finance,SME Asset Financing,29/04/2022,3375000,31.34,15,Current,0,0.01,33750
GHA-LN-12732,Beacon Trust Bank,Construction,Syndicated Loan,10/01/2024,6324000,37.64,15,Current,0,0.01,63240
GHA-LN-12733,Savannah National Bank,Services,SME Asset Financing,26/03/2023,4197000,27.68,15,Current,0,0.01,41970
GHA-LN-12734,Meridian Credit Bank,Services,Syndicated Loan,22/09/2024,3147000,36.5,0,Current,0,0.01,31470
GHA-LN-12735,Beacon Trust Bank,Agriculture,SME Asset Financing,09/08/2022,250000,37.43,0,Current,0,0.01,2500
GHA-LN-12736,Zenith Frontier Bank,Manufacturing,Syndicated Loan,06/12/2023,6107000,37.79,75,Other Loans Especially Mentioned (OLEM),0,NA,NA
GHA-LN-12737,Savannah National Bank,Commerce & Finance,SME Asset Financing,30/01/2024,2804000,26.7,0,Current,0,0.01,28040
GHA-LN-12738,Zenith Frontier Bank,Manufacturing,SME Asset Financing,06/04/2024,5564000,30.43,0,Current,0,0.01,55640
GHA-LN-12739,Meridian Credit Bank,Mining,Overdraft,02/10/2025,1018000,34.54,0,Current,0,0.01,10180
GHA-LN-12740,Zenith Frontier Bank,Unclassified,Syndicated Loan,18/08/2024,3872000,29.92,75,Other Loans Especially Mentioned (OLEM),0,NA,NA
GHA-LN-12741,Alpha Bank Ghana,Services,Overdraft,27/08/2022,2827000,36.56,0,Current,0,0.01,28270
GHA-LN-12742,Alpha Bank Ghana,Manufacturing,SME Asset Financing,28/10/2023,4034000,33.93,0,Current,0,0.01,40340
GHA-LN-12743,Meridian Credit Bank,Commerce & Finance,Syndicated Loan,03/03/2022,4339000,33.79,0,Current,0,0.01,43390
GHA-LN-12744,Beacon Trust Bank,Services,SME Asset Financing,20/12/2022,2308000,37.91,0,Current,0,0.01,23080
GHA-LN-12745,Beacon Trust Bank,Commerce & Finance,Overdraft,02/12/2025,6046000,35.02,0,Current,0,0.01,60460
GHA-LN-12746,Alpha Bank Ghana,Agriculture,Syndicated Loan,27/02/2023,3048000,29.02,0,Current,0,0.01,30480
GHA-LN-12747,Alpha Bank Ghana,Services,SME Asset Financing,17/08/2024,5980000,36.22,45,Other Loans Especially Mentioned (OLEM),0,NA,NA
GHA-LN-12748,Savannah National Bank,Commerce & Finance,Term Loan,10/10/2022,2441000,28.47,0,Current,0,0.01,24410
GHA-LN-12749,Savannah National Bank,Agriculture,Overdraft,18/04/2025,3653000,27.53,0,Current,0,0.01,36530
GHA-LN-12750,Zenith Frontier Bank,Commerce & Finance,Syndicated Loan,16/03/2023,340000,29.97,0,Current,0,0.01,3400
GHA-LN-12751,Savannah National Bank,Agriculture,Overdraft,27/02/2026,1952000,32.49,0,Current,0,0.01,19520
GHA-LN-12752,Meridian Credit Bank,Commerce & Finance,Syndicated Loan,04/12/2025,4450000,36.06,15,Current,0,0.01,44500
GHA-LN-12753,Savannah National Bank,Construction,Overdraft,24/05/2025,3657000,37.4,0,Current,0,0.01,36570
GHA-LN-12754,Alpha Bank Ghana,Manufacturing,SME Asset Financing,03/05/2025,7017000,36.65,15,Current,0,0.01,70170
GHA-LN-12755,Meridian Credit Bank,Manufacturing,Overdraft,19/12/2022,468000,33.25,45,Other Loans Especially Mentioned (OLEM),0,NA,NA
GHA-LN-12756,Savannah National Bank,Services,Overdraft,19/06/2023,128000,29.97,0,Current,0,0.01,1280
GHA-LN-12757,Meridian Credit Bank,Services,Syndicated Loan,22/05/2022,3114000,32,0,Current,0,0.01,31140
GHA-LN-12758,Savannah National Bank,Commerce & Finance,Overdraft,06/09/2024,4867000,29.31,15,Current,0,0.01,48670
GHA-LN-12759,Alpha Bank Ghana,Services,SME Asset Financing,06/09/2023,2159000,28.79,45,Other Loans Especially Mentioned (OLEM),0,NA,NA
GHA-LN-12760,Savannah National Bank,Services,SME Asset Financing,08/06/2024,5798000,36.45,0,Current,0,0.01,57980
GHA-LN-12761,Zenith Frontier Bank,Commerce & Finance,SME Asset Financing,11/05/2024,2879000,26.87,45,Other Loans Especially Mentioned (OLEM),0,NA,NA
GHA-LN-12762,Alpha Bank Ghana,Commerce & Finance,Overdraft,27/05/2023,3378000,37.1,0,Current,0,0.01,33780
GHA-LN-12763,Zenith Frontier Bank,Agriculture,SME Asset Financing,05/10/2025,3483000,29.08,0,Current,0,0.01,34830
GHA-LN-12764,Meridian Credit Bank,Commerce & Finance,Term Loan,21/01/2024,1368000,36.65,0,Current,0,0.01,13680
GHA-LN-12765,Savannah National Bank,Manufacturing,Syndicated Loan,05/04/2022,1321000,37.92,45,Other Loans Especially Mentioned (OLEM),0,NA,NA
GHA-LN-12766,Meridian Credit Bank,Commerce & Finance,Syndicated Loan,04/06/2024,3845000,32.42,0,Current,0,0.01,38450
GHA-LN-12767,Beacon Trust Bank,Agriculture,SME Asset Financing,11/02/2022,1561000,26.1,0,Current,0,0.01,15610
GHA-LN-12768,Beacon Trust Bank,Services,Term Loan,09/08/2022,7000000,34.46,210,Doubtful,1,0.5,3500000
GHA-LN-12769,Alpha Bank Ghana,Mining,Syndicated Loan,30/05/2024,655000,26.7,0,Current,0,0.01,6550
GHA-LN-12770,Savannah National Bank,Agriculture,Term Loan,02/06/2023,7434000,36.16,0,Current,0,0.01,74340
GHA-LN-12771,Meridian Credit Bank,Manufacturing,SME Asset Financing,12/01/2024,6133000,36.81,15,Current,0,0.01,61330
GHA-LN-12772,Zenith Frontier Bank,Manufacturing,Term Loan,16/09/2025,7092000,26.21,0,Current,0,0.01,70920
GHA-LN-12773,Savannah National Bank,Services,Syndicated Loan,12/04/2024,6822000,27.97,0,Current,0,0.01,68220
GHA-LN-12774,Beacon Trust Bank,Manufacturing,SME Asset Financing,02/01/2022,2212000,26.82,0,Current,0,0.01,22120
GHA-LN-12775,Savannah National Bank,Agriculture,SME Asset Financing,17/11/2023,1201000,37.62,0,Current,0,0.01,12010
GHA-LN-12776,Beacon Trust Bank,Commerce & Finance,SME Asset Financing,29/11/2022,7124000,32.83,0,Current,0,0.01,71240
GHA-LN-12777,Savannah National Bank,Services,SME Asset Financing,23/08/2022,2662000,27,0,Current,0,0.01,26620
GHA-LN-12778,Savannah National Bank,Commerce & Finance,Syndicated Loan,23/12/2023,3692000,37.1,0,Current,0,0.01,36920
GHA-LN-12779,Savannah National Bank,Manufacturing,Term Loan,19/05/2024,6583000,36.18,0,Current,0,0.01,65830
GHA-LN-12780,Beacon Trust Bank,Commerce & Finance,Syndicated Loan,18/12/2023,2743000,32.14,0,Current,0,0.01,27430
GHA-LN-12781,Alpha Bank Ghana,Mining,SME Asset Financing,25/12/2025,5799000,34.25,75,Other Loans Especially Mentioned (OLEM),0,NA,NA
GHA-LN-12782,Meridian Credit Bank,Commerce & Finance,SME Asset Financing,25/06/2024,6144000,37.81,0,Current,0,0.01,61440
GHA-LN-12783,Meridian Credit Bank,Commerce & Finance,Syndicated Loan,08/02/2024,6017000,33.15,0,Current,0,0.01,60170
GHA-LN-12784,Zenith Frontier Bank,Construction,Overdraft,02/02/2025,3692000,29.3,45,Other Loans Especially Mentioned (OLEM),0,NA,NA
GHA-LN-12785,Meridian Credit Bank,Commerce & Finance,SME Asset Financing,05/09/2025,2562000,34.88,120,Substandard,1,0.2,512400
GHA-LN-12786,Alpha Bank Ghana,Agriculture,SME Asset Financing,07/12/2025,764000,36.56,15,Current,0,0.01,7640
GHA-LN-12787,Beacon Trust Bank,Commerce & Finance,Term Loan,29/04/2022,7339000,29.48,0,Current,0,0.01,73390
GHA-LN-12788,Alpha Bank Ghana,Construction,SME Asset Financing,12/12/2025,647000,35.34,0,Current,0,0.01,6470
GHA-LN-12789,Meridian Credit Bank,Agriculture,SME Asset Financing,07/08/2025,750000,34.8,15,Current,0,0.01,7500
GHA-LN-12790,Savannah National Bank,Unclassified,Overdraft,20/10/2025,3684000,26.41,0,Current,0,0.01,36840
GHA-LN-12791,Meridian Credit Bank,Construction,Syndicated Loan,14/09/2023,4551000,31.43,0,Current,0,0.01,45510
GHA-LN-12792,Savannah National Bank,Commerce & Finance,SME Asset Financing,07/04/2024,2029000,29.88,0,Current,0,0.01,20290
GHA-LN-12793,Meridian Credit Bank,Agriculture,SME Asset Financing,11/11/2023,3396000,33.39,0,Current,0,0.01,33960
GHA-LN-12794,Meridian Credit Bank,Agriculture,Overdraft,16/06/2022,5474000,36.61,75,Other Loans Especially Mentioned (OLEM),0,NA,NA
GHA-LN-12795,Meridian Credit Bank,Construction,Term Loan,21/03/2023,6907000,33.47,0,Current,0,0.01,69070
GHA-LN-12796,Beacon Trust Bank,Manufacturing,SME Asset Financing,11/06/2025,1372000,29.47,75,Other Loans Especially Mentioned (OLEM),0,NA,NA
GHA-LN-12797,Beacon Trust Bank,Manufacturing,Term Loan,28/02/2024,530000,36.32,75,Other Loans Especially Mentioned (OLEM),0,NA,NA
GHA-LN-12798,Beacon Trust Bank,Commerce & Finance,Syndicated Loan,26/03/2025,3292000,26.44,0,Current,0,0.01,32920
GHA-LN-12799,Beacon Trust Bank,Manufacturing,Term Loan,21/01/2023,3428000,30.63,75,Other Loans Especially Mentioned (OLEM),0,NA,NA
GHA-LN-12800,Meridian Credit Bank,Manufacturing,Overdraft,17/05/2022,3797000,29.33,0,Current,0,0.01,37970
GHA-LN-12801,Savannah National Bank,Unclassified,Overdraft,01/04/2023,617000,26.71,15,Current,0,0.01,6170
GHA-LN-12802,Meridian Credit Bank,Agriculture,Overdraft,07/01/2023,1539000,28.05,0,Current,0,0.01,15390
GHA-LN-12803,Meridian Credit Bank,Commerce & Finance,Term Loan,02/05/2023,1527000,33.52,0,Current,0,0.01,15270
GHA-LN-12804,Savannah National Bank,Agriculture,Overdraft,01/01/2025,102000,36.13,15,Current,0,0.01,1020
GHA-LN-12805,Beacon Trust Bank,Manufacturing,Overdraft,30/11/2022,519000,27.04,0,Current,0,0.01,5190
GHA-LN-12806,Meridian Credit Bank,Construction,SME Asset Financing,02/12/2023,6799000,37.98,0,Current,0,0.01,67990
GHA-LN-12807,Meridian Credit Bank,Services,Term Loan,06/11/2022,7435000,34.31,120,Substandard,1,0.2,1487000
GHA-LN-12808,Zenith Frontier Bank,Manufacturing,SME Asset Financing,06/08/2024,3178000,30.16,0,Current,0,0.01,31780
GHA-LN-12809,Savannah National Bank,Construction,Overdraft,28/09/2025,4020000,35.36,0,Current,0,0.01,40200
GHA-LN-12810,Alpha Bank Ghana,Services,Syndicated Loan,29/09/2024,273000,37.2,0,Current,0,0.01,2730
GHA-LN-12811,Zenith Frontier Bank,Commerce & Finance,Overdraft,14/11/2023,618000,29.11,0,Current,0,0.01,6180
GHA-LN-12812,Beacon Trust Bank,Agriculture,Overdraft,17/04/2024,3835000,27.05,0,Current,0,0.01,38350
GHA-LN-12813,Zenith Frontier Bank,Commerce & Finance,Overdraft,17/08/2023,5445000,30.68,0,Current,0,0.01,54450
GHA-LN-12814,Beacon Trust Bank,Commerce & Finance,Term Loan,25/12/2023,6709000,27.48,45,Other Loans Especially Mentioned (OLEM),0,NA,NA
GHA-LN-12815,Savannah National Bank,Agriculture,Term Loan,06/03/2025,5895000,36.3,0,Current,0,0.01,58950
GHA-LN-12817,Beacon Trust Bank,Services,Overdraft,16/11/2024,2789000,30.34,0,Current,0,0.01,27890
GHA-LN-12818,Zenith Frontier Bank,Services,Syndicated Loan,13/05/2025,538000,30.15,0,Current,0,0.01,5380
GHA-LN-12819,Zenith Frontier Bank,Agriculture,Syndicated Loan,28/09/2023,6546000,37.61,0,Current,0,0.01,65460
GHA-LN-12820,Zenith Frontier Bank,Manufacturing,Syndicated Loan,30/12/2022,3733000,28.71,15,Current,0,0.01,37330
GHA-LN-12821,Savannah National Bank,Agriculture,Overdraft,22/01/2025,2123000,29.81,0,Current,0,0.01,21230
GHA-LN-12822,Beacon Trust Bank,Construction,Term Loan,03/09/2024,1477000,33.27,0,Current,0,0.01,14770
GHA-LN-12823,Beacon Trust Bank,Commerce & Finance,Overdraft,16/07/2025,6424000,29.97,0,Current,0,0.01,64240
GHA-LN-12824,Beacon Trust Bank,Services,Term Loan,28/03/2022,706000,37.79,0,Current,0,0.01,7060
GHA-LN-12825,Zenith Frontier Bank,Commerce & Finance,Term Loan,04/02/2023,351000,34.72,0,Current,0,0.01,3510
GHA-LN-12826,Savannah National Bank,Commerce & Finance,Overdraft,18/09/2024,6229000,32.6,0,Current,0,0.01,62290
GHA-LN-12827,Beacon Trust Bank,Commerce & Finance,SME Asset Financing,04/12/2022,40920000,27.38,0,Current,0,0.01,409200
GHA-LN-12828,Savannah National Bank,Commerce & Finance,Overdraft,01/04/2024,3836000,31.02,45,Other Loans Especially Mentioned (OLEM),0,NA,NA
GHA-LN-12829,Beacon Trust Bank,Commerce & Finance,Term Loan,26/06/2023,7178000,33.03,0,Current,0,0.01,71780
GHA-LN-12830,Alpha Bank Ghana,Manufacturing,Overdraft,20/11/2023,1693000,29.97,0,Current,0,0.01,16930
GHA-LN-12831,Meridian Credit Bank,Manufacturing,Overdraft,23/02/2025,662000,26.21,0,Current,0,0.01,6620
GHA-LN-12832,Meridian Credit Bank,Construction,SME Asset Financing,25/01/2022,1066000,32.62,0,Current,0,0.01,10660
GHA-LN-12833,Beacon Trust Bank,Commerce & Finance,Overdraft,15/12/2024,1253000,31.92,0,Current,0,0.01,12530
GHA-LN-12834,Savannah National Bank,Manufacturing,SME Asset Financing,13/08/2023,5376000,35.33,120,Substandard,1,0.2,1075200
GHA-LN-12835,Zenith Frontier Bank,Commerce & Finance,Overdraft,31/03/2024,2186000,37.95,45,Other Loans Especially Mentioned (OLEM),0,NA,NA
GHA-LN-12836,Meridian Credit Bank,Agriculture,Term Loan,20/09/2022,7211000,34.56,0,Current,0,0.01,72110
GHA-LN-12837,Zenith Frontier Bank,Commerce & Finance,Overdraft,21/12/2024,525000,29.83,45,Other Loans Especially Mentioned (OLEM),0,NA,NA
GHA-LN-12838,Alpha Bank Ghana,Commerce & Finance,Overdraft,14/04/2022,1425000,30.83,15,Current,0,0.01,14250
GHA-LN-12839,Zenith Frontier Bank,Agriculture,Overdraft,09/02/2024,7132000,36.83,75,Other Loans Especially Mentioned (OLEM),0,NA,NA
GHA-LN-12840,Meridian Credit Bank,Commerce & Finance,Term Loan,05/01/2025,4553000,31.9,0,Current,0,0.01,45530
GHA-LN-12841,Zenith Frontier Bank,Agriculture,Term Loan,22/07/2023,4035000,35.74,0,Current,0,0.01,40350
GHA-LN-12842,Alpha Bank Ghana,Manufacturing,Syndicated Loan,02/11/2023,1976000,28.75,0,Current,0,0.01,19760
GHA-LN-12843,Savannah National Bank,Agriculture,Overdraft,29/07/2024,6257000,34.61,15,Current,0,0.01,62570
GHA-LN-12844,Savannah National Bank,Commerce & Finance,Term Loan,18/03/2024,2408000,36.79,0,Current,0,0.01,24080
GHA-LN-12845,Zenith Frontier Bank,Commerce & Finance,Overdraft,07/10/2023,2774000,28.07,0,Current,0,0.01,27740
GHA-LN-12846,Beacon Trust Bank,Agriculture,SME Asset Financing,07/04/2023,5769000,31.85,45,Other Loans Especially Mentioned (OLEM),0,NA,NA
GHA-LN-12847,Zenith Frontier Bank,Agriculture,SME Asset Financing,14/11/2024,6729000,34.98,0,Current,0,0.01,67290
GHA-LN-12848,Meridian Credit Bank,Commerce & Finance,SME Asset Financing,07/03/2025,3294000,32.04,15,Current,0,0.01,32940
GHA-LN-12849,Beacon Trust Bank,Commerce & Finance,Term Loan,26/05/2025,5554000,32.39,0,Current,0,0.01,55540
GHA-LN-12850,Alpha Bank Ghana,Construction,SME Asset Financing,15/10/2022,2214000,30.76,15,Current,0,0.01,22140
GHA-LN-12851,Savannah National Bank,Construction,SME Asset Financing,06/06/2023,3234000,30.44,210,Doubtful,1,0.5,1617000
GHA-LN-12852,Beacon Trust Bank,Construction,Overdraft,24/02/2025,4773000,32.4,0,Current,0,0.01,47730
GHA-LN-12853,Zenith Frontier Bank,Services,SME Asset Financing,26/09/2024,4533000,29.21,0,Current,0,0.01,45330
GHA-LN-12854,Meridian Credit Bank,Commerce & Finance,Term Loan,11/02/2024,5610000,31.77,0,Current,0,0.01,56100
GHA-LN-12855,Zenith Frontier Bank,Agriculture,Term Loan,09/09/2025,4422000,36.66,15,Current,0,0.01,44220
GHA-LN-12856,Savannah National Bank,Manufacturing,Overdraft,23/05/2025,2162000,31.01,0,Current,0,0.01,21620
GHA-LN-12857,Zenith Frontier Bank,Construction,Overdraft,07/05/2024,7060000,34.71,0,Current,0,0.01,70600
GHA-LN-12858,Beacon Trust Bank,Mining,Syndicated Loan,15/09/2024,3056000,27.38,0,Current,0,0.01,30560
GHA-LN-12859,Meridian Credit Bank,Commerce & Finance,Overdraft,04/02/2022,4552000,26.91,210,Doubtful,1,0.5,2276000
GHA-LN-12860,Savannah National Bank,Commerce & Finance,Syndicated Loan,12/02/2024,7371000,31.21,0,Current,0,0.01,73710
GHA-LN-12861,Savannah National Bank,Agriculture,Term Loan,02/03/2024,2643000,36.11,0,Current,0,0.01,26430
GHA-LN-12862,Zenith Frontier Bank,Commerce & Finance,SME Asset Financing,01/11/2023,1547000,27.13,0,Current,0,0.01,15470
GHA-LN-12863,Beacon Trust Bank,Services,SME Asset Financing,23/12/2025,68000,36.65,0,Current,0,0.01,680
GHA-LN-12864,Alpha Bank Ghana,Agriculture,Syndicated Loan,29/01/2025,1224000,26.37,0,Current,0,0.01,12240
GHA-LN-12865,Zenith Frontier Bank,Commerce & Finance,SME Asset Financing,02/07/2022,482000,33.46,0,Current,0,0.01,4820
GHA-LN-12866,Savannah National Bank,Services,Term Loan,26/04/2023,5566000,35.02,0,Current,0,0.01,55660
GHA-LN-12867,Zenith Frontier Bank,Services,Syndicated Loan,30/08/2024,3742000,36.63,0,Current,0,0.01,37420
GHA-LN-12868,Alpha Bank Ghana,Services,Term Loan,02/10/2022,4976000,34.43,0,Current,0,0.01,49760
GHA-LN-12869,Savannah National Bank,Commerce & Finance,Term Loan,20/06/2024,2734000,35.87,0,Current,0,0.01,27340
GHA-LN-12870,Savannah National Bank,Agriculture,Term Loan,30/04/2025,2494000,31.45,0,Current,0,0.01,24940
GHA-LN-12871,Beacon Trust Bank,Services,Syndicated Loan,24/06/2022,4278000,36.85,0,Current,0,0.01,42780
GHA-LN-12872,Alpha Bank Ghana,Construction,SME Asset Financing,25/01/2024,1013000,34.65,0,Current,0,0.01,10130
GHA-LN-12873,Beacon Trust Bank,Commerce & Finance,SME Asset Financing,12/10/2024,3578000,31.18,0,Current,0,0.01,35780
GHA-LN-12874,Zenith Frontier Bank,Manufacturing,Term Loan,04/05/2023,638000,35.83,0,Current,0,0.01,6380
GHA-LN-12875,Zenith Frontier Bank,Agriculture,SME Asset Financing,16/11/2022,6927000,28.12,210,Doubtful,1,0.5,3463500
GHA-LN-12876,Meridian Credit Bank,Services,Syndicated Loan,25/01/2022,6674000,34.09,15,Current,0,0.01,66740
GHA-LN-12877,Savannah National Bank,Services,SME Asset Financing,20/10/2024,642000,32.67,210,Doubtful,1,0.5,321000
GHA-LN-12878,Zenith Frontier Bank,Agriculture,Overdraft,29/06/2025,4620000,27.83,75,Other Loans Especially Mentioned (OLEM),0,NA,NA
GHA-LN-12879,Savannah National Bank,Commerce & Finance,Term Loan,05/01/2024,1797000,31.93,15,Current,0,0.01,17970
GHA-LN-12880,Meridian Credit Bank,Commerce & Finance,SME Asset Financing,27/01/2022,2969000,35.89,0,Current,0,0.01,29690
GHA-LN-12881,Savannah National Bank,Commerce & Finance,Syndicated Loan,16/09/2025,1411000,37.27,0,Current,0,0.01,14110
GHA-LN-12882,Beacon Trust Bank,Manufacturing,Syndicated Loan,28/12/2025,4487000,37.18,0,Current,0,0.01,44870
GHA-LN-12883,Meridian Credit Bank,Services,Overdraft,15/01/2024,3844000,36.99,0,Current,0,0.01,38440
GHA-LN-12884,Alpha Bank Ghana,Manufacturing,Term Loan,31/10/2024,1437000,31.19,210,Doubtful,1,0.5,718500
GHA-LN-12885,Beacon Trust Bank,Commerce & Finance,Overdraft,14/02/2025,2729000,36.34,0,Current,0,0.01,27290
GHA-LN-12886,Meridian Credit Bank,Services,SME Asset Financing,19/12/2023,3070000,36.81,210,Doubtful,1,0.5,1535000
GHA-LN-12887,Savannah National Bank,Commerce & Finance,Syndicated Loan,04/05/2024,3615000,26.85,0,Current,0,0.01,36150
GHA-LN-12888,Zenith Frontier Bank,Commerce & Finance,Overdraft,30/07/2024,1500000,26.74,0,Current,0,0.01,15000
GHA-LN-12889,Savannah National Bank,Commerce & Finance,Syndicated Loan,01/01/2023,6474000,31.53,15,Current,0,0.01,64740
GHA-LN-12890,Zenith Frontier Bank,Services,Term Loan,09/05/2025,109000,30.08,0,Current,0,0.01,1090
GHA-LN-12891,Savannah National Bank,Agriculture,Syndicated Loan,12/05/2023,6779000,34.92,0,Current,0,0.01,67790
GHA-LN-12892,Beacon Trust Bank,Services,Overdraft,19/10/2025,1435000,28.45,0,Current,0,0.01,14350
GHA-LN-12893,Zenith Frontier Bank,Manufacturing,SME Asset Financing,08/03/2025,5321000,29.78,210,Doubtful,1,0.5,2660500
GHA-LN-12894,Beacon Trust Bank,Commerce & Finance,Term Loan,01/01/2022,6241000,37.08,0,Current,0,0.01,62410
GHA-LN-12895,Alpha Bank Ghana,Services,SME Asset Financing,23/02/2023,5141000,32.73,0,Current,0,0.01,51410
GHA-LN-12896,Beacon Trust Bank,Agriculture,Syndicated Loan,04/12/2024,681000,26.48,0,Current,0,0.01,6810
GHA-LN-12897,Meridian Credit Bank,Commerce & Finance,Overdraft,11/06/2022,6296000,30.9,0,Current,0,0.01,62960
GHA-LN-12898,Alpha Bank Ghana,Construction,Overdraft,05/01/2024,6400000,32.02,210,Doubtful,1,0.5,3200000
GHA-LN-12899,Beacon Trust Bank,Services,SME Asset Financing,13/01/2026,130000,35.2,0,Current,0,0.01,1300
GHA-LN-12900,Zenith Frontier Bank,Manufacturing,SME Asset Financing,23/04/2025,3994000,27.73,15,Current,0,0.01,39940
GHA-LN-12901,Zenith Frontier Bank,Commerce & Finance,Term Loan,22/09/2025,4305000,34.31,0,Current,0,0.01,43050
GHA-LN-12902,Zenith Frontier Bank,Construction,Syndicated Loan,07/06/2025,6654000,35.16,0,Current,0,0.01,66540
GHA-LN-12903,Beacon Trust Bank,Manufacturing,SME Asset Financing,27/03/2024,2183000,28.77,15,Current,0,0.01,21830
GHA-LN-12904,Meridian Credit Bank,Unclassified,SME Asset Financing,19/05/2023,5430000,28.94,0,Current,0,0.01,54300
GHA-LN-12905,Meridian Credit Bank,Construction,Overdraft,03/05/2025,5639000,31.47,75,Other Loans Especially Mentioned (OLEM),0,NA,NA
GHA-LN-12906,Alpha Bank Ghana,Manufacturing,Overdraft,08/04/2022,112000,36.52,0,Current,0,0.01,1120
GHA-LN-12907,Alpha Bank Ghana,Services,Syndicated Loan,05/07/2022,1263000,29.9,0,Current,0,0.01,12630
GHA-LN-12908,Savannah National Bank,Agriculture,SME Asset Financing,07/11/2025,3861000,37.96,0,Current,0,0.01,38610
GHA-LN-12909,Savannah National Bank,Manufacturing,Syndicated Loan,07/06/2023,746000,36.38,0,Current,0,0.01,7460
GHA-LN-12910,Zenith Frontier Bank,Services,Overdraft,01/12/2025,611000,27.47,0,Current,0,0.01,6110
GHA-LN-12911,Zenith Frontier Bank,Agriculture,Term Loan,05/01/2023,7403000,36.25,0,Current,0,0.01,74030
GHA-LN-12912,Alpha Bank Ghana,Agriculture,SME Asset Financing,01/05/2022,208000,26.78,0,Current,0,0.01,2080
GHA-LN-12913,Alpha Bank Ghana,Services,Syndicated Loan,11/11/2022,3059000,32.27,0,Current,0,0.01,30590
GHA-LN-12914,Zenith Frontier Bank,Construction,Term Loan,13/05/2022,523000,31.18,0,Current,0,0.01,5230
GHA-LN-12915,Alpha Bank Ghana,Commerce & Finance,Syndicated Loan,14/04/2025,4790000,35.08,120,Substandard,1,0.2,958000
GHA-LN-12916,Zenith Frontier Bank,Commerce & Finance,Term Loan,04/03/2025,6586000,37.82,0,Current,0,0.01,65860
GHA-LN-12917,Alpha Bank Ghana,Mining,Syndicated Loan,21/04/2022,3900000,26.36,0,Current,0,0.01,39000
GHA-LN-12918,Zenith Frontier Bank,Commerce & Finance,Overdraft,26/11/2024,896000,32.31,45,Other Loans Especially Mentioned (OLEM),0,NA,NA
GHA-LN-12919,Beacon Trust Bank,Manufacturing,Overdraft,31/05/2022,833000,35.63,0,Current,0,0.01,8330
GHA-LN-12920,Alpha Bank Ghana,Services,Term Loan,19/11/2022,1160000,27.7,75,Other Loans Especially Mentioned (OLEM),0,NA,NA
GHA-LN-12921,Meridian Credit Bank,Services,SME Asset Financing,13/07/2024,4636000,35.21,0,Current,0,0.01,46360
GHA-LN-12922,Savannah National Bank,Agriculture,SME Asset Financing,12/04/2023,4094000,33.39,210,Doubtful,1,0.5,2047000
GHA-LN-12923,Savannah National Bank,Services,Syndicated Loan,27/02/2022,6020000,27.21,0,Current,0,0.01,60200
GHA-LN-12924,Zenith Frontier Bank,Construction,Syndicated Loan,13/05/2024,3675000,26.05,0,Current,0,0.01,36750
GHA-LN-12925,Savannah National Bank,Manufacturing,Term Loan,15/03/2023,4454000,37.06,0,Current,0,0.01,44540
GHA-LN-12926,Zenith Frontier Bank,Construction,Term Loan,23/08/2022,4209000,31.81,0,Current,0,0.01,42090
GHA-LN-12927,Savannah National Bank,Services,Overdraft,18/02/2025,1367000,32.79,0,Current,0,0.01,13670
GHA-LN-12928,Savannah National Bank,Commerce & Finance,SME Asset Financing,16/09/2022,1709000,30.28,210,Doubtful,1,0.5,854500
GHA-LN-12929,Meridian Credit Bank,Commerce & Finance,Overdraft,19/08/2024,6210000,28.16,15,Current,0,0.01,62100
GHA-LN-12930,Alpha Bank Ghana,Manufacturing,SME Asset Financing,14/07/2022,972000,33.78,0,Current,0,0.01,9720
GHA-LN-12931,Savannah National Bank,Construction,Overdraft,04/11/2022,7150000,37.71,0,Current,0,0.01,71500
GHA-LN-12932,Meridian Credit Bank,Services,SME Asset Financing,26/06/2024,4446000,27.84,0,Current,0,0.01,44460
GHA-LN-12933,Meridian Credit Bank,Services,SME Asset Financing,07/08/2025,6465000,32.27,0,Current,0,0.01,64650
GHA-LN-12934,Alpha Bank Ghana,Services,SME Asset Financing,28/05/2025,6193000,29.23,0,Current,0,0.01,61930
GHA-LN-12935,Meridian Credit Bank,Commerce & Finance,Term Loan,26/02/2022,2944000,37.35,15,Current,0,0.01,29440
GHA-LN-12936,Alpha Bank Ghana,Commerce & Finance,Term Loan,12/09/2024,7218000,32.98,0,Current,0,0.01,72180
GHA-LN-12937,Alpha Bank Ghana,Commerce & Finance,SME Asset Financing,24/12/2023,4311000,32.99,15,Current,0,0.01,43110
GHA-LN-12938,Zenith Frontier Bank,Services,Term Loan,13/07/2024,6776000,35.2,0,Current,0,0.01,67760
GHA-LN-12939,Savannah National Bank,Commerce & Finance,Overdraft,15/09/2025,1758000,31.01,45,Other Loans Especially Mentioned (OLEM),0,NA,NA
GHA-LN-12940,Zenith Frontier Bank,Commerce & Finance,Term Loan,21/07/2022,6121000,37.06,15,Current,0,0.01,61210
GHA-LN-12941,Meridian Credit Bank,Manufacturing,SME Asset Financing,13/11/2024,7128000,33.61,15,Current,0,0.01,71280
GHA-LN-12942,Beacon Trust Bank,Agriculture,SME Asset Financing,21/06/2022,6062000,37.01,120,Substandard,1,0.2,1212400
GHA-LN-12943,Savannah National Bank,Construction,Overdraft,02/04/2025,5780000,37.03,15,Current,0,0.01,57800
GHA-LN-12944,Beacon Trust Bank,Services,Syndicated Loan,13/10/2025,5628000,34.61,0,Current,0,0.01,56280
GHA-LN-12945,Beacon Trust Bank,Commerce & Finance,Term Loan,17/11/2024,4320000,32.9,15,Current,0,0.01,43200
GHA-LN-12946,Savannah National Bank,Manufacturing,Term Loan,10/02/2022,2738000,26.31,0,Current,0,0.01,27380
GHA-LN-12947,Meridian Credit Bank,Agriculture,Syndicated Loan,26/06/2022,1491000,32.31,0,Current,0,0.01,14910
GHA-LN-12948,Meridian Credit Bank,Agriculture,Syndicated Loan,03/09/2025,1704000,29.19,0,Current,0,0.01,17040
GHA-LN-12949,Savannah National Bank,Commerce & Finance,Overdraft,13/12/2025,3726000,31.41,0,Current,0,0.01,37260
GHA-LN-12950,Meridian Credit Bank,Construction,Syndicated Loan,09/05/2025,5717000,36.63,0,Current,0,0.01,57170
GHA-LN-12951,Beacon Trust Bank,Commerce & Finance,SME Asset Financing,18/05/2022,3742000,30.69,210,Doubtful,1,0.5,1871000
GHA-LN-12952,Savannah National Bank,Commerce & Finance,Term Loan,04/03/2025,7234000,31.71,0,Current,0,0.01,72340
GHA-LN-12953,Beacon Trust Bank,Manufacturing,Syndicated Loan,19/06/2025,4697000,32.85,45,Other Loans Especially Mentioned (OLEM),0,NA,NA
GHA-LN-12954,Meridian Credit Bank,Commerce & Finance,Term Loan,13/12/2025,5870000,30.25,0,Current,0,0.01,58700
GHA-LN-12955,Beacon Trust Bank,Manufacturing,Overdraft,24/05/2022,2766000,33.57,0,Current,0,0.01,27660
GHA-LN-12956,Alpha Bank Ghana,Services,Syndicated Loan,13/07/2024,5461000,28.86,0,Current,0,0.01,54610
GHA-LN-12957,Zenith Frontier Bank,Services,Syndicated Loan,15/03/2025,6639000,30.89,0,Current,0,0.01,66390
GHA-LN-12958,Meridian Credit Bank,Construction,Syndicated Loan,05/04/2025,4215000,29.72,0,Current,0,0.01,42150
GHA-LN-12959,Beacon Trust Bank,Commerce & Finance,SME Asset Financing,10/12/2023,504000,32.21,15,Current,0,0.01,5040
GHA-LN-12960,Beacon Trust Bank,Services,Syndicated Loan,04/01/2023,920000,27.66,0,Current,0,0.01,9200
GHA-LN-12961,Zenith Frontier Bank,Commerce & Finance,Syndicated Loan,24/12/2023,5808000,35.17,75,Other Loans Especially Mentioned (OLEM),0,NA,NA
GHA-LN-12962,Savannah National Bank,Manufacturing,Overdraft,31/01/2024,2415000,36.88,0,Current,0,0.01,24150
GHA-LN-12963,Savannah National Bank,Commerce & Finance,Overdraft,26/02/2023,7123000,35.65,15,Current,0,0.01,71230
GHA-LN-12964,Meridian Credit Bank,Manufacturing,Term Loan,01/03/2024,4722000,34.2,0,Current,0,0.01,47220
GHA-LN-12965,Alpha Bank Ghana,Manufacturing,Term Loan,24/02/2026,2473000,33.18,0,Current,0,0.01,24730
GHA-LN-12966,Zenith Frontier Bank,Services,Overdraft,18/09/2022,6496000,32.38,0,Current,0,0.01,64960
GHA-LN-12967,Beacon Trust Bank,Manufacturing,SME Asset Financing,22/11/2022,2705000,34.8,45,Other Loans Especially Mentioned (OLEM),0,NA,NA
GHA-LN-12968,Zenith Frontier Bank,Commerce & Finance,SME Asset Financing,17/01/2023,7117000,31.79,120,Substandard,1,0.2,1423400
GHA-LN-12969,Savannah National Bank,Manufacturing,SME Asset Financing,18/04/2025,4042000,36.84,0,Current,0,0.01,40420
GHA-LN-12970,Alpha Bank Ghana,Commerce & Finance,SME Asset Financing,06/04/2025,771000,27.87,120,Substandard,1,0.2,154200
GHA-LN-12971,Beacon Trust Bank,Services,Syndicated Loan,18/02/2025,6320000,36.59,0,Current,0,0.01,63200
GHA-LN-12972,Savannah National Bank,Manufacturing,Syndicated Loan,13/08/2024,1970000,36.16,15,Current,0,0.01,19700
GHA-LN-12973,Alpha Bank Ghana,Services,SME Asset Financing,08/04/2024,4457000,26.36,45,Other Loans Especially Mentioned (OLEM),0,NA,NA
GHA-LN-12974,Beacon Trust Bank,Agriculture,Overdraft,28/02/2026,1700000,37.14,15,Current,0,0.01,17000
GHA-LN-12975,Alpha Bank Ghana,Manufacturing,SME Asset Financing,09/08/2025,3008000,34.32,0,Current,0,0.01,30080
GHA-LN-12976,Savannah National Bank,Construction,Syndicated Loan,08/09/2022,6464000,27.28,0,Current,0,0.01,64640
GHA-LN-12977,Meridian Credit Bank,Mining,SME Asset Financing,27/03/2025,2130000,36.11,0,Current,0,0.01,21300
GHA-LN-12978,Alpha Bank Ghana,Services,Syndicated Loan,10/08/2025,6779000,26.85,0,Current,0,0.01,67790
GHA-LN-12979,Alpha Bank Ghana,Services,Overdraft,10/11/2025,3434000,31.88,15,Current,0,0.01,34340
GHA-LN-12980,Beacon Trust Bank,Manufacturing,Syndicated Loan,18/09/2023,5949000,35.53,0,Current,0,0.01,59490
GHA-LN-12981,Meridian Credit Bank,Commerce & Finance,Overdraft,05/02/2025,3865000,29.91,75,Other Loans Especially Mentioned (OLEM),0,NA,NA
GHA-LN-12982,Alpha Bank Ghana,Commerce & Finance,Syndicated Loan,20/02/2026,3281000,28.83,15,Current,0,0.01,32810
GHA-LN-12983,Meridian Credit Bank,Agriculture,Overdraft,09/11/2023,4472000,27.12,15,Current,0,0.01,44720
GHA-LN-12984,Savannah National Bank,Manufacturing,Term Loan,31/01/2023,8745000,28.1,0,Current,0,0.01,87450
GHA-LN-12985,Savannah National Bank,Agriculture,Overdraft,19/06/2023,5648000,29.06,0,Current,0,0.01,56480
GHA-LN-12986,Zenith Frontier Bank,Commerce & Finance,SME Asset Financing,28/07/2022,6512000,37.18,0,Current,0,0.01,65120
GHA-LN-12987,Meridian Credit Bank,Construction,Syndicated Loan,13/03/2024,6449000,36.12,0,Current,0,0.01,64490
GHA-LN-12988,Savannah National Bank,Commerce & Finance,SME Asset Financing,19/05/2023,6665000,26.58,0,Current,0,0.01,66650
GHA-LN-12989,Beacon Trust Bank,Services,SME Asset Financing,04/04/2023,1367000,29.77,0,Current,0,0.01,13670
GHA-LN-12990,Savannah National Bank,Construction,Overdraft,14/01/2023,730000,34.66,0,Current,0,0.01,7300
GHA-LN-12991,Beacon Trust Bank,Commerce & Finance,Overdraft,06/08/2025,1377000,31.38,0,Current,0,0.01,13770
GHA-LN-12992,Zenith Frontier Bank,Manufacturing,Term Loan,07/05/2022,5138000,28.41,120,Substandard,1,0.2,1027600
GHA-LN-12993,Savannah National Bank,Construction,Syndicated Loan,27/02/2025,584000,35.73,0,Current,0,0.01,5840
GHA-LN-12994,Beacon Trust Bank,Manufacturing,SME Asset Financing,08/12/2024,4740000,26.75,0,Current,0,0.01,47400
GHA-LN-12995,Alpha Bank Ghana,Agriculture,Term Loan,21/01/2024,4179000,29.48,0,Current,0,0.01,41790
GHA-LN-12996,Alpha Bank Ghana,Construction,Term Loan,20/08/2023,4777000,31.74,210,Doubtful,1,0.5,2388500
GHA-LN-12997,Beacon Trust Bank,Commerce & Finance,Overdraft,01/02/2023,2779000,32.76,0,Current,0,0.01,27790
GHA-LN-12998,Meridian Credit Bank,Commerce & Finance,SME Asset Financing,14/05/2025,6738000,28.04,0,Current,0,0.01,67380
GHA-LN-12999,Alpha Bank Ghana,Commerce & Finance,Overdraft,17/10/2025,5891000,27.29,0,Current,0,0.01,58910
GHA-LN-13000,Alpha Bank Ghana,Commerce & Finance,Overdraft,04/02/2023,318000,31.23,45,Other Loans Especially Mentioned (OLEM),0,NA,NA
GHA-LN-13001,Meridian Credit Bank,Commerce & Finance,SME Asset Financing,14/04/2025,3268000,32.04,0,Current,0,0.01,32680
GHA-LN-13002,Zenith Frontier Bank,Mining,Syndicated Loan,29/04/2022,1650000,30.04,0,Current,0,0.01,16500
GHA-LN-13003,Beacon Trust Bank,Commerce & Finance,SME Asset Financing,08/04/2024,6266000,26.22,0,Current,0,0.01,62660
GHA-LN-13004,Savannah National Bank,Commerce & Finance,Overdraft,31/12/2023,7278000,36.53,0,Current,0,0.01,72780
GHA-LN-13005,Alpha Bank Ghana,Services,Syndicated Loan,19/10/2022,37710000,26.48,75,Other Loans Especially Mentioned (OLEM),0,NA,NA
GHA-LN-13006,Meridian Credit Bank,Services,Term Loan,29/04/2022,2573000,33.76,0,Current,0,0.01,25730
GHA-LN-13007,Beacon Trust Bank,Commerce & Finance,Syndicated Loan,02/05/2025,1029000,35.39,0,Current,0,0.01,10290
GHA-LN-13008,Zenith Frontier Bank,Services,Syndicated Loan,13/07/2023,3966000,30.96,15,Current,0,0.01,39660
GHA-LN-13009,Zenith Frontier Bank,Manufacturing,Term Loan,17/09/2024,4351000,35.7,0,Current,0,0.01,43510
GHA-LN-13010,Beacon Trust Bank,Commerce & Finance,Syndicated Loan,05/09/2022,4496000,36.53,15,Current,0,0.01,44960
GHA-LN-13011,Beacon Trust Bank,Services,Syndicated Loan,29/12/2025,1295000,37.31,0,Current,0,0.01,12950
GHA-LN-13012,Savannah National Bank,Services,SME Asset Financing,22/03/2022,6505000,29.25,0,Current,0,0.01,65050
GHA-LN-13013,Beacon Trust Bank,Agriculture,Term Loan,27/10/2023,701000,31.63,0,Current,0,0.01,7010
GHA-LN-13014,Savannah National Bank,Manufacturing,Overdraft,22/09/2022,7379000,37.05,120,Substandard,1,0.2,1475800
GHA-LN-13015,Beacon Trust Bank,Commerce & Finance,Term Loan,04/03/2024,5486000,35.24,0,Current,0,0.01,54860
GHA-LN-13016,Alpha Bank Ghana,Manufacturing,Syndicated Loan,06/06/2022,2438000,34.54,0,Current,0,0.01,24380
GHA-LN-13017,Beacon Trust Bank,Mining,Overdraft,28/04/2024,965000,32.29,0,Current,0,0.01,9650
GHA-LN-13018,Meridian Credit Bank,Agriculture,Syndicated Loan,22/08/2025,3936000,36.49,0,Current,0,0.01,39360
GHA-LN-13019,Zenith Frontier Bank,Services,Overdraft,27/06/2025,2816000,31.82,0,Current,0,0.01,28160
GHA-LN-13020,Beacon Trust Bank,Mining,Overdraft,21/04/2023,3550000,30.14,0,Current,0,0.01,35500
GHA-LN-13021,Savannah National Bank,Manufacturing,SME Asset Financing,25/02/2022,1600000,28.08,15,Current,0,0.01,16000
GHA-LN-13022,Alpha Bank Ghana,Services,Term Loan,16/03/2024,925000,29.46,15,Current,0,0.01,9250
GHA-LN-13023,Savannah National Bank,Commerce & Finance,Term Loan,01/02/2025,5855000,30.19,0,Current,0,0.01,58550
GHA-LN-13024,Savannah National Bank,Services,Term Loan,23/02/2025,3987000,29.91,0,Current,0,0.01,39870
GHA-LN-13025,Savannah National Bank,Commerce & Finance,Overdraft,17/09/2025,2974000,35.2,0,Current,0,0.01,29740
GHA-LN-13026,Savannah National Bank,Commerce & Finance,Syndicated Loan,21/10/2025,4367000,27.85,0,Current,0,0.01,43670
GHA-LN-13027,Zenith Frontier Bank,Commerce & Finance,Syndicated Loan,03/07/2023,3821000,35.61,0,Current,0,0.01,38210
GHA-LN-13028,Zenith Frontier Bank,Manufacturing,SME Asset Financing,26/11/2023,1971000,27.69,0,Current,0,0.01,19710
GHA-LN-13029,Meridian Credit Bank,Manufacturing,Term Loan,27/01/2023,6555000,28.67,0,Current,0,0.01,65550
GHA-LN-13030,Zenith Frontier Bank,Mining,Term Loan,17/07/2023,5281000,36.67,0,Current,0,0.01,52810
GHA-LN-13031,Savannah National Bank,Services,Syndicated Loan,18/01/2022,1962000,33.77,45,Other Loans Especially Mentioned (OLEM),0,NA,NA
GHA-LN-13032,Alpha Bank Ghana,Manufacturing,Syndicated Loan,18/04/2025,5199000,32.77,0,Current,0,0.01,51990
GHA-LN-13033,Meridian Credit Bank,Agriculture,Syndicated Loan,06/01/2024,1872000,33.53,0,Current,0,0.01,18720
GHA-LN-13034,Beacon Trust Bank,Commerce & Finance,Syndicated Loan,27/10/2024,6104000,28.29,0,Current,0,0.01,61040
GHA-LN-13035,Alpha Bank Ghana,Services,Overdraft,16/12/2024,5396000,29.83,0,Current,0,0.01,53960
GHA-LN-13036,Beacon Trust Bank,Manufacturing,Syndicated Loan,08/10/2023,1712000,27.42,210,Doubtful,1,0.5,856000
GHA-LN-13037,Savannah National Bank,Agriculture,Overdraft,30/05/2022,7339000,34.12,0,Current,0,0.01,73390
GHA-LN-13038,Savannah National Bank,Commerce & Finance,SME Asset Financing,22/10/2025,5765000,36.26,0,Current,0,0.01,57650
GHA-LN-13039,Beacon Trust Bank,Mining,Syndicated Loan,28/02/2025,6536000,26.03,0,Current,0,0.01,65360
GHA-LN-13040,Meridian Credit Bank,Commerce & Finance,Syndicated Loan,05/07/2022,6169000,28.9,0,Current,0,0.01,61690
GHA-LN-13041,Beacon Trust Bank,Manufacturing,SME Asset Financing,13/08/2023,6398000,34.51,0,Current,0,0.01,63980
GHA-LN-13042,Savannah National Bank,Agriculture,Syndicated Loan,21/03/2023,1114000,30.27,15,Current,0,0.01,11140
GHA-LN-13043,Meridian Credit Bank,Agriculture,Overdraft,14/12/2022,2403000,36.29,0,Current,0,0.01,24030
GHA-LN-13044,Beacon Trust Bank,Construction,Syndicated Loan,16/08/2025,5848000,35.6,120,Substandard,1,0.2,1169600
GHA-LN-13045,Zenith Frontier Bank,Services,Syndicated Loan,15/08/2023,3500000,27.29,0,Current,0,0.01,35000
GHA-LN-13046,Meridian Credit Bank,Mining,Overdraft,05/06/2024,58000,28.29,75,Other Loans Especially Mentioned (OLEM),0,NA,NA
GHA-LN-13047,Savannah National Bank,Commerce & Finance,Term Loan,21/02/2025,3942000,37.9,0,Current,0,0.01,39420
GHA-LN-13048,Savannah National Bank,Commerce & Finance,SME Asset Financing,06/10/2025,5248000,28.31,210,Doubtful,1,0.5,2624000
GHA-LN-13049,Meridian Credit Bank,Services,Syndicated Loan,30/03/2024,1088000,27.58,0,Current,0,0.01,10880
GHA-LN-13050,Savannah National Bank,Construction,Syndicated Loan,02/01/2023,7121000,37.96,45,Other Loans Especially Mentioned (OLEM),0,NA,NA
GHA-LN-13051,Beacon Trust Bank,Services,Overdraft,30/03/2025,1542000,26.91,0,Current,0,0.01,15420
GHA-LN-13052,Savannah National Bank,Commerce & Finance,Term Loan,18/09/2022,2576000,27.32,0,Current,0,0.01,25760
GHA-LN-13053,Zenith Frontier Bank,Commerce & Finance,Overdraft,24/09/2023,5784000,37.61,0,Current,0,0.01,57840
GHA-LN-13054,Alpha Bank Ghana,Commerce & Finance,Term Loan,04/04/2023,3692000,28.8,120,Substandard,1,0.2,738400
GHA-LN-13055,Alpha Bank Ghana,Services,Overdraft,16/02/2025,3263000,30.71,0,Current,0,0.01,32630
GHA-LN-13056,Beacon Trust Bank,Manufacturing,Term Loan,05/02/2024,177000,37.61,210,Doubtful,1,0.5,88500
GHA-LN-13057,Meridian Credit Bank,Agriculture,Overdraft,24/09/2024,1268000,31.12,0,Current,0,0.01,12680
GHA-LN-13058,Zenith Frontier Bank,Services,SME Asset Financing,02/06/2025,4907000,37.53,0,Current,0,0.01,49070
GHA-LN-13059,Zenith Frontier Bank,Services,Syndicated Loan,05/09/2025,6708000,37.62,15,Current,0,0.01,67080
GHA-LN-13060,Savannah National Bank,Construction,Syndicated Loan,19/08/2022,5463000,34.46,0,Current,0,0.01,54630
GHA-LN-13061,Zenith Frontier Bank,Mining,Term Loan,15/03/2023,2372000,26.22,0,Current,0,0.01,23720
GHA-LN-13062,Savannah National Bank,Unclassified,Syndicated Loan,04/06/2025,828000,33.49,45,Other Loans Especially Mentioned (OLEM),0,NA,NA
GHA-LN-13063,Zenith Frontier Bank,Commerce & Finance,SME Asset Financing,21/03/2023,4427000,28.86,0,Current,0,0.01,44270
GHA-LN-13064,Zenith Frontier Bank,Construction,Syndicated Loan,23/06/2024,7380000,28.42,0,Current,0,0.01,73800
GHA-LN-13065,Beacon Trust Bank,Commerce & Finance,Term Loan,19/10/2025,6979000,32.95,75,Other Loans Especially Mentioned (OLEM),0,NA,NA
GHA-LN-13066,Savannah National Bank,Commerce & Finance,SME Asset Financing,28/05/2022,3982000,36.93,75,Other Loans Especially Mentioned (OLEM),0,NA,NA
GHA-LN-13067,Beacon Trust Bank,Commerce & Finance,Term Loan,25/08/2023,1547000,27.1,0,Current,0,0.01,15470
GHA-LN-13068,Zenith Frontier Bank,Services,SME Asset Financing,21/04/2024,1134000,30.66,0,Current,0,0.01,11340
GHA-LN-13069,Meridian Credit Bank,Manufacturing,Overdraft,18/08/2024,125000,29.36,15,Current,0,0.01,1250
GHA-LN-13070,Zenith Frontier Bank,Commerce & Finance,Overdraft,06/02/2025,6693000,36.76,45,Other Loans Especially Mentioned (OLEM),0,NA,NA
GHA-LN-13071,Beacon Trust Bank,Services,SME Asset Financing,17/05/2023,4632000,26.61,120,Substandard,1,0.2,926400
GHA-LN-13072,Meridian Credit Bank,Unclassified,Term Loan,03/03/2025,5529000,30.58,0,Current,0,0.01,55290
GHA-LN-13073,Meridian Credit Bank,Manufacturing,SME Asset Financing,20/02/2026,4236000,30.43,0,Current,0,0.01,42360
GHA-LN-13074,Savannah National Bank,Mining,Overdraft,24/09/2023,1484000,29.29,0,Current,0,0.01,14840
GHA-LN-13075,Zenith Frontier Bank,Agriculture,SME Asset Financing,17/06/2024,6170000,27.11,0,Current,0,0.01,61700
GHA-LN-13076,Savannah National Bank,Commerce & Finance,Overdraft,10/04/2022,4167000,28.41,0,Current,0,0.01,41670
GHA-LN-13077,Zenith Frontier Bank,Agriculture,SME Asset Financing,06/11/2024,2986000,33.58,0,Current,0,0.01,29860
GHA-LN-13078,Savannah National Bank,Construction,SME Asset Financing,03/02/2022,4809000,34.5,45,Other Loans Especially Mentioned (OLEM),0,NA,NA
GHA-LN-13079,Beacon Trust Bank,Services,Overdraft,18/01/2024,2130000,30.97,75,Other Loans Especially Mentioned (OLEM),0,NA,NA
GHA-LN-13080,Savannah National Bank,Services,Overdraft,05/01/2023,4496000,26.99,45,Other Loans Especially Mentioned (OLEM),0,NA,NA
GHA-LN-13081,Savannah National Bank,Mining,Overdraft,16/10/2023,3916000,28.56,0,Current,0,0.01,39160
GHA-LN-13082,Savannah National Bank,Construction,Syndicated Loan,14/09/2025,7057000,32.43,120,Substandard,1,0.2,1411400
GHA-LN-13083,Zenith Frontier Bank,Services,Overdraft,30/01/2025,5038000,37.12,0,Current,0,0.01,50380
GHA-LN-13084,Zenith Frontier Bank,Services,Term Loan,02/08/2023,4434000,26.26,0,Current,0,0.01,44340
GHA-LN-13086,Alpha Bank Ghana,Commerce & Finance,SME Asset Financing,13/10/2025,2806000,36.55,0,Current,0,0.01,28060
GHA-LN-13087,Alpha Bank Ghana,Commerce & Finance,Overdraft,04/10/2023,1274000,31.97,0,Current,0,0.01,12740
GHA-LN-13088,Beacon Trust Bank,Services,Overdraft,26/08/2023,969000,32.3,210,Doubtful,1,0.5,484500
GHA-LN-13089,Savannah National Bank,Commerce & Finance,Syndicated Loan,04/02/2023,6757000,27.11,0,Current,0,0.01,67570
GHA-LN-13090,Alpha Bank Ghana,Commerce & Finance,Overdraft,10/01/2026,2879000,37.87,0,Current,0,0.01,28790
GHA-LN-13091,Savannah National Bank,Services,SME Asset Financing,24/01/2023,3100000,36.47,0,Current,0,0.01,31000
GHA-LN-13092,Beacon Trust Bank,Commerce & Finance,SME Asset Financing,17/12/2025,3283000,28.57,0,Current,0,0.01,32830
GHA-LN-13093,Savannah National Bank,Manufacturing,Term Loan,12/09/2023,2209000,33.27,0,Current,0,0.01,22090
GHA-LN-13094,Savannah National Bank,Manufacturing,Term Loan,17/01/2025,4567000,35.52,0,Current,0,0.01,45670
GHA-LN-13095,Zenith Frontier Bank,Commerce & Finance,Syndicated Loan,20/02/2026,4339000,32.45,120,Substandard,1,0.2,867800
GHA-LN-13096,Savannah National Bank,Construction,Overdraft,07/02/2026,6160000,35.83,0,Current,0,0.01,61600
GHA-LN-13097,Savannah National Bank,Agriculture,Term Loan,15/05/2023,299000,28.9,0,Current,0,0.01,2990
GHA-LN-13098,Savannah National Bank,Manufacturing,Term Loan,24/08/2025,4552000,30.71,0,Current,0,0.01,45520
GHA-LN-13099,Beacon Trust Bank,Agriculture,SME Asset Financing,22/05/2024,4892000,37.5,120,Substandard,1,0.2,978400
GHA-LN-13100,Alpha Bank Ghana,Construction,Syndicated Loan,01/10/2022,1868000,32.46,0,Current,0,0.01,18680
GHA-LN-13101,Savannah National Bank,Commerce & Finance,Overdraft,18/02/2026,6090000,30.45,0,Current,0,0.01,60900
GHA-LN-13102,Alpha Bank Ghana,Manufacturing,Syndicated Loan,16/09/2022,5719000,33.51,0,Current,0,0.01,57190
GHA-LN-13103,Savannah National Bank,Commerce & Finance,SME Asset Financing,26/02/2024,317000,35.73,15,Current,0,0.01,3170
GHA-LN-13104,Savannah National Bank,Agriculture,Term Loan,25/02/2022,101000,33.6,0,Current,0,0.01,1010
GHA-LN-13105,Zenith Frontier Bank,Construction,Syndicated Loan,11/09/2022,2768000,31.24,0,Current,0,0.01,27680
GHA-LN-13106,Meridian Credit Bank,Commerce & Finance,SME Asset Financing,19/09/2024,7079000,37.81,0,Current,0,0.01,70790
GHA-LN-13107,Savannah National Bank,Agriculture,Syndicated Loan,12/03/2022,2066000,33.54,15,Current,0,0.01,20660
GHA-LN-13108,Alpha Bank Ghana,Manufacturing,Overdraft,10/04/2025,5101000,35.96,45,Other Loans Especially Mentioned (OLEM),0,NA,NA
GHA-LN-13109,Alpha Bank Ghana,Manufacturing,Overdraft,29/08/2025,5108000,33.58,15,Current,0,0.01,51080
GHA-LN-13110,Savannah National Bank,Mining,Overdraft,07/01/2023,6808000,29.19,0,Current,0,0.01,68080
GHA-LN-13111,Beacon Trust Bank,Services,Overdraft,10/10/2023,7208000,34.42,0,Current,0,0.01,72080
GHA-LN-13112,Savannah National Bank,Construction,Overdraft,23/04/2022,5778000,30.26,75,Other Loans Especially Mentioned (OLEM),0,NA,NA
GHA-LN-13113,Alpha Bank Ghana,Manufacturing,Syndicated Loan,02/07/2025,1512000,34.5,45,Other Loans Especially Mentioned (OLEM),0,NA,NA
GHA-LN-13114,Zenith Frontier Bank,Commerce & Finance,Syndicated Loan,22/12/2025,4238000,32.71,15,Current,0,0.01,42380
GHA-LN-13115,Zenith Frontier Bank,Manufacturing,Term Loan,17/02/2026,825000,35.2,0,Current,0,0.01,8250
GHA-LN-13116,Beacon Trust Bank,Commerce & Finance,Term Loan,20/01/2025,1904000,36.03,45,Other Loans Especially Mentioned (OLEM),0,NA,NA
GHA-LN-13117,Beacon Trust Bank,Manufacturing,Overdraft,14/05/2023,1048000,29.53,0,Current,0,0.01,10480
GHA-LN-13118,Zenith Frontier Bank,Agriculture,Syndicated Loan,04/01/2025,7064000,33.97,0,Current,0,0.01,70640
GHA-LN-13119,Meridian Credit Bank,Mining,Overdraft,29/10/2024,4106000,26.65,0,Current,0,0.01,41060
GHA-LN-13120,Zenith Frontier Bank,Manufacturing,Overdraft,28/05/2023,6847000,34.84,0,Current,0,0.01,68470
GHA-LN-13121,Beacon Trust Bank,Commerce & Finance,Syndicated Loan,02/09/2022,2049000,35.06,0,Current,0,0.01,20490
GHA-LN-13122,Beacon Trust Bank,Agriculture,Syndicated Loan,13/03/2025,1936000,36.89,15,Current,0,0.01,19360
GHA-LN-13123,Meridian Credit Bank,Commerce & Finance,Overdraft,07/12/2022,1573000,35.43,0,Current,0,0.01,15730
GHA-LN-13124,Meridian Credit Bank,Services,Term Loan,15/10/2022,1295000,33.2,0,Current,0,0.01,12950
GHA-LN-13125,Zenith Frontier Bank,Construction,SME Asset Financing,27/06/2024,2256000,32.01,0,Current,0,0.01,22560
GHA-LN-13126,Zenith Frontier Bank,Commerce & Finance,Overdraft,03/04/2024,3893000,37.29,0,Current,0,0.01,38930
GHA-LN-13127,Meridian Credit Bank,Agriculture,Term Loan,03/07/2025,2540000,32.26,75,Other Loans Especially Mentioned (OLEM),0,NA,NA
GHA-LN-13128,Savannah National Bank,Mining,SME Asset Financing,21/08/2025,2557000,26.65,0,Current,0,0.01,25570
GHA-LN-13129,Alpha Bank Ghana,Manufacturing,SME Asset Financing,11/03/2024,4907000,32.18,0,Current,0,0.01,49070
GHA-LN-13130,Savannah National Bank,Commerce & Finance,Overdraft,17/02/2024,2385000,27.71,0,Current,0,0.01,23850
GHA-LN-13131,Beacon Trust Bank,Manufacturing,Term Loan,27/02/2023,4453000,36.32,120,Substandard,1,0.2,890600
GHA-LN-13132,Beacon Trust Bank,Agriculture,Syndicated Loan,24/08/2024,5706000,28.14,0,Current,0,0.01,57060
GHA-LN-13133,Zenith Frontier Bank,Services,SME Asset Financing,04/06/2023,6350000,33.97,0,Current,0,0.01,63500
GHA-LN-13134,Savannah National Bank,Commerce & Finance,SME Asset Financing,04/08/2024,1124000,28.05,15,Current,0,0.01,11240
GHA-LN-13135,Beacon Trust Bank,Agriculture,Term Loan,18/02/2022,3413000,27.98,45,Other Loans Especially Mentioned (OLEM),0,NA,NA
GHA-LN-13136,Meridian Credit Bank,Commerce & Finance,Overdraft,20/10/2022,6286000,37.43,15,Current,0,0.01,62860
GHA-LN-13137,Zenith Frontier Bank,Services,Overdraft,31/08/2024,795000,32.24,120,Substandard,1,0.2,159000
GHA-LN-13138,Alpha Bank Ghana,Commerce & Finance,Term Loan,23/11/2022,430000,27.94,0,Current,0,0.01,4300
GHA-LN-13139,Beacon Trust Bank,Services,Syndicated Loan,01/06/2022,4615000,30.13,45,Other Loans Especially Mentioned (OLEM),0,NA,NA
GHA-LN-13140,Zenith Frontier Bank,Construction,Term Loan,01/10/2025,7227000,29.59,0,Current,0,0.01,72270
GHA-LN-13141,Alpha Bank Ghana,Agriculture,Overdraft,16/08/2024,1423000,29.56,15,Current,0,0.01,14230
GHA-LN-13142,Savannah National Bank,Services,Overdraft,16/01/2026,5960000,31.88,120,Substandard,1,0.2,1192000
GHA-LN-13143,Beacon Trust Bank,Agriculture,Term Loan,16/02/2024,5893000,29.98,0,Current,0,0.01,58930
GHA-LN-13144,Savannah National Bank,Construction,Overdraft,10/07/2024,5523000,27.35,15,Current,0,0.01,55230
GHA-LN-13145,Beacon Trust Bank,Services,Term Loan,17/12/2023,4980000,33.38,45,Other Loans Especially Mentioned (OLEM),0,NA,NA
GHA-LN-13146,Savannah National Bank,Commerce & Finance,SME Asset Financing,08/09/2022,593000,34.11,0,Current,0,0.01,5930
GHA-LN-13147,Zenith Frontier Bank,Services,Syndicated Loan,04/02/2026,7112000,35,0,Current,0,0.01,71120
GHA-LN-13148,Beacon Trust Bank,Commerce & Finance,Term Loan,29/01/2023,4485000,34.79,0,Current,0,0.01,44850
GHA-LN-13149,Savannah National Bank,Agriculture,SME Asset Financing,12/03/2025,290000,27.61,45,Other Loans Especially Mentioned (OLEM),0,NA,NA
GHA-LN-13150,Meridian Credit Bank,Manufacturing,SME Asset Financing,07/02/2022,674000,29.78,0,Current,0,0.01,6740
GHA-LN-13151,Alpha Bank Ghana,Agriculture,SME Asset Financing,23/02/2025,5386000,28.92,45,Other Loans Especially Mentioned (OLEM),0,NA,NA
GHA-LN-13152,Savannah National Bank,Agriculture,Term Loan,16/04/2025,3465000,37.86,0,Current,0,0.01,34650
GHA-LN-13153,Zenith Frontier Bank,Agriculture,Overdraft,29/01/2024,1834000,34.19,45,Other Loans Especially Mentioned (OLEM),0,NA,NA
GHA-LN-13154,Meridian Credit Bank,Construction,Syndicated Loan,29/01/2026,5882000,35.99,0,Current,0,0.01,58820
GHA-LN-13155,Savannah National Bank,Commerce & Finance,SME Asset Financing,28/05/2024,2068000,34.61,45,Other Loans Especially Mentioned (OLEM),0,NA,NA
GHA-LN-13156,Beacon Trust Bank,Agriculture,Overdraft,05/09/2022,1401000,34.28,120,Substandard,1,0.2,280200
GHA-LN-13157,Alpha Bank Ghana,Commerce & Finance,SME Asset Financing,17/09/2025,3944000,32.92,120,Substandard,1,0.2,788800
GHA-LN-13158,Alpha Bank Ghana,Construction,Syndicated Loan,01/07/2024,362000,29.24,0,Current,0,0.01,3620
GHA-LN-13159,Beacon Trust Bank,Agriculture,Overdraft,19/09/2024,6223000,27.17,0,Current,0,0.01,62230
GHA-LN-13160,Beacon Trust Bank,Construction,Term Loan,06/02/2025,1757000,32.21,0,Current,0,0.01,17570
GHA-LN-13161,Zenith Frontier Bank,Manufacturing,Term Loan,15/07/2023,838000,30.96,0,Current,0,0.01,8380
GHA-LN-13162,Savannah National Bank,Commerce & Finance,Term Loan,23/06/2025,2002000,36.74,0,Current,0,0.01,20020
GHA-LN-13163,Meridian Credit Bank,Agriculture,Overdraft,12/12/2023,675000,32.47,0,Current,0,0.01,6750
GHA-LN-13164,Beacon Trust Bank,Services,Term Loan,28/04/2022,4362000,31,75,Other Loans Especially Mentioned (OLEM),0,NA,NA
GHA-LN-13165,Beacon Trust Bank,Commerce & Finance,Overdraft,21/08/2024,1394000,26.57,75,Other Loans Especially Mentioned (OLEM),0,NA,NA
GHA-LN-13166,Meridian Credit Bank,Services,Overdraft,29/11/2022,6499000,35.62,0,Current,0,0.01,64990
GHA-LN-13167,Beacon Trust Bank,Mining,Term Loan,15/05/2022,5455000,28.41,120,Substandard,1,0.2,1091000
GHA-LN-13168,Zenith Frontier Bank,Commerce & Finance,Term Loan,07/12/2024,6334000,32.12,45,Other Loans Especially Mentioned (OLEM),0,NA,NA
GHA-LN-13169,Beacon Trust Bank,Services,SME Asset Financing,28/03/2024,5903000,33.19,0,Current,0,0.01,59030
GHA-LN-13170,Meridian Credit Bank,Services,Term Loan,08/05/2025,1951000,37.38,75,Other Loans Especially Mentioned (OLEM),0,NA,NA
GHA-LN-13171,Savannah National Bank,Services,Overdraft,05/05/2024,1939000,32.93,15,Current,0,0.01,19390
GHA-LN-13172,Zenith Frontier Bank,Services,Term Loan,27/08/2022,766000,33.94,0,Current,0,0.01,7660
GHA-LN-13173,Meridian Credit Bank,Manufacturing,Term Loan,23/04/2025,7188000,30.36,0,Current,0,0.01,71880
GHA-LN-13174,Savannah National Bank,Construction,Term Loan,18/10/2025,4633000,28.62,0,Current,0,0.01,46330
GHA-LN-13175,Zenith Frontier Bank,Commerce & Finance,Overdraft,06/02/2022,1334000,27.46,0,Current,0,0.01,13340
GHA-LN-13176,Alpha Bank Ghana,Commerce & Finance,Term Loan,21/01/2026,5307000,36.73,0,Current,0,0.01,53070
GHA-LN-13177,Beacon Trust Bank,Manufacturing,Overdraft,17/12/2025,590000,31.16,210,Doubtful,1,0.5,295000
GHA-LN-13178,Meridian Credit Bank,Commerce & Finance,Syndicated Loan,24/11/2025,1972000,32.79,0,Current,0,0.01,19720
GHA-LN-13180,Alpha Bank Ghana,Services,Syndicated Loan,03/03/2025,2027000,30.81,0,Current,0,0.01,20270
GHA-LN-13181,Beacon Trust Bank,Manufacturing,Term Loan,14/02/2026,4872000,27.78,0,Current,0,0.01,48720
GHA-LN-13182,Meridian Credit Bank,Agriculture,Overdraft,31/01/2022,4463000,28.39,0,Current,0,0.01,44630
GHA-LN-13183,Beacon Trust Bank,Commerce & Finance,Syndicated Loan,25/01/2022,246000,27.14,75,Other Loans Especially Mentioned (OLEM),0,NA,NA
GHA-LN-13184,Beacon Trust Bank,Services,Term Loan,06/04/2025,7361000,28.61,0,Current,0,0.01,73610
GHA-LN-13185,Savannah National Bank,Commerce & Finance,Syndicated Loan,28/03/2024,6755000,27.13,15,Current,0,0.01,67550
GHA-LN-13186,Alpha Bank Ghana,Agriculture,Overdraft,01/10/2023,5546000,32.36,0,Current,0,0.01,55460
GHA-LN-13187,Beacon Trust Bank,Construction,SME Asset Financing,25/12/2022,1508000,37.96,75,Other Loans Especially Mentioned (OLEM),0,NA,NA
GHA-LN-13188,Meridian Credit Bank,Manufacturing,Term Loan,09/02/2022,4973000,27.53,0,Current,0,0.01,49730
GHA-LN-13189,Meridian Credit Bank,Mining,Syndicated Loan,21/08/2025,1497000,27.67,0,Current,0,0.01,14970
GHA-LN-13190,Zenith Frontier Bank,Manufacturing,SME Asset Financing,05/03/2025,5844000,33.83,0,Current,0,0.01,58440
GHA-LN-13191,Meridian Credit Bank,Services,Term Loan,20/04/2023,3364000,26.5,0,Current,0,0.01,33640
GHA-LN-13192,Savannah National Bank,Construction,SME Asset Financing,14/03/2025,2641000,30.85,0,Current,0,0.01,26410
GHA-LN-13193,Zenith Frontier Bank,Commerce & Finance,Term Loan,21/06/2022,6066000,35.2,15,Current,0,0.01,60660
GHA-LN-13194,Savannah National Bank,Manufacturing,Overdraft,31/03/2024,323000,26.06,0,Current,0,0.01,3230
GHA-LN-13195,Alpha Bank Ghana,Agriculture,Syndicated Loan,29/08/2022,6702000,30.26,0,Current,0,0.01,67020
GHA-LN-13196,Zenith Frontier Bank,Services,Syndicated Loan,24/11/2025,6031000,32.24,0,Current,0,0.01,60310
GHA-LN-13197,Savannah National Bank,Services,SME Asset Financing,14/07/2022,7209000,33.45,0,Current,0,0.01,72090
GHA-LN-13198,Meridian Credit Bank,Commerce & Finance,Term Loan,06/09/2023,4446000,29.2,15,Current,0,0.01,44460
GHA-LN-13199,Savannah National Bank,Construction,SME Asset Financing,13/11/2022,4697000,32.7,0,Current,0,0.01,46970
GHA-LN-13200,Savannah National Bank,Services,Term Loan,24/01/2023,527000,30.47,0,Current,0,0.01,5270
GHA-LN-13201,Zenith Frontier Bank,Commerce & Finance,Syndicated Loan,06/03/2023,3850000,36.65,0,Current,0,0.01,38500
GHA-LN-13202,Alpha Bank Ghana,Commerce & Finance,Syndicated Loan,27/05/2024,6462000,37.56,45,Other Loans Especially Mentioned (OLEM),0,NA,NA
GHA-LN-13203,Zenith Frontier Bank,Manufacturing,Syndicated Loan,20/06/2024,1577000,37.14,45,Other Loans Especially Mentioned (OLEM),0,NA,NA
GHA-LN-13204,Beacon Trust Bank,Agriculture,SME Asset Financing,13/03/2025,1309000,27.71,0,Current,0,0.01,13090
GHA-LN-13205,Zenith Frontier Bank,Mining,Syndicated Loan,14/03/2022,2571000,34.95,120,Substandard,1,0.2,514200
GHA-LN-13206,Beacon Trust Bank,Services,Term Loan,03/02/2022,5133000,33.59,0,Current,0,0.01,51330
GHA-LN-13207,Meridian Credit Bank,Manufacturing,SME Asset Financing,06/10/2023,6623000,32.05,0,Current,0,0.01,66230
GHA-LN-13208,Alpha Bank Ghana,Construction,Overdraft,10/12/2025,2439000,34.29,0,Current,0,0.01,24390
GHA-LN-13209,Zenith Frontier Bank,Agriculture,Term Loan,26/02/2023,2416000,30.11,0,Current,0,0.01,24160
GHA-LN-13210,Meridian Credit Bank,Commerce & Finance,Syndicated Loan,25/10/2022,306000,29.55,0,Current,0,0.01,3060
GHA-LN-13211,Zenith Frontier Bank,Manufacturing,Syndicated Loan,06/04/2024,3566000,27.51,15,Current,0,0.01,35660
GHA-LN-13212,Zenith Frontier Bank,Services,Term Loan,30/04/2022,6760000,36.64,0,Current,0,0.01,67600
GHA-LN-13213,Meridian Credit Bank,Agriculture,Syndicated Loan,09/09/2024,3105000,34.29,75,Other Loans Especially Mentioned (OLEM),0,NA,NA
GHA-LN-13214,Savannah National Bank,Mining,Syndicated Loan,20/04/2025,190000,33.4,0,Current,0,0.01,1900
GHA-LN-13215,Meridian Credit Bank,Services,Term Loan,06/07/2023,1407000,29.87,0,Current,0,0.01,14070
GHA-LN-13216,Beacon Trust Bank,Manufacturing,SME Asset Financing,23/11/2022,873000,37.12,0,Current,0,0.01,8730
GHA-LN-13217,Beacon Trust Bank,Services,Overdraft,15/04/2025,5816000,34.32,0,Current,0,0.01,58160
GHA-LN-13218,Savannah National Bank,Commerce & Finance,SME Asset Financing,27/06/2025,2473000,27.64,0,Current,0,0.01,24730
GHA-LN-13219,Alpha Bank Ghana,Unclassified,Term Loan,22/09/2022,6439000,30.43,15,Current,0,0.01,64390
GHA-LN-13220,Meridian Credit Bank,Manufacturing,SME Asset Financing,19/07/2024,7473000,31.39,0,Current,0,0.01,74730
GHA-LN-13221,Savannah National Bank,Manufacturing,SME Asset Financing,05/12/2023,3522000,29.55,15,Current,0,0.01,35220
GHA-LN-13222,Beacon Trust Bank,Construction,SME Asset Financing,04/06/2023,5920000,35.03,0,Current,0,0.01,59200
GHA-LN-13223,Alpha Bank Ghana,Agriculture,Term Loan,27/10/2025,2485000,32.23,0,Current,0,0.01,24850
GHA-LN-13224,Alpha Bank Ghana,Construction,Syndicated Loan,12/07/2024,4782000,34.56,75,Other Loans Especially Mentioned (OLEM),0,NA,NA
GHA-LN-13225,Savannah National Bank,Construction,Overdraft,10/07/2023,4389000,31.79,15,Current,0,0.01,43890
GHA-LN-13226,Savannah National Bank,Commerce & Finance,Overdraft,26/02/2023,4102000,35.07,0,Current,0,0.01,41020
GHA-LN-13227,Alpha Bank Ghana,Commerce & Finance,Term Loan,09/08/2022,4788000,26.69,0,Current,0,0.01,47880
GHA-LN-13228,Alpha Bank Ghana,Commerce & Finance,SME Asset Financing,20/11/2024,3067000,29.16,0,Current,0,0.01,30670
GHA-LN-13229,Beacon Trust Bank,Services,Overdraft,22/01/2026,3887000,32.88,0,Current,0,0.01,38870
GHA-LN-13230,Alpha Bank Ghana,Manufacturing,Syndicated Loan,08/05/2023,5059000,36.81,0,Current,0,0.01,50590
GHA-LN-13231,Beacon Trust Bank,Services,Overdraft,01/06/2025,933000,32.75,0,Current,0,0.01,9330
GHA-LN-13232,Meridian Credit Bank,Manufacturing,Overdraft,05/11/2024,369000,29.9,0,Current,0,0.01,3690
GHA-LN-13233,Meridian Credit Bank,Construction,Syndicated Loan,05/01/2023,3651000,29.97,0,Current,0,0.01,36510
GHA-LN-13234,Alpha Bank Ghana,Commerce & Finance,Term Loan,15/01/2022,2545000,30.54,210,Doubtful,1,0.5,1272500
GHA-LN-13235,Beacon Trust Bank,Commerce & Finance,Overdraft,08/09/2023,4436000,33.77,0,Current,0,0.01,44360
GHA-LN-13236,Savannah National Bank,Services,Syndicated Loan,15/12/2022,3187000,27.65,0,Current,0,0.01,31870
GHA-LN-13237,Savannah National Bank,Agriculture,Term Loan,17/10/2024,1625000,29.26,0,Current,0,0.01,16250
GHA-LN-13238,Beacon Trust Bank,Manufacturing,Overdraft,31/07/2022,6438000,27.01,15,Current,0,0.01,64380
GHA-LN-13239,Alpha Bank Ghana,Services,SME Asset Financing,14/03/2022,676000,27.68,0,Current,0,0.01,6760
GHA-LN-13240,Meridian Credit Bank,Manufacturing,SME Asset Financing,05/12/2025,3915000,27.41,0,Current,0,0.01,39150
GHA-LN-13241,Alpha Bank Ghana,Manufacturing,Syndicated Loan,14/03/2024,5553000,33.54,45,Other Loans Especially Mentioned (OLEM),0,NA,NA
GHA-LN-13242,Savannah National Bank,Commerce & Finance,Syndicated Loan,18/10/2022,3008000,37.17,0,Current,0,0.01,30080
GHA-LN-13243,Zenith Frontier Bank,Construction,Overdraft,09/11/2022,6589000,26.44,0,Current,0,0.01,65890
GHA-LN-13244,Savannah National Bank,Manufacturing,SME Asset Financing,11/12/2022,2862000,28.09,210,Doubtful,1,0.5,1431000
GHA-LN-13245,Alpha Bank Ghana,Services,Overdraft,17/10/2024,4040000,35.14,0,Current,0,0.01,40400
GHA-LN-13246,Savannah National Bank,Construction,Overdraft,02/11/2024,3774000,27.47,15,Current,0,0.01,37740
GHA-LN-13247,Zenith Frontier Bank,Commerce & Finance,Overdraft,01/08/2022,4716000,36.7,120,Substandard,1,0.2,943200
GHA-LN-13248,Beacon Trust Bank,Manufacturing,SME Asset Financing,31/05/2022,110000,31.17,0,Current,0,0.01,1100
GHA-LN-13249,Zenith Frontier Bank,Commerce & Finance,Term Loan,18/03/2024,1726000,26.14,0,Current,0,0.01,17260
GHA-LN-13250,Savannah National Bank,Construction,SME Asset Financing,22/02/2023,1716000,33.67,15,Current,0,0.01,17160
GHA-LN-13251,Savannah National Bank,Commerce & Finance,Syndicated Loan,31/07/2022,6833000,35.85,120,Substandard,1,0.2,1366600
GHA-LN-13252,Zenith Frontier Bank,Commerce & Finance,Overdraft,15/03/2025,2182000,35.64,0,Current,0,0.01,21820
GHA-LN-13253,Savannah National Bank,Manufacturing,Syndicated Loan,12/08/2023,2785000,36.2,45,Other Loans Especially Mentioned (OLEM),0,NA,NA
GHA-LN-13254,Beacon Trust Bank,Services,Overdraft,10/09/2024,6146000,28.11,120,Substandard,1,0.2,1229200
GHA-LN-13255,Zenith Frontier Bank,Commerce & Finance,Syndicated Loan,16/10/2025,5828000,28.41,120,Substandard,1,0.2,1165600
GHA-LN-13256,Meridian Credit Bank,Agriculture,Syndicated Loan,14/07/2023,6140000,26.9,0,Current,0,0.01,61400
GHA-LN-13257,Zenith Frontier Bank,Commerce & Finance,Syndicated Loan,17/05/2023,2028000,28.85,210,Doubtful,1,0.5,1014000
GHA-LN-13258,Meridian Credit Bank,Manufacturing,SME Asset Financing,20/12/2023,177000,27.21,45,Other Loans Especially Mentioned (OLEM),0,NA,NA
GHA-LN-13259,Alpha Bank Ghana,Construction,Overdraft,10/05/2024,4143000,26.32,0,Current,0,0.01,41430
GHA-LN-13260,Savannah National Bank,Services,Overdraft,22/02/2022,5897000,28.85,15,Current,0,0.01,58970
GHA-LN-13261,Zenith Frontier Bank,Commerce & Finance,Syndicated Loan,23/07/2025,3606000,35.24,0,Current,0,0.01,36060
GHA-LN-13262,Meridian Credit Bank,Unclassified,Syndicated Loan,13/09/2024,1703000,26.74,0,Current,0,0.01,17030
GHA-LN-13263,Meridian Credit Bank,Services,Overdraft,02/04/2025,2781000,36.34,15,Current,0,0.01,27810
GHA-LN-13264,Savannah National Bank,Services,Syndicated Loan,20/02/2025,6267000,33.87,0,Current,0,0.01,62670
GHA-LN-13265,Beacon Trust Bank,Mining,Overdraft,06/02/2026,6048000,34.47,0,Current,0,0.01,60480
GHA-LN-13266,Meridian Credit Bank,Agriculture,Term Loan,19/05/2025,854000,32.32,0,Current,0,0.01,8540
GHA-LN-13267,Beacon Trust Bank,Services,Overdraft,24/03/2022,1037000,35.67,0,Current,0,0.01,10370
GHA-LN-13268,Beacon Trust Bank,Commerce & Finance,SME Asset Financing,15/11/2022,6417000,35.93,0,Current,0,0.01,64170
GHA-LN-13269,Meridian Credit Bank,Services,SME Asset Financing,10/06/2025,4826000,30.99,45,Other Loans Especially Mentioned (OLEM),0,NA,NA
GHA-LN-13270,Alpha Bank Ghana,Agriculture,SME Asset Financing,27/03/2024,1278000,32.6,0,Current,0,0.01,12780
GHA-LN-13271,Savannah National Bank,Construction,Overdraft,24/06/2025,2664000,31.59,15,Current,0,0.01,26640
GHA-LN-13272,Zenith Frontier Bank,Agriculture,Syndicated Loan,31/10/2022,3417000,31.03,0,Current,0,0.01,34170
GHA-LN-13273,Alpha Bank Ghana,Construction,SME Asset Financing,13/02/2026,5197000,28.43,45,Other Loans Especially Mentioned (OLEM),0,NA,NA
GHA-LN-13274,Alpha Bank Ghana,Services,Syndicated Loan,26/09/2022,1492000,35,0,Current,0,0.01,14920
GHA-LN-13275,Alpha Bank Ghana,Construction,Overdraft,03/01/2022,5271000,35.96,0,Current,0,0.01,52710
GHA-LN-13276,Meridian Credit Bank,Construction,Term Loan,22/03/2024,142000,29.34,0,Current,0,0.01,1420
GHA-LN-13277,Zenith Frontier Bank,Mining,Term Loan,16/08/2024,3051000,26.88,0,Current,0,0.01,30510
GHA-LN-13278,Zenith Frontier Bank,Services,Term Loan,27/11/2025,1012000,37.99,210,Doubtful,1,0.5,506000
GHA-LN-13279,Beacon Trust Bank,Mining,Overdraft,27/10/2023,5465000,31.42,0,Current,0,0.01,54650
GHA-LN-13280,Beacon Trust Bank,Construction,SME Asset Financing,11/09/2022,4756000,26.43,0,Current,0,0.01,47560
GHA-LN-13281,Alpha Bank Ghana,Agriculture,Term Loan,09/03/2024,7193000,33.03,45,Other Loans Especially Mentioned (OLEM),0,NA,NA
GHA-LN-13282,Beacon Trust Bank,Commerce & Finance,Term Loan,19/12/2023,1129000,31.19,0,Current,0,0.01,11290
GHA-LN-13283,Beacon Trust Bank,Commerce & Finance,Term Loan,08/03/2024,5235000,26.81,0,Current,0,0.01,52350
GHA-LN-13284,Alpha Bank Ghana,Mining,Term Loan,29/07/2025,6433000,34.64,0,Current,0,0.01,64330
GHA-LN-13285,Meridian Credit Bank,Services,Overdraft,23/11/2025,185000,27.45,0,Current,0,0.01,1850
GHA-LN-13286,Zenith Frontier Bank,Services,SME Asset Financing,19/07/2022,3942000,26.74,0,Current,0,0.01,39420
GHA-LN-13287,Alpha Bank Ghana,Commerce & Finance,Overdraft,22/03/2025,4401000,27.24,0,Current,0,0.01,44010
GHA-LN-13288,Meridian Credit Bank,Commerce & Finance,Overdraft,27/10/2025,4419000,34.8,0,Current,0,0.01,44190
GHA-LN-13289,Alpha Bank Ghana,Commerce & Finance,Syndicated Loan,23/01/2023,1296000,34.09,0,Current,0,0.01,12960
GHA-LN-13290,Zenith Frontier Bank,Unclassified,Syndicated Loan,12/11/2022,1212000,31.85,0,Current,0,0.01,12120
GHA-LN-13291,Savannah National Bank,Manufacturing,Term Loan,14/06/2022,932000,37.36,0,Current,0,0.01,9320
GHA-LN-13292,Meridian Credit Bank,Commerce & Finance,Syndicated Loan,16/02/2026,5145000,33.81,0,Current,0,0.01,51450
GHA-LN-13293,Alpha Bank Ghana,Manufacturing,SME Asset Financing,07/02/2024,3134000,32.42,0,Current,0,0.01,31340
GHA-LN-13294,Zenith Frontier Bank,Agriculture,Term Loan,13/11/2023,7179000,26.46,0,Current,0,0.01,71790
GHA-LN-13295,Alpha Bank Ghana,Commerce & Finance,SME Asset Financing,29/11/2025,4383000,34.45,210,Doubtful,1,0.5,2191500
GHA-LN-13296,Beacon Trust Bank,Commerce & Finance,Term Loan,20/04/2025,5224000,34.95,15,Current,0,0.01,52240
GHA-LN-13297,Zenith Frontier Bank,Services,SME Asset Financing,05/06/2025,4448000,27.65,45,Other Loans Especially Mentioned (OLEM),0,NA,NA
GHA-LN-13298,Savannah National Bank,Commerce & Finance,Overdraft,22/12/2023,911000,30.27,75,Other Loans Especially Mentioned (OLEM),0,NA,NA
GHA-LN-13299,Meridian Credit Bank,Agriculture,Overdraft,10/09/2022,3778000,33.21,0,Current,0,0.01,37780
GHA-LN-13300,Alpha Bank Ghana,Commerce & Finance,SME Asset Financing,15/04/2023,2143000,36.69,0,Current,0,0.01,21430
GHA-LN-13302,Beacon Trust Bank,Commerce & Finance,Overdraft,24/10/2024,6924000,26.19,15,Current,0,0.01,69240
GHA-LN-13303,Beacon Trust Bank,Agriculture,Overdraft,17/12/2024,5532000,35.35,0,Current,0,0.01,55320
GHA-LN-13304,Beacon Trust Bank,Construction,Term Loan,08/02/2025,3057000,26.15,0,Current,0,0.01,30570
GHA-LN-13305,Alpha Bank Ghana,Manufacturing,SME Asset Financing,27/02/2022,4913000,34.17,120,Substandard,1,0.2,982600
GHA-LN-13306,Zenith Frontier Bank,Manufacturing,Syndicated Loan,10/09/2022,7428000,31.33,0,Current,0,0.01,74280
GHA-LN-13307,Beacon Trust Bank,Services,SME Asset Financing,21/08/2024,7372000,29.03,0,Current,0,0.01,73720
GHA-LN-13308,Savannah National Bank,Commerce & Finance,Overdraft,01/12/2025,1376000,26.24,0,Current,0,0.01,13760
GHA-LN-13309,Meridian Credit Bank,Unclassified,Term Loan,12/02/2026,811000,30.08,210,Doubtful,1,0.5,405500
GHA-LN-13310,Alpha Bank Ghana,Commerce & Finance,Term Loan,14/10/2022,1509000,29.78,120,Substandard,1,0.2,301800
GHA-LN-13311,Meridian Credit Bank,Manufacturing,Overdraft,05/04/2024,6604000,26.39,75,Other Loans Especially Mentioned (OLEM),0,NA,NA
GHA-LN-13312,Alpha Bank Ghana,Services,Overdraft,07/01/2022,1493000,30.65,0,Current,0,0.01,14930
GHA-LN-13313,Zenith Frontier Bank,Commerce & Finance,SME Asset Financing,24/03/2022,5525000,33.45,120,Substandard,1,0.2,1105000
GHA-LN-13314,Savannah National Bank,Services,Syndicated Loan,10/03/2022,6283000,35.57,0,Current,0,0.01,62830
GHA-LN-13315,Savannah National Bank,Services,Overdraft,02/03/2025,186000,34.53,15,Current,0,0.01,1860
GHA-LN-13316,Zenith Frontier Bank,Mining,SME Asset Financing,11/07/2023,6789000,32.26,210,Doubtful,1,0.5,3394500
GHA-LN-13317,Zenith Frontier Bank,Manufacturing,Overdraft,22/12/2023,5053000,29.59,0,Current,0,0.01,50530
GHA-LN-13318,Savannah National Bank,Manufacturing,Term Loan,01/03/2025,59000,35.7,0,Current,0,0.01,590
GHA-LN-13319,Zenith Frontier Bank,Services,SME Asset Financing,08/10/2025,7014000,36.81,0,Current,0,0.01,70140
GHA-LN-13320,Meridian Credit Bank,Construction,Term Loan,06/07/2025,7135000,36.58,15,Current,0,0.01,71350
GHA-LN-13321,Meridian Credit Bank,Commerce & Finance,Syndicated Loan,02/12/2025,4271000,27.04,75,Other Loans Especially Mentioned (OLEM),0,NA,NA
GHA-LN-13322,Zenith Frontier Bank,Manufacturing,Syndicated Loan,23/02/2026,242000,32.32,0,Current,0,0.01,2420
GHA-LN-13323,Savannah National Bank,Commerce & Finance,Syndicated Loan,25/12/2024,2822000,27.91,0,Current,0,0.01,28220
GHA-LN-13324,Alpha Bank Ghana,Commerce & Finance,Syndicated Loan,13/01/2022,3313000,35.77,120,Substandard,1,0.2,662600
GHA-LN-13325,Beacon Trust Bank,Manufacturing,Term Loan,31/03/2022,5165000,36.17,75,Other Loans Especially Mentioned (OLEM),0,NA,NA
GHA-LN-13326,Beacon Trust Bank,Manufacturing,Overdraft,23/03/2024,1045000,26.65,0,Current,0,0.01,10450
GHA-LN-13327,Beacon Trust Bank,Construction,Overdraft,27/10/2023,307000,31.74,0,Current,0,0.01,3070
GHA-LN-13328,Beacon Trust Bank,Commerce & Finance,Overdraft,06/04/2025,5398000,26.86,210,Doubtful,1,0.5,2699000
GHA-LN-13329,Beacon Trust Bank,Manufacturing,Overdraft,30/04/2024,3038000,31.95,0,Current,0,0.01,30380
GHA-LN-13330,Meridian Credit Bank,Services,Overdraft,05/11/2023,6741000,27.68,0,Current,0,0.01,67410
GHA-LN-13331,Meridian Credit Bank,Manufacturing,Overdraft,20/03/2025,6218000,33.36,0,Current,0,0.01,62180
GHA-LN-13332,Alpha Bank Ghana,Construction,Overdraft,15/10/2025,1347000,34.99,15,Current,0,0.01,13470
GHA-LN-13333,Zenith Frontier Bank,Commerce & Finance,SME Asset Financing,18/06/2025,1405000,37.52,0,Current,0,0.01,14050
GHA-LN-13334,Beacon Trust Bank,Commerce & Finance,Term Loan,01/05/2024,6419000,32.93,0,Current,0,0.01,64190
GHA-LN-13335,Savannah National Bank,Services,Term Loan,15/08/2022,1946000,35.26,45,Other Loans Especially Mentioned (OLEM),0,NA,NA
GHA-LN-13336,Savannah National Bank,Services,Syndicated Loan,06/09/2024,3038000,32.91,210,Doubtful,1,0.5,1519000
GHA-LN-13337,Beacon Trust Bank,Construction,Term Loan,26/08/2022,2853000,26.16,15,Current,0,0.01,28530
GHA-LN-13338,Alpha Bank Ghana,Services,Overdraft,16/06/2023,5816000,32.41,0,Current,0,0.01,58160
GHA-LN-13339,Savannah National Bank,Agriculture,Overdraft,02/12/2023,3768000,27.3,0,Current,0,0.01,37680
GHA-LN-13340,Alpha Bank Ghana,Services,Overdraft,11/02/2024,6954000,32.39,0,Current,0,0.01,69540
GHA-LN-13341,Meridian Credit Bank,Commerce & Finance,Syndicated Loan,18/07/2024,6010000,33.51,0,Current,0,0.01,60100
GHA-LN-13342,Savannah National Bank,Commerce & Finance,Syndicated Loan,22/10/2024,6964000,27.33,120,Substandard,1,0.2,1392800
GHA-LN-13343,Alpha Bank Ghana,Commerce & Finance,Term Loan,12/05/2022,2264000,27.11,0,Current,0,0.01,22640
GHA-LN-13344,Meridian Credit Bank,Commerce & Finance,SME Asset Financing,10/01/2024,5147000,26.78,0,Current,0,0.01,51470
GHA-LN-13345,Zenith Frontier Bank,Manufacturing,Syndicated Loan,27/12/2023,7449000,32.39,0,Current,0,0.01,74490
GHA-LN-13346,Meridian Credit Bank,Agriculture,Term Loan,10/02/2026,1884000,27.34,0,Current,0,0.01,18840
GHA-LN-13347,Zenith Frontier Bank,Manufacturing,Term Loan,10/08/2024,3317000,37.8,0,Current,0,0.01,33170
GHA-LN-13348,Zenith Frontier Bank,Agriculture,SME Asset Financing,15/06/2025,3620000,31.6,210,Doubtful,1,0.5,1810000
GHA-LN-13349,Meridian Credit Bank,Construction,Overdraft,28/07/2024,6106000,32.15,0,Current,0,0.01,61060
GHA-LN-13350,Zenith Frontier Bank,Mining,SME Asset Financing,25/02/2026,2582000,34.41,75,Other Loans Especially Mentioned (OLEM),0,NA,NA
GHA-LN-13351,Savannah National Bank,Agriculture,Term Loan,04/07/2023,6522000,33.99,120,Substandard,1,0.2,1304400
GHA-LN-13352,Meridian Credit Bank,Commerce & Finance,Syndicated Loan,08/10/2024,4865000,32.54,0,Current,0,0.01,48650
GHA-LN-13353,Beacon Trust Bank,Services,SME Asset Financing,25/05/2024,817000,31.85,210,Doubtful,1,0.5,408500
GHA-LN-13354,Beacon Trust Bank,Agriculture,SME Asset Financing,15/08/2024,6887000,37.94,0,Current,0,0.01,68870
GHA-LN-13355,Zenith Frontier Bank,Unclassified,Term Loan,10/05/2023,2885000,28.1,0,Current,0,0.01,28850
GHA-LN-13356,Meridian Credit Bank,Services,Syndicated Loan,18/04/2023,2260000,26.2,0,Current,0,0.01,22600
GHA-LN-13357,Alpha Bank Ghana,Commerce & Finance,Term Loan,24/12/2024,5381000,35.63,0,Current,0,0.01,53810
GHA-LN-13358,Zenith Frontier Bank,Services,Term Loan,03/11/2023,1238000,28.6,0,Current,0,0.01,12380
GHA-LN-13359,Meridian Credit Bank,Commerce & Finance,Syndicated Loan,01/06/2023,5327000,27.94,15,Current,0,0.01,53270
GHA-LN-13360,Savannah National Bank,Manufacturing,Syndicated Loan,02/11/2023,3859000,33.46,75,Other Loans Especially Mentioned (OLEM),0,NA,NA
GHA-LN-13361,Beacon Trust Bank,Services,Term Loan,24/08/2022,6772000,30.91,0,Current,0,0.01,67720
GHA-LN-13362,Savannah National Bank,Commerce & Finance,Overdraft,03/12/2023,4343000,28.54,0,Current,0,0.01,43430
GHA-LN-13363,Beacon Trust Bank,Manufacturing,Term Loan,27/02/2023,3749000,30.2,0,Current,0,0.01,37490
GHA-LN-13364,Savannah National Bank,Manufacturing,Overdraft,02/02/2025,743000,33.84,0,Current,0,0.01,7430
GHA-LN-13365,Beacon Trust Bank,Commerce & Finance,SME Asset Financing,12/03/2023,6361000,32.32,0,Current,0,0.01,63610
GHA-LN-13366,Savannah National Bank,Commerce & Finance,Syndicated Loan,12/08/2025,3537000,32.25,120,Substandard,1,0.2,707400
GHA-LN-13367,Zenith Frontier Bank,Agriculture,Overdraft,26/08/2024,5507000,27.47,0,Current,0,0.01,55070
GHA-LN-13368,Zenith Frontier Bank,Commerce & Finance,Term Loan,31/08/2023,780000,30.08,15,Current,0,0.01,7800
GHA-LN-13369,Zenith Frontier Bank,Construction,SME Asset Financing,09/09/2023,5834000,35.1,15,Current,0,0.01,58340
GHA-LN-13370,Beacon Trust Bank,Mining,SME Asset Financing,23/08/2025,1391000,27.49,0,Current,0,0.01,13910
GHA-LN-13371,Zenith Frontier Bank,Services,SME Asset Financing,13/06/2022,4296000,33.94,75,Other Loans Especially Mentioned (OLEM),0,NA,NA
GHA-LN-13372,Savannah National Bank,Services,Term Loan,16/07/2025,2689000,35.43,0,Current,0,0.01,26890
GHA-LN-13373,Zenith Frontier Bank,Unclassified,SME Asset Financing,25/06/2025,5273000,30.35,75,Other Loans Especially Mentioned (OLEM),0,NA,NA
GHA-LN-13374,Savannah National Bank,Services,Overdraft,02/09/2025,5263000,36.6,0,Current,0,0.01,52630
GHA-LN-13375,Beacon Trust Bank,Manufacturing,SME Asset Financing,25/11/2023,3343000,29.24,0,Current,0,0.01,33430
GHA-LN-13376,Alpha Bank Ghana,Manufacturing,Overdraft,09/05/2022,1288000,27.48,0,Current,0,0.01,12880
GHA-LN-13377,Savannah National Bank,Services,Term Loan,23/04/2025,3231000,31.85,0,Current,0,0.01,32310
GHA-LN-13378,Meridian Credit Bank,Services,Overdraft,06/07/2022,4559000,36.14,120,Substandard,1,0.2,911800
GHA-LN-13379,Zenith Frontier Bank,Manufacturing,Term Loan,09/03/2024,5472000,34.18,0,Current,0,0.01,54720
GHA-LN-13380,Alpha Bank Ghana,Services,Syndicated Loan,23/08/2024,6494000,33.58,0,Current,0,0.01,64940
GHA-LN-13381,Meridian Credit Bank,Unclassified,Term Loan,11/12/2023,3604000,26.4,0,Current,0,0.01,36040
GHA-LN-13382,Savannah National Bank,Services,SME Asset Financing,31/12/2022,5454000,35.49,0,Current,0,0.01,54540
GHA-LN-13383,Meridian Credit Bank,Construction,Syndicated Loan,21/02/2022,5374000,29.56,0,Current,0,0.01,53740
GHA-LN-13384,Savannah National Bank,Agriculture,Term Loan,01/10/2022,1647000,35.52,0,Current,0,0.01,16470
GHA-LN-13385,Zenith Frontier Bank,Construction,SME Asset Financing,20/01/2023,6929000,37.29,0,Current,0,0.01,69290
GHA-LN-13386,Savannah National Bank,Construction,Term Loan,04/06/2025,4821000,30.15,0,Current,0,0.01,48210
GHA-LN-13387,Meridian Credit Bank,Services,SME Asset Financing,10/02/2022,6537000,29.8,0,Current,0,0.01,65370
GHA-LN-13388,Beacon Trust Bank,Services,Overdraft,02/10/2023,1576000,33.79,0,Current,0,0.01,15760
GHA-LN-13389,Alpha Bank Ghana,Manufacturing,SME Asset Financing,20/05/2023,780000,32.59,0,Current,0,0.01,7800
GHA-LN-13390,Meridian Credit Bank,Agriculture,Term Loan,20/01/2024,6275000,32.82,0,Current,0,0.01,62750
GHA-LN-13391,Alpha Bank Ghana,Commerce & Finance,Overdraft,03/04/2023,3272000,32.54,45,Other Loans Especially Mentioned (OLEM),0,NA,NA
GHA-LN-13392,Alpha Bank Ghana,Manufacturing,Term Loan,22/07/2022,1367000,26.94,0,Current,0,0.01,13670
GHA-LN-13393,Alpha Bank Ghana,Manufacturing,Term Loan,02/07/2022,3172000,37.73,0,Current,0,0.01,31720
GHA-LN-13394,Savannah National Bank,Services,Term Loan,21/02/2024,6982000,33.34,0,Current,0,0.01,69820
GHA-LN-13395,Alpha Bank Ghana,Services,Term Loan,05/10/2024,4856000,27.15,0,Current,0,0.01,48560
GHA-LN-13396,Alpha Bank Ghana,Commerce & Finance,Syndicated Loan,03/01/2025,5639000,27.01,45,Other Loans Especially Mentioned (OLEM),0,NA,NA
GHA-LN-13397,Zenith Frontier Bank,Commerce & Finance,Syndicated Loan,28/10/2025,597000,32.92,0,Current,0,0.01,5970
GHA-LN-13398,Savannah National Bank,Construction,Overdraft,11/06/2022,4332000,35.14,0,Current,0,0.01,43320
GHA-LN-13399,Zenith Frontier Bank,Commerce & Finance,Syndicated Loan,19/03/2022,3986000,35.46,0,Current,0,0.01,39860
GHA-LN-13400,Alpha Bank Ghana,Construction,Term Loan,25/08/2023,4047000,28.66,0,Current,0,0.01,40470
GHA-LN-13401,Meridian Credit Bank,Manufacturing,Term Loan,05/04/2025,900000,28.56,0,Current,0,0.01,9000
GHA-LN-13402,Alpha Bank Ghana,Construction,Syndicated Loan,17/09/2024,5161000,31.01,0,Current,0,0.01,51610
GHA-LN-13403,Savannah National Bank,Services,SME Asset Financing,24/05/2022,5315000,35.24,0,Current,0,0.01,53150
GHA-LN-13404,Beacon Trust Bank,Commerce & Finance,Term Loan,28/08/2025,3001000,31.16,210,Doubtful,1,0.5,1500500
GHA-LN-13405,Meridian Credit Bank,Commerce & Finance,Overdraft,09/08/2024,754000,30.85,0,Current,0,0.01,7540
GHA-LN-13406,Savannah National Bank,Construction,SME Asset Financing,09/03/2024,1097000,34.22,0,Current,0,0.01,10970
GHA-LN-13407,Meridian Credit Bank,Manufacturing,Term Loan,27/05/2025,156000,26.21,0,Current,0,0.01,1560
GHA-LN-13408,Meridian Credit Bank,Commerce & Finance,Syndicated Loan,23/05/2022,5046000,36.77,0,Current,0,0.01,50460
GHA-LN-13409,Alpha Bank Ghana,Unclassified,SME Asset Financing,21/05/2025,6267000,32.86,0,Current,0,0.01,62670
GHA-LN-13410,Alpha Bank Ghana,Commerce & Finance,Overdraft,17/01/2025,1075000,26.24,120,Substandard,1,0.2,215000
GHA-LN-13411,Alpha Bank Ghana,Mining,SME Asset Financing,21/11/2022,6828000,34.4,0,Current,0,0.01,68280
GHA-LN-13412,Beacon Trust Bank,Manufacturing,SME Asset Financing,09/02/2024,6213000,34.39,0,Current,0,0.01,62130
GHA-LN-13413,Alpha Bank Ghana,Commerce & Finance,Term Loan,23/05/2024,3009000,29.79,0,Current,0,0.01,30090
GHA-LN-13414,Meridian Credit Bank,Services,SME Asset Financing,10/01/2023,469000,26.03,0,Current,0,0.01,4690
GHA-LN-13415,Beacon Trust Bank,Commerce & Finance,SME Asset Financing,07/03/2025,2545000,26.81,0,Current,0,0.01,25450
GHA-LN-13416,Beacon Trust Bank,Manufacturing,SME Asset Financing,05/06/2023,5129000,28.27,15,Current,0,0.01,51290
GHA-LN-13417,Zenith Frontier Bank,Manufacturing,Syndicated Loan,23/10/2024,327000,35.66,210,Doubtful,1,0.5,163500
GHA-LN-13418,Savannah National Bank,Commerce & Finance,Term Loan,29/11/2024,1356000,29.3,15,Current,0,0.01,13560
GHA-LN-13419,Alpha Bank Ghana,Services,Term Loan,06/06/2024,4075000,33.61,15,Current,0,0.01,40750
GHA-LN-13420,Beacon Trust Bank,Commerce & Finance,Overdraft,30/11/2023,5777000,28.66,0,Current,0,0.01,57770
GHA-LN-13421,Meridian Credit Bank,Mining,Overdraft,04/04/2022,3812000,32.69,0,Current,0,0.01,38120
GHA-LN-13422,Alpha Bank Ghana,Manufacturing,Term Loan,01/03/2025,1142000,30.4,0,Current,0,0.01,11420
GHA-LN-13423,Alpha Bank Ghana,Manufacturing,Overdraft,10/06/2023,687000,33.83,0,Current,0,0.01,6870
GHA-LN-13424,Savannah National Bank,Agriculture,SME Asset Financing,16/08/2023,5502000,34.35,45,Other Loans Especially Mentioned (OLEM),0,NA,NA
GHA-LN-13425,Beacon Trust Bank,Construction,Term Loan,09/02/2023,1073000,36.2,15,Current,0,0.01,10730
GHA-LN-13426,Meridian Credit Bank,Mining,Overdraft,21/06/2022,7466000,33.14,0,Current,0,0.01,74660
GHA-LN-13427,Beacon Trust Bank,Construction,Syndicated Loan,02/06/2025,1343000,27.33,0,Current,0,0.01,13430
GHA-LN-13428,Savannah National Bank,Mining,Overdraft,04/05/2024,195000,30.69,0,Current,0,0.01,1950
GHA-LN-13429,Alpha Bank Ghana,Services,Syndicated Loan,20/05/2023,2567000,36.32,15,Current,0,0.01,25670
GHA-LN-13430,Alpha Bank Ghana,Manufacturing,Syndicated Loan,27/08/2025,2044000,27.46,0,Current,0,0.01,20440
GHA-LN-13431,Savannah National Bank,Construction,Overdraft,24/09/2024,4672000,28.99,0,Current,0,0.01,46720
GHA-LN-13432,Zenith Frontier Bank,Commerce & Finance,Overdraft,19/08/2022,6424000,33.5,0,Current,0,0.01,64240
GHA-LN-13433,Meridian Credit Bank,Commerce & Finance,Overdraft,24/05/2024,7398000,36.66,0,Current,0,0.01,73980
GHA-LN-13434,Beacon Trust Bank,Services,Term Loan,21/12/2024,1603000,35.22,15,Current,0,0.01,16030
GHA-LN-13435,Beacon Trust Bank,Services,SME Asset Financing,04/10/2022,6306000,30.68,0,Current,0,0.01,63060
GHA-LN-13436,Alpha Bank Ghana,Construction,Syndicated Loan,29/04/2025,5647000,29.52,15,Current,0,0.01,56470
GHA-LN-13437,Savannah National Bank,Agriculture,Overdraft,04/07/2022,4938000,26.7,0,Current,0,0.01,49380
GHA-LN-13438,Savannah National Bank,Commerce & Finance,Term Loan,25/08/2023,4085000,36.51,0,Current,0,0.01,40850
GHA-LN-13439,Alpha Bank Ghana,Commerce & Finance,Syndicated Loan,24/04/2022,3039000,35.83,75,Other Loans Especially Mentioned (OLEM),0,NA,NA
GHA-LN-13440,Savannah National Bank,Construction,Syndicated Loan,24/10/2022,3374000,26.22,0,Current,0,0.01,33740
GHA-LN-13441,Savannah National Bank,Commerce & Finance,SME Asset Financing,10/11/2023,131000,27.4,75,Other Loans Especially Mentioned (OLEM),0,NA,NA
GHA-LN-13442,Beacon Trust Bank,Commerce & Finance,Term Loan,27/11/2025,987000,26.4,15,Current,0,0.01,9870
GHA-LN-13443,Savannah National Bank,Commerce & Finance,Overdraft,01/01/2022,3789000,27.54,0,Current,0,0.01,37890
GHA-LN-13444,Alpha Bank Ghana,Commerce & Finance,Syndicated Loan,20/01/2026,1393000,35.88,0,Current,0,0.01,13930
GHA-LN-13445,Beacon Trust Bank,Construction,Term Loan,28/04/2022,445000,29.68,0,Current,0,0.01,4450
GHA-LN-13446,Meridian Credit Bank,Agriculture,Syndicated Loan,25/08/2024,519000,37.22,0,Current,0,0.01,5190
GHA-LN-13447,Alpha Bank Ghana,Services,Term Loan,31/08/2023,7191000,31.44,15,Current,0,0.01,71910
GHA-LN-13448,Meridian Credit Bank,Agriculture,Syndicated Loan,22/01/2022,6976000,31.12,0,Current,0,0.01,69760
GHA-LN-13449,Beacon Trust Bank,Services,Syndicated Loan,07/12/2023,1914000,28.04,0,Current,0,0.01,19140
GHA-LN-13450,Zenith Frontier Bank,Agriculture,SME Asset Financing,23/07/2024,1920000,36.73,0,Current,0,0.01,19200
GHA-LN-13451,Alpha Bank Ghana,Construction,SME Asset Financing,27/11/2024,3495000,36.58,0,Current,0,0.01,34950
GHA-LN-13452,Beacon Trust Bank,Commerce & Finance,SME Asset Financing,06/04/2023,1051000,36.31,0,Current,0,0.01,10510
GHA-LN-13453,Alpha Bank Ghana,Commerce & Finance,Term Loan,28/01/2022,1545000,30.18,0,Current,0,0.01,15450
GHA-LN-13454,Alpha Bank Ghana,Agriculture,Term Loan,08/09/2024,3531000,27.02,0,Current,0,0.01,35310
GHA-LN-13455,Meridian Credit Bank,Construction,Overdraft,03/11/2022,3072000,37.21,0,Current,0,0.01,30720
GHA-LN-13457,Zenith Frontier Bank,Services,Overdraft,19/06/2024,3834000,33.64,0,Current,0,0.01,38340
GHA-LN-13458,Zenith Frontier Bank,Construction,Overdraft,03/05/2025,5149000,28.88,15,Current,0,0.01,51490
GHA-LN-13459,Beacon Trust Bank,Manufacturing,Term Loan,03/01/2026,3552000,33.1,0,Current,0,0.01,35520
GHA-LN-13460,Savannah National Bank,Commerce & Finance,Syndicated Loan,21/12/2022,328000,27.03,0,Current,0,0.01,3280
GHA-LN-13461,Zenith Frontier Bank,Agriculture,SME Asset Financing,15/11/2022,1032000,36.86,0,Current,0,0.01,10320
GHA-LN-13462,Meridian Credit Bank,Services,SME Asset Financing,10/05/2023,1521000,33.61,0,Current,0,0.01,15210
GHA-LN-13463,Beacon Trust Bank,Commerce & Finance,Overdraft,17/04/2023,4474000,28.29,0,Current,0,0.01,44740
GHA-LN-13464,Alpha Bank Ghana,Manufacturing,SME Asset Financing,23/11/2022,5083000,36,45,Other Loans Especially Mentioned (OLEM),0,NA,NA
GHA-LN-13465,Meridian Credit Bank,Mining,Term Loan,03/06/2025,5599000,35.04,0,Current,0,0.01,55990
GHA-LN-13466,Beacon Trust Bank,Services,Overdraft,11/06/2023,7206000,27.67,0,Current,0,0.01,72060
GHA-LN-13467,Beacon Trust Bank,Services,Overdraft,30/06/2025,3091000,32.5,0,Current,0,0.01,30910
GHA-LN-13468,Meridian Credit Bank,Commerce & Finance,SME Asset Financing,10/04/2024,5836000,35.98,0,Current,0,0.01,58360
GHA-LN-13469,Zenith Frontier Bank,Unclassified,Syndicated Loan,01/08/2024,6454000,26.77,0,Current,0,0.01,64540
GHA-LN-13470,Beacon Trust Bank,Services,Overdraft,03/01/2022,2085000,31.66,0,Current,0,0.01,20850
GHA-LN-13471,Zenith Frontier Bank,Commerce & Finance,Overdraft,19/12/2024,4160000,32.58,120,Substandard,1,0.2,832000
GHA-LN-13472,Meridian Credit Bank,Manufacturing,Syndicated Loan,09/07/2023,6322000,28.91,0,Current,0,0.01,63220
GHA-LN-13473,Alpha Bank Ghana,Commerce & Finance,Term Loan,17/12/2022,4744000,30.64,0,Current,0,0.01,47440
GHA-LN-13474,Zenith Frontier Bank,Construction,Overdraft,11/09/2025,4529000,31.49,0,Current,0,0.01,45290
GHA-LN-13475,Meridian Credit Bank,Services,Term Loan,06/06/2025,2920000,36.22,75,Other Loans Especially Mentioned (OLEM),0,NA,NA
GHA-LN-13476,Beacon Trust Bank,Mining,Term Loan,26/06/2023,6762000,26.11,0,Current,0,0.01,67620
GHA-LN-13477,Savannah National Bank,Construction,Overdraft,15/08/2022,4475000,34.6,0,Current,0,0.01,44750
GHA-LN-13478,Savannah National Bank,Agriculture,Term Loan,08/12/2025,2865000,34.3,0,Current,0,0.01,28650
GHA-LN-13479,Alpha Bank Ghana,Manufacturing,Syndicated Loan,10/08/2025,6736000,26.26,15,Current,0,0.01,67360
GHA-LN-13480,Meridian Credit Bank,Commerce & Finance,Term Loan,03/02/2023,7418000,28.96,210,Doubtful,1,0.5,3709000
GHA-LN-13481,Meridian Credit Bank,Commerce & Finance,Term Loan,29/05/2022,3014000,27.73,0,Current,0,0.01,30140
GHA-LN-13482,Beacon Trust Bank,Manufacturing,Overdraft,25/04/2025,203000,29.47,0,Current,0,0.01,2030
GHA-LN-13483,Zenith Frontier Bank,Construction,SME Asset Financing,23/01/2026,405000,30.1,75,Other Loans Especially Mentioned (OLEM),0,NA,NA
GHA-LN-13484,Zenith Frontier Bank,Manufacturing,SME Asset Financing,05/09/2022,798000,30.39,0,Current,0,0.01,7980
GHA-LN-13485,Savannah National Bank,Manufacturing,Overdraft,10/02/2026,3861000,36.37,0,Current,0,0.01,38610
GHA-LN-13486,Alpha Bank Ghana,Manufacturing,SME Asset Financing,26/01/2026,108000,26.74,0,Current,0,0.01,1080
GHA-LN-13487,Meridian Credit Bank,Agriculture,SME Asset Financing,09/02/2022,7136000,36.79,0,Current,0,0.01,71360
GHA-LN-13488,Meridian Credit Bank,Construction,SME Asset Financing,23/07/2023,521000,34.88,75,Other Loans Especially Mentioned (OLEM),0,NA,NA
GHA-LN-13489,Savannah National Bank,Services,SME Asset Financing,26/08/2024,277000,34.87,0,Current,0,0.01,2770
GHA-LN-13490,Beacon Trust Bank,Agriculture,Overdraft,09/12/2023,2293000,29.94,0,Current,0,0.01,22930
GHA-LN-13491,Meridian Credit Bank,Mining,SME Asset Financing,03/05/2024,1045000,27.17,0,Current,0,0.01,10450
GHA-LN-13492,Meridian Credit Bank,Construction,Syndicated Loan,28/09/2025,6633000,29.46,120,Substandard,1,0.2,1326600
GHA-LN-13493,Beacon Trust Bank,Commerce & Finance,Syndicated Loan,17/07/2023,213000,30.72,0,Current,0,0.01,2130
GHA-LN-13494,Meridian Credit Bank,Construction,Overdraft,30/07/2023,1307000,28.85,0,Current,0,0.01,13070
GHA-LN-13495,Meridian Credit Bank,Construction,Term Loan,14/04/2024,7447000,27.73,0,Current,0,0.01,74470
GHA-LN-13496,Alpha Bank Ghana,Commerce & Finance,Term Loan,08/03/2022,5654000,33.58,0,Current,0,0.01,56540
GHA-LN-13497,Zenith Frontier Bank,Agriculture,Syndicated Loan,27/04/2023,6346000,33.79,0,Current,0,0.01,63460
GHA-LN-13498,Savannah National Bank,Commerce & Finance,Syndicated Loan,09/05/2023,103000,32.05,0,Current,0,0.01,1030
GHA-LN-13499,Savannah National Bank,Services,Overdraft,24/02/2024,89000,35.6,0,Current,0,0.01,890
GHA-LN-13500,Savannah National Bank,Construction,Overdraft,12/04/2023,7260000,26.76,0,Current,0,0.01,72600
GHA-LN-13501,Savannah National Bank,Construction,SME Asset Financing,29/06/2022,5171000,37.63,120,Substandard,1,0.2,1034200
GHA-LN-13502,Meridian Credit Bank,Construction,SME Asset Financing,14/03/2023,729000,36.87,0,Current,0,0.01,7290
GHA-LN-13503,Zenith Frontier Bank,Manufacturing,SME Asset Financing,17/05/2022,6033000,31.18,0,Current,0,0.01,60330
GHA-LN-13504,Zenith Frontier Bank,Services,Term Loan,06/12/2022,7435000,32.23,0,Current,0,0.01,74350
GHA-LN-13505,Beacon Trust Bank,Services,Term Loan,29/08/2022,344000,34.11,0,Current,0,0.01,3440
GHA-LN-13506,Alpha Bank Ghana,Services,Syndicated Loan,05/01/2023,2811000,28.34,75,Other Loans Especially Mentioned (OLEM),0,NA,NA
GHA-LN-13507,Savannah National Bank,Mining,Overdraft,06/11/2023,345000,27.51,0,Current,0,0.01,3450
GHA-LN-13508,Alpha Bank Ghana,Commerce & Finance,Overdraft,21/07/2023,4816000,34.68,0,Current,0,0.01,48160
GHA-LN-13509,Zenith Frontier Bank,Services,Overdraft,10/10/2025,4710000,31.3,45,Other Loans Especially Mentioned (OLEM),0,NA,NA
GHA-LN-13510,Beacon Trust Bank,Manufacturing,Overdraft,22/03/2024,5895000,33.03,0,Current,0,0.01,58950
GHA-LN-13511,Meridian Credit Bank,Unclassified,SME Asset Financing,14/09/2025,1536000,28.28,0,Current,0,0.01,15360
GHA-LN-13512,Alpha Bank Ghana,Commerce & Finance,Overdraft,06/11/2025,7005000,33.28,15,Current,0,0.01,70050
GHA-LN-13513,Zenith Frontier Bank,Commerce & Finance,Overdraft,25/08/2025,6415000,26.94,0,Current,0,0.01,64150
GHA-LN-13514,Beacon Trust Bank,Unclassified,Syndicated Loan,20/06/2023,6418000,28.25,0,Current,0,0.01,64180
GHA-LN-13515,Beacon Trust Bank,Construction,Term Loan,02/05/2022,3302000,33.39,45,Other Loans Especially Mentioned (OLEM),0,NA,NA
GHA-LN-13516,Savannah National Bank,Services,SME Asset Financing,18/05/2022,5690000,37.69,0,Current,0,0.01,56900
GHA-LN-13517,Alpha Bank Ghana,Commerce & Finance,Overdraft,12/03/2025,1099000,36.96,0,Current,0,0.01,10990
GHA-LN-13518,Alpha Bank Ghana,Construction,Overdraft,17/05/2022,2280000,30.9,0,Current,0,0.01,22800
GHA-LN-13519,Beacon Trust Bank,Construction,SME Asset Financing,10/11/2025,4043000,33.88,0,Current,0,0.01,40430
GHA-LN-13520,Meridian Credit Bank,Manufacturing,Overdraft,29/06/2025,3705000,28.15,0,Current,0,0.01,37050
GHA-LN-13521,Alpha Bank Ghana,Manufacturing,Term Loan,25/03/2023,928000,29.36,0,Current,0,0.01,9280
GHA-LN-13522,Alpha Bank Ghana,Construction,Overdraft,26/11/2025,6424000,29.9,0,Current,0,0.01,64240
GHA-LN-13523,Savannah National Bank,Commerce & Finance,Overdraft,28/07/2023,4861000,37.32,0,Current,0,0.01,48610
GHA-LN-13524,Zenith Frontier Bank,Mining,Overdraft,13/07/2024,2962000,30.42,0,Current,0,0.01,29620
GHA-LN-13525,Savannah National Bank,Manufacturing,Term Loan,27/08/2023,1708000,31.14,45,Other Loans Especially Mentioned (OLEM),0,NA,NA
GHA-LN-13526,Alpha Bank Ghana,Commerce & Finance,Term Loan,04/04/2025,2544000,26.81,45,Other Loans Especially Mentioned (OLEM),0,NA,NA
GHA-LN-13527,Alpha Bank Ghana,Manufacturing,SME Asset Financing,12/10/2022,2006000,29.06,210,Doubtful,1,0.5,1003000
GHA-LN-13528,Beacon Trust Bank,Services,Term Loan,25/07/2023,1174000,28.2,15,Current,0,0.01,11740
GHA-LN-13529,Alpha Bank Ghana,Construction,SME Asset Financing,23/12/2025,4471000,28.47,0,Current,0,0.01,44710
GHA-LN-13530,Beacon Trust Bank,Commerce & Finance,SME Asset Financing,08/03/2025,3606000,35.85,0,Current,0,0.01,36060
GHA-LN-13531,Alpha Bank Ghana,Commerce & Finance,Overdraft,29/01/2022,4263000,26.38,0,Current,0,0.01,42630
GHA-LN-13532,Alpha Bank Ghana,Commerce & Finance,SME Asset Financing,15/04/2022,1169000,34.32,0,Current,0,0.01,11690
GHA-LN-13533,Alpha Bank Ghana,Agriculture,Overdraft,24/08/2024,6508000,37.12,0,Current,0,0.01,65080
GHA-LN-13535,Meridian Credit Bank,Agriculture,Syndicated Loan,11/12/2024,2144000,34.85,75,Other Loans Especially Mentioned (OLEM),0,NA,NA
GHA-LN-13536,Alpha Bank Ghana,Services,SME Asset Financing,24/11/2023,2852000,33.68,120,Substandard,1,0.2,570400
GHA-LN-13537,Beacon Trust Bank,Mining,SME Asset Financing,14/09/2024,4647000,27.72,0,Current,0,0.01,46470
GHA-LN-13538,Alpha Bank Ghana,Commerce & Finance,Overdraft,20/07/2024,2985000,36.94,45,Other Loans Especially Mentioned (OLEM),0,NA,NA
GHA-LN-13539,Meridian Credit Bank,Agriculture,Syndicated Loan,23/02/2024,4713000,29.86,0,Current,0,0.01,47130
GHA-LN-13540,Alpha Bank Ghana,Services,Overdraft,23/04/2022,946000,27.24,0,Current,0,0.01,9460
GHA-LN-13541,Zenith Frontier Bank,Commerce & Finance,SME Asset Financing,07/06/2022,298000,34.08,0,Current,0,0.01,2980
GHA-LN-13542,Beacon Trust Bank,Construction,Syndicated Loan,13/12/2025,2112000,27.92,0,Current,0,0.01,21120
GHA-LN-13543,Zenith Frontier Bank,Manufacturing,Overdraft,21/11/2023,3603000,34.21,45,Other Loans Especially Mentioned (OLEM),0,NA,NA
GHA-LN-13544,Beacon Trust Bank,Services,Syndicated Loan,19/09/2022,5101000,26.94,0,Current,0,0.01,51010
GHA-LN-13545,Savannah National Bank,Commerce & Finance,Term Loan,14/06/2023,1069000,26.54,0,Current,0,0.01,10690
GHA-LN-13546,Beacon Trust Bank,Mining,Term Loan,15/04/2025,1708000,31.76,0,Current,0,0.01,17080
GHA-LN-13547,Meridian Credit Bank,Commerce & Finance,Term Loan,11/04/2025,5577000,34.2,0,Current,0,0.01,55770
GHA-LN-13548,Savannah National Bank,Services,Term Loan,15/01/2024,5349000,35.16,0,Current,0,0.01,53490
GHA-LN-13549,Savannah National Bank,Commerce & Finance,Term Loan,19/08/2025,5845000,33.24,0,Current,0,0.01,58450
GHA-LN-13550,Zenith Frontier Bank,Mining,Syndicated Loan,25/05/2023,6892000,26.26,0,Current,0,0.01,68920
GHA-LN-13551,Meridian Credit Bank,Services,Overdraft,29/05/2023,3280000,26.01,0,Current,0,0.01,32800
GHA-LN-13552,Zenith Frontier Bank,Agriculture,Overdraft,24/10/2025,5552000,30.48,0,Current,0,0.01,55520
GHA-LN-13553,Zenith Frontier Bank,Commerce & Finance,Term Loan,08/04/2022,3899000,28.84,0,Current,0,0.01,38990
GHA-LN-13554,Alpha Bank Ghana,Manufacturing,Syndicated Loan,08/11/2024,1423000,34.98,0,Current,0,0.01,14230
GHA-LN-13555,Savannah National Bank,Manufacturing,Syndicated Loan,25/03/2025,4830000,36.22,0,Current,0,0.01,48300
GHA-LN-13556,Savannah National Bank,Manufacturing,Syndicated Loan,03/12/2022,324000,29.17,0,Current,0,0.01,3240
GHA-LN-13557,Savannah National Bank,Construction,Syndicated Loan,09/01/2024,116000,26.52,0,Current,0,0.01,1160
GHA-LN-13558,Beacon Trust Bank,Manufacturing,Syndicated Loan,09/11/2025,1469000,35.91,0,Current,0,0.01,14690
GHA-LN-13559,Beacon Trust Bank,Agriculture,Overdraft,30/07/2023,7196000,27.62,0,Current,0,0.01,71960
GHA-LN-13560,Alpha Bank Ghana,Agriculture,SME Asset Financing,23/11/2023,2032000,26.82,0,Current,0,0.01,20320
GHA-LN-13561,Beacon Trust Bank,Services,Term Loan,24/10/2024,5389000,29.96,0,Current,0,0.01,53890
GHA-LN-13562,Beacon Trust Bank,Manufacturing,Overdraft,29/04/2022,3437000,37.71,0,Current,0,0.01,34370
GHA-LN-13563,Alpha Bank Ghana,Agriculture,Syndicated Loan,16/01/2022,4259000,36.94,0,Current,0,0.01,42590
GHA-LN-13564,Beacon Trust Bank,Commerce & Finance,SME Asset Financing,18/12/2023,2328000,35.79,0,Current,0,0.01,23280
GHA-LN-13565,Savannah National Bank,Agriculture,Syndicated Loan,13/12/2024,691000,27.48,45,Other Loans Especially Mentioned (OLEM),0,NA,NA
GHA-LN-13566,Meridian Credit Bank,Commerce & Finance,Term Loan,25/03/2025,1959000,26.05,0,Current,0,0.01,19590
GHA-LN-13567,Savannah National Bank,Manufacturing,Overdraft,26/08/2023,5918000,35.61,15,Current,0,0.01,59180
GHA-LN-13568,Beacon Trust Bank,Services,SME Asset Financing,12/08/2024,645000,28.82,45,Other Loans Especially Mentioned (OLEM),0,NA,NA
GHA-LN-13569,Zenith Frontier Bank,Commerce & Finance,SME Asset Financing,11/01/2024,6778000,26.87,120,Substandard,1,0.2,1355600
GHA-LN-13570,Alpha Bank Ghana,Construction,SME Asset Financing,08/07/2022,1334000,36.84,0,Current,0,0.01,13340
GHA-LN-13571,Alpha Bank Ghana,Construction,SME Asset Financing,25/08/2025,6182000,29.94,0,Current,0,0.01,61820
GHA-LN-13572,Beacon Trust Bank,Services,Syndicated Loan,03/10/2025,6536000,28.94,0,Current,0,0.01,65360
GHA-LN-13573,Beacon Trust Bank,Commerce & Finance,SME Asset Financing,08/07/2025,3708000,26.58,15,Current,0,0.01,37080
GHA-LN-13574,Zenith Frontier Bank,Services,SME Asset Financing,11/10/2022,4373000,26.89,120,Substandard,1,0.2,874600
GHA-LN-13575,Zenith Frontier Bank,Agriculture,Syndicated Loan,18/05/2023,6869000,30.77,0,Current,0,0.01,68690
GHA-LN-13576,Meridian Credit Bank,Commerce & Finance,Overdraft,26/02/2024,5172000,30.5,0,Current,0,0.01,51720
GHA-LN-13577,Beacon Trust Bank,Agriculture,Term Loan,01/03/2026,775000,29.72,0,Current,0,0.01,7750
GHA-LN-13578,Alpha Bank Ghana,Services,Syndicated Loan,22/10/2023,3130000,35.1,0,Current,0,0.01,31300
GHA-LN-13579,Beacon Trust Bank,Services,Term Loan,12/07/2024,3937000,34.77,0,Current,0,0.01,39370
GHA-LN-13580,Alpha Bank Ghana,Commerce & Finance,Overdraft,02/08/2024,6842000,26.77,15,Current,0,0.01,68420
GHA-LN-13581,Zenith Frontier Bank,Manufacturing,Term Loan,10/11/2022,1398000,34.46,0,Current,0,0.01,13980
GHA-LN-13582,Meridian Credit Bank,Manufacturing,Term Loan,23/04/2022,6666000,31.28,0,Current,0,0.01,66660
GHA-LN-13583,Meridian Credit Bank,Commerce & Finance,Term Loan,28/05/2024,3038000,33.23,0,Current,0,0.01,30380
GHA-LN-13584,Alpha Bank Ghana,Unclassified,Term Loan,06/11/2024,6190000,30,0,Current,0,0.01,61900
GHA-LN-13585,Zenith Frontier Bank,Commerce & Finance,Overdraft,30/01/2025,6374000,34.55,0,Current,0,0.01,63740
GHA-LN-13586,Beacon Trust Bank,Agriculture,Term Loan,20/08/2024,4899000,31.58,0,Current,0,0.01,48990
GHA-LN-13587,Savannah National Bank,Services,Term Loan,11/07/2022,4718000,37.28,0,Current,0,0.01,47180
GHA-LN-13588,Beacon Trust Bank,Construction,Term Loan,26/05/2025,4889000,36,0,Current,0,0.01,48890
GHA-LN-13589,Beacon Trust Bank,Mining,Term Loan,14/08/2025,5609000,31.68,45,Other Loans Especially Mentioned (OLEM),0,NA,NA
GHA-LN-13590,Savannah National Bank,Agriculture,SME Asset Financing,23/08/2025,2140000,29.6,45,Other Loans Especially Mentioned (OLEM),0,NA,NA
GHA-LN-13591,Beacon Trust Bank,Commerce & Finance,Syndicated Loan,18/06/2022,1118000,33.44,0,Current,0,0.01,11180
GHA-LN-13592,Beacon Trust Bank,Commerce & Finance,Term Loan,08/11/2023,4289000,32.57,0,Current,0,0.01,42890
GHA-LN-13593,Zenith Frontier Bank,Commerce & Finance,Overdraft,02/01/2025,6252000,33.84,15,Current,0,0.01,62520
GHA-LN-13594,Savannah National Bank,Services,Overdraft,15/10/2025,1488000,31.89,0,Current,0,0.01,14880
GHA-LN-13595,Zenith Frontier Bank,Manufacturing,Term Loan,10/06/2022,5329000,35.13,45,Other Loans Especially Mentioned (OLEM),0,NA,NA
GHA-LN-13596,Meridian Credit Bank,Manufacturing,Overdraft,17/02/2024,7444000,32.99,0,Current,0,0.01,74440
GHA-LN-13597,Beacon Trust Bank,Manufacturing,SME Asset Financing,25/07/2024,260000,32.92,45,Other Loans Especially Mentioned (OLEM),0,NA,NA
GHA-LN-13598,Savannah National Bank,Commerce & Finance,SME Asset Financing,23/12/2025,1551000,34.68,0,Current,0,0.01,15510
GHA-LN-13599,Alpha Bank Ghana,Services,Overdraft,04/09/2025,3945000,26.49,15,Current,0,0.01,39450
GHA-LN-13600,Alpha Bank Ghana,Commerce & Finance,Term Loan,17/05/2024,3731000,35.31,15,Current,0,0.01,37310
GHA-LN-13601,Alpha Bank Ghana,Services,Overdraft,01/04/2022,1138000,37.02,0,Current,0,0.01,11380
GHA-LN-13602,Savannah National Bank,Services,Syndicated Loan,10/03/2025,3883000,32.57,0,Current,0,0.01,38830
GHA-LN-13603,Beacon Trust Bank,Construction,Overdraft,09/03/2025,2928000,37.31,45,Other Loans Especially Mentioned (OLEM),0,NA,NA
GHA-LN-13604,Zenith Frontier Bank,Manufacturing,Overdraft,06/06/2022,4691000,29.88,0,Current,0,0.01,46910
GHA-LN-13605,Alpha Bank Ghana,Services,SME Asset Financing,13/09/2024,1154000,34.77,0,Current,0,0.01,11540
GHA-LN-13606,Meridian Credit Bank,Mining,Term Loan,30/11/2023,6331000,27.34,0,Current,0,0.01,63310
GHA-LN-13607,Alpha Bank Ghana,Agriculture,Term Loan,19/06/2023,1552000,36.01,0,Current,0,0.01,15520
GHA-LN-13608,Beacon Trust Bank,Commerce & Finance,Syndicated Loan,15/05/2025,3205000,29.81,0,Current,0,0.01,32050
GHA-LN-13609,Beacon Trust Bank,Construction,SME Asset Financing,09/07/2023,3765000,30.57,0,Current,0,0.01,37650
GHA-LN-13610,Savannah National Bank,Agriculture,Syndicated Loan,26/07/2024,1464000,29.02,120,Substandard,1,0.2,292800
GHA-LN-13611,Alpha Bank Ghana,Mining,Overdraft,16/12/2023,539000,35.85,0,Current,0,0.01,5390
GHA-LN-13612,Savannah National Bank,Manufacturing,Syndicated Loan,07/08/2025,2265000,31.86,210,Doubtful,1,0.5,1132500
GHA-LN-13613,Zenith Frontier Bank,Services,Term Loan,15/01/2023,1833000,29.33,15,Current,0,0.01,18330
GHA-LN-13614,Zenith Frontier Bank,Agriculture,SME Asset Financing,26/08/2024,2613000,29.95,0,Current,0,0.01,26130
GHA-LN-13615,Alpha Bank Ghana,Commerce & Finance,Syndicated Loan,02/10/2024,5002000,27.76,0,Current,0,0.01,50020
GHA-LN-13616,Alpha Bank Ghana,Services,Overdraft,01/03/2025,3947000,29.58,15,Current,0,0.01,39470
GHA-LN-13617,Savannah National Bank,Manufacturing,SME Asset Financing,29/09/2024,5448000,36.73,0,Current,0,0.01,54480
GHA-LN-13618,Zenith Frontier Bank,Commerce & Finance,Term Loan,15/03/2024,2918000,26.76,0,Current,0,0.01,29180
GHA-LN-13619,Savannah National Bank,Construction,SME Asset Financing,09/10/2024,965000,29.7,45,Other Loans Especially Mentioned (OLEM),0,NA,NA
GHA-LN-13620,Meridian Credit Bank,Mining,Term Loan,10/12/2023,4165000,29.12,15,Current,0,0.01,41650
GHA-LN-13621,Zenith Frontier Bank,Agriculture,Term Loan,27/04/2022,137000,26.19,0,Current,0,0.01,1370
GHA-LN-13622,Alpha Bank Ghana,Construction,SME Asset Financing,06/08/2024,2713000,32.35,120,Substandard,1,0.2,542600
GHA-LN-13623,Meridian Credit Bank,Mining,Syndicated Loan,14/02/2023,1856000,31.19,0,Current,0,0.01,18560
GHA-LN-13624,Meridian Credit Bank,Commerce & Finance,Syndicated Loan,16/10/2025,6805000,28.69,0,Current,0,0.01,68050
GHA-LN-13625,Meridian Credit Bank,Commerce & Finance,SME Asset Financing,05/07/2022,991000,30.43,0,Current,0,0.01,9910
GHA-LN-13626,Beacon Trust Bank,Services,Syndicated Loan,26/02/2022,2950000,37.04,0,Current,0,0.01,29500
GHA-LN-13627,Alpha Bank Ghana,Services,Term Loan,04/10/2023,5992000,33.04,15,Current,0,0.01,59920
GHA-LN-13628,Savannah National Bank,Manufacturing,Overdraft,30/03/2023,6109000,34.92,0,Current,0,0.01,61090
GHA-LN-13629,Beacon Trust Bank,Agriculture,Overdraft,20/05/2023,6889000,35.49,0,Current,0,0.01,68890
GHA-LN-13630,Meridian Credit Bank,Manufacturing,Syndicated Loan,16/02/2023,7132000,27.56,45,Other Loans Especially Mentioned (OLEM),0,NA,NA
GHA-LN-13631,Meridian Credit Bank,Commerce & Finance,SME Asset Financing,25/05/2023,4982000,34.91,0,Current,0,0.01,49820
GHA-LN-13632,Zenith Frontier Bank,Services,Overdraft,22/01/2024,614000,26.42,0,Current,0,0.01,6140
GHA-LN-13633,Zenith Frontier Bank,Services,Term Loan,21/11/2022,2785000,27.79,45,Other Loans Especially Mentioned (OLEM),0,NA,NA
GHA-LN-13634,Zenith Frontier Bank,Commerce & Finance,Syndicated Loan,30/05/2025,378000,29.25,0,Current,0,0.01,3780
GHA-LN-13635,Meridian Credit Bank,Commerce & Finance,Overdraft,03/04/2022,6368000,35.23,0,Current,0,0.01,63680
GHA-LN-13636,Alpha Bank Ghana,Mining,Term Loan,02/01/2023,7456000,28.8,0,Current,0,0.01,74560
GHA-LN-13637,Zenith Frontier Bank,Commerce & Finance,SME Asset Financing,23/10/2024,3048000,27.41,15,Current,0,0.01,30480
GHA-LN-13638,Savannah National Bank,Manufacturing,SME Asset Financing,08/07/2025,302000,27.44,0,Current,0,0.01,3020
GHA-LN-13639,Beacon Trust Bank,Commerce & Finance,Syndicated Loan,25/12/2025,1457000,30.16,0,Current,0,0.01,14570
GHA-LN-13640,Savannah National Bank,Construction,Overdraft,02/10/2025,5647000,27.39,0,Current,0,0.01,56470
GHA-LN-13641,Zenith Frontier Bank,Commerce & Finance,Syndicated Loan,09/03/2025,6913000,29.87,15,Current,0,0.01,69130
GHA-LN-13642,Zenith Frontier Bank,Agriculture,Syndicated Loan,16/08/2022,205000,26.38,0,Current,0,0.01,2050
GHA-LN-13643,Beacon Trust Bank,Construction,Term Loan,27/01/2023,2453000,32.49,0,Current,0,0.01,24530
GHA-LN-13644,Beacon Trust Bank,Commerce & Finance,Term Loan,09/08/2025,65000,37.71,0,Current,0,0.01,650
GHA-LN-13645,Beacon Trust Bank,Commerce & Finance,Overdraft,30/01/2024,4627000,35.53,0,Current,0,0.01,46270
GHA-LN-13646,Meridian Credit Bank,Commerce & Finance,Overdraft,27/11/2023,800000,31.33,15,Current,0,0.01,8000
GHA-LN-13647,Beacon Trust Bank,Services,Term Loan,28/04/2022,3560000,27.04,0,Current,0,0.01,35600
GHA-LN-13648,Alpha Bank Ghana,Services,SME Asset Financing,06/07/2023,6275000,30.72,0,Current,0,0.01,62750
GHA-LN-13649,Meridian Credit Bank,Agriculture,Overdraft,17/04/2023,7380000,26.41,0,Current,0,0.01,73800
GHA-LN-13650,Beacon Trust Bank,Commerce & Finance,SME Asset Financing,02/09/2023,3472000,31.2,0,Current,0,0.01,34720
GHA-LN-13651,Zenith Frontier Bank,Commerce & Finance,SME Asset Financing,16/01/2024,6858000,30.42,0,Current,0,0.01,68580
GHA-LN-13652,Alpha Bank Ghana,Manufacturing,SME Asset Financing,26/02/2022,5320000,27.13,0,Current,0,0.01,53200
GHA-LN-13653,Alpha Bank Ghana,Manufacturing,Overdraft,14/12/2025,4016000,33.5,0,Current,0,0.01,40160
GHA-LN-13654,Zenith Frontier Bank,Manufacturing,Overdraft,31/12/2023,6404000,27.51,15,Current,0,0.01,64040
GHA-LN-13655,Alpha Bank Ghana,Commerce & Finance,SME Asset Financing,07/12/2023,1945000,31.23,0,Current,0,0.01,19450
GHA-LN-13656,Savannah National Bank,Mining,SME Asset Financing,02/02/2025,1306000,32.75,120,Substandard,1,0.2,261200
GHA-LN-13657,Alpha Bank Ghana,Services,Syndicated Loan,10/01/2022,1760000,28.89,75,Other Loans Especially Mentioned (OLEM),0,NA,NA
GHA-LN-13658,Alpha Bank Ghana,Services,Overdraft,26/07/2023,7163000,35.38,45,Other Loans Especially Mentioned (OLEM),0,NA,NA
GHA-LN-13659,Alpha Bank Ghana,Manufacturing,SME Asset Financing,15/01/2024,5913000,33.67,0,Current,0,0.01,59130
GHA-LN-13660,Beacon Trust Bank,Construction,SME Asset Financing,17/05/2023,4037000,32.8,0,Current,0,0.01,40370
GHA-LN-13661,Beacon Trust Bank,Agriculture,SME Asset Financing,17/11/2024,958000,31.49,0,Current,0,0.01,9580
GHA-LN-13662,Zenith Frontier Bank,Services,Overdraft,20/06/2025,2832000,26.56,45,Other Loans Especially Mentioned (OLEM),0,NA,NA
GHA-LN-13663,Zenith Frontier Bank,Manufacturing,Overdraft,21/04/2025,5747000,30.46,0,Current,0,0.01,57470
GHA-LN-13664,Zenith Frontier Bank,Services,Term Loan,28/11/2024,4335000,27.94,0,Current,0,0.01,43350
GHA-LN-13665,Savannah National Bank,Commerce & Finance,Overdraft,17/04/2023,2125000,30.7,0,Current,0,0.01,21250
GHA-LN-13666,Beacon Trust Bank,Construction,Syndicated Loan,13/02/2025,6894000,27.71,0,Current,0,0.01,68940
GHA-LN-13667,Zenith Frontier Bank,Construction,Overdraft,22/02/2026,5808000,33.9,0,Current,0,0.01,58080
GHA-LN-13668,Zenith Frontier Bank,Services,SME Asset Financing,16/05/2022,1639000,34.78,0,Current,0,0.01,16390
GHA-LN-13669,Alpha Bank Ghana,Commerce & Finance,Overdraft,24/01/2025,2430000,26.42,0,Current,0,0.01,24300
GHA-LN-13670,Beacon Trust Bank,Manufacturing,Term Loan,08/05/2023,1089000,37.6,0,Current,0,0.01,10890
GHA-LN-13671,Beacon Trust Bank,Construction,SME Asset Financing,20/03/2022,5899000,30.96,0,Current,0,0.01,58990
GHA-LN-13672,Beacon Trust Bank,Unclassified,Overdraft,22/12/2022,3582000,31.37,0,Current,0,0.01,35820
GHA-LN-13673,Zenith Frontier Bank,Commerce & Finance,Syndicated Loan,15/01/2024,6175000,28.76,0,Current,0,0.01,61750
GHA-LN-13674,Alpha Bank Ghana,Commerce & Finance,Overdraft,19/01/2023,1041000,28.77,15,Current,0,0.01,10410
GHA-LN-13675,Beacon Trust Bank,Commerce & Finance,Term Loan,12/03/2025,3360000,33.23,0,Current,0,0.01,33600
GHA-LN-13676,Savannah National Bank,Services,Syndicated Loan,01/03/2026,2734000,37.5,15,Current,0,0.01,27340
GHA-LN-13677,Meridian Credit Bank,Manufacturing,Overdraft,08/01/2022,6066000,27.64,75,Other Loans Especially Mentioned (OLEM),0,NA,NA
GHA-LN-13678,Alpha Bank Ghana,Manufacturing,SME Asset Financing,21/09/2024,4786000,35.55,0,Current,0,0.01,47860
GHA-LN-13679,Zenith Frontier Bank,Commerce & Finance,Overdraft,25/10/2024,4848000,37.85,0,Current,0,0.01,48480
GHA-LN-13680,Savannah National Bank,Services,SME Asset Financing,27/01/2024,3171000,26.68,15,Current,0,0.01,31710
GHA-LN-13681,Savannah National Bank,Commerce & Finance,Overdraft,09/02/2025,5524000,31.74,15,Current,0,0.01,55240
GHA-LN-13682,Meridian Credit Bank,Commerce & Finance,Syndicated Loan,24/08/2022,3286000,35.31,0,Current,0,0.01,32860
GHA-LN-13683,Savannah National Bank,Commerce & Finance,Term Loan,13/12/2025,4389000,34.41,0,Current,0,0.01,43890
GHA-LN-13684,Zenith Frontier Bank,Manufacturing,Term Loan,27/07/2023,3245000,26.09,0,Current,0,0.01,32450
GHA-LN-13685,Meridian Credit Bank,Commerce & Finance,Syndicated Loan,15/07/2025,2123000,28.85,0,Current,0,0.01,21230
GHA-LN-13686,Zenith Frontier Bank,Mining,Syndicated Loan,11/08/2025,458000,36.59,0,Current,0,0.01,4580
GHA-LN-13687,Alpha Bank Ghana,Manufacturing,Syndicated Loan,11/02/2022,3529000,28.47,0,Current,0,0.01,35290
GHA-LN-13688,Zenith Frontier Bank,Services,SME Asset Financing,02/01/2022,3927000,27.15,0,Current,0,0.01,39270
GHA-LN-13689,Meridian Credit Bank,Manufacturing,SME Asset Financing,19/12/2022,1721000,33.71,0,Current,0,0.01,17210
GHA-LN-13690,Savannah National Bank,Unclassified,SME Asset Financing,05/03/2025,1484000,36.53,75,Other Loans Especially Mentioned (OLEM),0,NA,NA
GHA-LN-13691,Savannah National Bank,Construction,Overdraft,16/02/2024,161000,32.99,0,Current,0,0.01,1610
GHA-LN-13692,Beacon Trust Bank,Commerce & Finance,Syndicated Loan,18/07/2025,1354000,32.8,45,Other Loans Especially Mentioned (OLEM),0,NA,NA
GHA-LN-13693,Zenith Frontier Bank,Mining,Term Loan,26/01/2024,1930000,37.82,75,Other Loans Especially Mentioned (OLEM),0,NA,NA
GHA-LN-13694,Savannah National Bank,Manufacturing,Term Loan,15/08/2025,7473000,32.3,0,Current,0,0.01,74730
GHA-LN-13695,Alpha Bank Ghana,Services,Term Loan,27/10/2023,6505000,32.72,0,Current,0,0.01,65050
GHA-LN-13696,Alpha Bank Ghana,Construction,Syndicated Loan,14/04/2023,3303000,36.04,120,Substandard,1,0.2,660600
GHA-LN-13697,Savannah National Bank,Mining,SME Asset Financing,07/09/2024,224000,30.96,0,Current,0,0.01,2240
GHA-LN-13698,Alpha Bank Ghana,Commerce & Finance,SME Asset Financing,12/12/2024,3695000,33.11,120,Substandard,1,0.2,739000
GHA-LN-13699,Savannah National Bank,Commerce & Finance,Overdraft,14/04/2024,3102000,34.29,0,Current,0,0.01,31020
GHA-LN-13700,Zenith Frontier Bank,Commerce & Finance,Syndicated Loan,02/05/2024,1433000,30.74,0,Current,0,0.01,14330
GHA-LN-13701,Meridian Credit Bank,Commerce & Finance,Overdraft,26/01/2023,485000,29.87,0,Current,0,0.01,4850
GHA-LN-13702,Zenith Frontier Bank,Services,SME Asset Financing,03/07/2023,4723000,26.28,0,Current,0,0.01,47230
GHA-LN-13703,Meridian Credit Bank,Commerce & Finance,SME Asset Financing,24/07/2023,2207000,28.45,45,Other Loans Especially Mentioned (OLEM),0,NA,NA
GHA-LN-13704,Beacon Trust Bank,Manufacturing,Overdraft,26/07/2025,2195000,35.59,0,Current,0,0.01,21950
GHA-LN-13705,Meridian Credit Bank,Services,Term Loan,18/07/2025,4831000,29.54,0,Current,0,0.01,48310
GHA-LN-13706,Savannah National Bank,Manufacturing,Term Loan,02/02/2026,666000,33.67,0,Current,0,0.01,6660
GHA-LN-13707,Meridian Credit Bank,Services,Overdraft,04/03/2024,2881000,31.41,0,Current,0,0.01,28810
GHA-LN-13708,Savannah National Bank,Commerce & Finance,Term Loan,19/03/2023,2788000,31.5,15,Current,0,0.01,27880
GHA-LN-13709,Beacon Trust Bank,Agriculture,SME Asset Financing,26/07/2023,4488000,31.56,0,Current,0,0.01,44880
GHA-LN-13710,Savannah National Bank,Services,Term Loan,24/11/2022,5694000,35.44,15,Current,0,0.01,56940
GHA-LN-13711,Beacon Trust Bank,Services,Term Loan,12/08/2023,287000,28.57,15,Current,0,0.01,2870
GHA-LN-13712,Beacon Trust Bank,Commerce & Finance,SME Asset Financing,07/03/2024,1630000,32.28,0,Current,0,0.01,16300
GHA-LN-13713,Alpha Bank Ghana,Agriculture,Syndicated Loan,26/01/2024,6469000,35.14,0,Current,0,0.01,64690
GHA-LN-13714,Zenith Frontier Bank,Construction,SME Asset Financing,25/04/2023,553000,37.32,0,Current,0,0.01,5530
GHA-LN-13715,Alpha Bank Ghana,Manufacturing,Term Loan,10/09/2022,5361000,26.49,0,Current,0,0.01,53610
GHA-LN-13716,Alpha Bank Ghana,Construction,SME Asset Financing,17/06/2022,1903000,36.25,45,Other Loans Especially Mentioned (OLEM),0,NA,NA
GHA-LN-13717,Beacon Trust Bank,Construction,SME Asset Financing,11/05/2024,464000,32.36,0,Current,0,0.01,4640
GHA-LN-13718,Alpha Bank Ghana,Manufacturing,Overdraft,01/04/2025,5956000,30.81,0,Current,0,0.01,59560
GHA-LN-13719,Savannah National Bank,Agriculture,Syndicated Loan,23/04/2024,2919000,34.21,0,Current,0,0.01,29190
GHA-LN-13720,Beacon Trust Bank,Construction,Overdraft,08/01/2026,1824000,35.38,75,Other Loans Especially Mentioned (OLEM),0,NA,NA
GHA-LN-13721,Meridian Credit Bank,Commerce & Finance,Overdraft,27/08/2022,6339000,29.76,0,Current,0,0.01,63390
GHA-LN-13722,Meridian Credit Bank,Services,Overdraft,05/03/2023,5604000,27.35,0,Current,0,0.01,56040
GHA-LN-13723,Savannah National Bank,Construction,Syndicated Loan,07/08/2025,1030000,28.62,0,Current,0,0.01,10300
GHA-LN-13724,Beacon Trust Bank,Services,Term Loan,30/11/2022,5061000,36.97,0,Current,0,0.01,50610
GHA-LN-13725,Savannah National Bank,Services,Term Loan,31/05/2024,2926000,31.53,0,Current,0,0.01,29260
GHA-LN-13726,Meridian Credit Bank,Agriculture,Syndicated Loan,04/09/2023,6200000,34.06,120,Substandard,1,0.2,1240000
GHA-LN-13727,Alpha Bank Ghana,Services,Syndicated Loan,24/12/2023,4836000,26.27,45,Other Loans Especially Mentioned (OLEM),0,NA,NA
GHA-LN-13728,Beacon Trust Bank,Commerce & Finance,Syndicated Loan,17/09/2024,5107000,35.45,0,Current,0,0.01,51070
GHA-LN-13729,Beacon Trust Bank,Commerce & Finance,SME Asset Financing,17/09/2025,2443000,35.13,0,Current,0,0.01,24430
GHA-LN-13730,Meridian Credit Bank,Manufacturing,Syndicated Loan,02/01/2026,6297000,32.6,0,Current,0,0.01,62970
GHA-LN-13731,Meridian Credit Bank,Services,Syndicated Loan,29/09/2022,183000,32.62,0,Current,0,0.01,1830
GHA-LN-13732,Alpha Bank Ghana,Commerce & Finance,Syndicated Loan,11/01/2022,1830000,33.28,0,Current,0,0.01,18300
GHA-LN-13733,Alpha Bank Ghana,Commerce & Finance,Term Loan,14/02/2026,5092000,26.44,0,Current,0,0.01,50920
GHA-LN-13734,Alpha Bank Ghana,Agriculture,Overdraft,14/08/2025,3953000,32.74,0,Current,0,0.01,39530
GHA-LN-13735,Savannah National Bank,Commerce & Finance,Overdraft,14/03/2023,4073000,26.32,45,Other Loans Especially Mentioned (OLEM),0,NA,NA
GHA-LN-13736,Alpha Bank Ghana,Commerce & Finance,Syndicated Loan,03/03/2022,4282000,36.86,0,Current,0,0.01,42820
GHA-LN-13737,Meridian Credit Bank,Services,Syndicated Loan,16/11/2023,5536000,33.9,0,Current,0,0.01,55360
GHA-LN-13738,Meridian Credit Bank,Services,Syndicated Loan,07/07/2022,3102000,36.28,15,Current,0,0.01,31020
GHA-LN-13739,Zenith Frontier Bank,Services,Syndicated Loan,24/08/2024,2807000,37.69,0,Current,0,0.01,28070
GHA-LN-13740,Zenith Frontier Bank,Manufacturing,Syndicated Loan,05/07/2022,6425000,34.79,210,Doubtful,1,0.5,3212500
GHA-LN-13741,Beacon Trust Bank,Unclassified,SME Asset Financing,11/06/2022,400000,31.6,0,Current,0,0.01,4000
GHA-LN-13742,Beacon Trust Bank,Manufacturing,SME Asset Financing,21/04/2025,5197000,26.1,0,Current,0,0.01,51970
GHA-LN-13743,Meridian Credit Bank,Commerce & Finance,Term Loan,04/08/2024,5663000,29.08,120,Substandard,1,0.2,1132600
GHA-LN-13744,Zenith Frontier Bank,Commerce & Finance,Overdraft,09/11/2023,5218000,28.64,0,Current,0,0.01,52180
GHA-LN-13745,Beacon Trust Bank,Construction,SME Asset Financing,08/12/2024,5219000,37.97,210,Doubtful,1,0.5,2609500
GHA-LN-13746,Meridian Credit Bank,Agriculture,Syndicated Loan,25/03/2024,6319000,31.18,0,Current,0,0.01,63190
GHA-LN-13747,Zenith Frontier Bank,Manufacturing,Syndicated Loan,07/08/2024,5274000,37.12,0,Current,0,0.01,52740
GHA-LN-13748,Alpha Bank Ghana,Services,SME Asset Financing,17/06/2022,3657000,36.62,0,Current,0,0.01,36570
GHA-LN-13749,Meridian Credit Bank,Commerce & Finance,Overdraft,18/03/2022,3687000,26.73,0,Current,0,0.01,36870
GHA-LN-13750,Alpha Bank Ghana,Services,Overdraft,07/10/2025,1160000,34.23,75,Other Loans Especially Mentioned (OLEM),0,NA,NA
GHA-LN-13751,Alpha Bank Ghana,Services,Term Loan,05/06/2023,4872000,26.09,15,Current,0,0.01,48720
GHA-LN-13752,Savannah National Bank,Manufacturing,SME Asset Financing,29/03/2024,4572000,26.15,0,Current,0,0.01,45720
GHA-LN-13753,Beacon Trust Bank,Unclassified,Syndicated Loan,22/01/2025,2203000,37.01,0,Current,0,0.01,22030
GHA-LN-13754,Savannah National Bank,Mining,Overdraft,01/12/2022,5033000,36.34,0,Current,0,0.01,50330
GHA-LN-13755,Savannah National Bank,Services,SME Asset Financing,25/03/2024,4815000,36,75,Other Loans Especially Mentioned (OLEM),0,NA,NA
GHA-LN-13756,Beacon Trust Bank,Commerce & Finance,Term Loan,22/08/2022,316000,30.89,0,Current,0,0.01,3160
GHA-LN-13757,Zenith Frontier Bank,Commerce & Finance,SME Asset Financing,24/05/2022,1222000,35.98,0,Current,0,0.01,12220
GHA-LN-13758,Zenith Frontier Bank,Manufacturing,SME Asset Financing,05/10/2025,5886000,26.66,15,Current,0,0.01,58860
GHA-LN-13759,Meridian Credit Bank,Commerce & Finance,SME Asset Financing,23/10/2022,38355000,36.78,75,Other Loans Especially Mentioned (OLEM),0,NA,NA
GHA-LN-13760,Beacon Trust Bank,Manufacturing,Overdraft,03/10/2024,5090000,34.89,120,Substandard,1,0.2,1018000
GHA-LN-13761,Meridian Credit Bank,Mining,SME Asset Financing,11/02/2024,1216000,32.19,45,Other Loans Especially Mentioned (OLEM),0,NA,NA
GHA-LN-13762,Zenith Frontier Bank,Mining,Syndicated Loan,12/06/2023,1196000,29.46,75,Other Loans Especially Mentioned (OLEM),0,NA,NA
GHA-LN-13763,Zenith Frontier Bank,Commerce & Finance,SME Asset Financing,19/03/2023,1124000,27.02,15,Current,0,0.01,11240
GHA-LN-13764,Meridian Credit Bank,Services,Overdraft,30/01/2024,2537000,36.3,0,Current,0,0.01,25370
GHA-LN-13765,Zenith Frontier Bank,Commerce & Finance,Overdraft,05/09/2024,5751000,31.9,0,Current,0,0.01,57510
GHA-LN-13766,Zenith Frontier Bank,Commerce & Finance,Term Loan,02/01/2024,5150000,34.87,0,Current,0,0.01,51500
GHA-LN-13767,Meridian Credit Bank,Services,Term Loan,22/01/2024,1157000,27.32,0,Current,0,0.01,11570
GHA-LN-13768,Beacon Trust Bank,Agriculture,Term Loan,07/12/2024,1692000,33.5,0,Current,0,0.01,16920
GHA-LN-13769,Meridian Credit Bank,Agriculture,Term Loan,06/09/2023,709000,34.04,15,Current,0,0.01,7090
GHA-LN-13770,Beacon Trust Bank,Commerce & Finance,Term Loan,03/09/2024,3905000,30.88,0,Current,0,0.01,39050
GHA-LN-13771,Savannah National Bank,Commerce & Finance,Overdraft,29/04/2022,3630000,37.26,0,Current,0,0.01,36300
GHA-LN-13772,Meridian Credit Bank,Agriculture,SME Asset Financing,22/12/2023,180000,36.59,210,Doubtful,1,0.5,90000
GHA-LN-13773,Savannah National Bank,Manufacturing,SME Asset Financing,22/12/2024,2204000,28.46,0,Current,0,0.01,22040
GHA-LN-13774,Alpha Bank Ghana,Commerce & Finance,SME Asset Financing,31/01/2025,3014000,33.47,0,Current,0,0.01,30140
GHA-LN-13775,Alpha Bank Ghana,Unclassified,Syndicated Loan,24/09/2022,2934000,33.01,0,Current,0,0.01,29340
GHA-LN-13776,Meridian Credit Bank,Commerce & Finance,SME Asset Financing,02/10/2024,6714000,29.52,15,Current,0,0.01,67140
GHA-LN-13777,Savannah National Bank,Manufacturing,Term Loan,17/02/2026,23325000,27.03,120,Substandard,1,0.2,4665000
GHA-LN-13778,Zenith Frontier Bank,Manufacturing,SME Asset Financing,19/01/2023,1107000,28.5,0,Current,0,0.01,11070
GHA-LN-13779,Meridian Credit Bank,Services,Syndicated Loan,04/06/2024,3964000,30.27,0,Current,0,0.01,39640
GHA-LN-13780,Meridian Credit Bank,Commerce & Finance,Overdraft,30/08/2025,7087000,26.26,0,Current,0,0.01,70870
GHA-LN-13781,Zenith Frontier Bank,Manufacturing,Overdraft,19/04/2024,1221000,35.19,0,Current,0,0.01,12210
GHA-LN-13782,Alpha Bank Ghana,Agriculture,Syndicated Loan,13/01/2022,2070000,33.36,0,Current,0,0.01,20700
GHA-LN-13783,Beacon Trust Bank,Manufacturing,Term Loan,24/07/2023,94000,35.03,0,Current,0,0.01,940
GHA-LN-13784,Alpha Bank Ghana,Commerce & Finance,Overdraft,30/10/2024,2510000,31.32,45,Other Loans Especially Mentioned (OLEM),0,NA,NA
GHA-LN-13785,Zenith Frontier Bank,Commerce & Finance,Term Loan,13/05/2024,956000,30.49,15,Current,0,0.01,9560
GHA-LN-13786,Alpha Bank Ghana,Unclassified,Syndicated Loan,13/02/2025,2589000,26.46,0,Current,0,0.01,25890
GHA-LN-13787,Savannah National Bank,Manufacturing,SME Asset Financing,31/08/2024,2399000,27.39,0,Current,0,0.01,23990
GHA-LN-13788,Meridian Credit Bank,Services,Overdraft,09/06/2022,2689000,31.42,15,Current,0,0.01,26890
GHA-LN-13789,Beacon Trust Bank,Commerce & Finance,Term Loan,13/07/2025,1500000,33.57,15,Current,0,0.01,15000
GHA-LN-13790,Beacon Trust Bank,Manufacturing,Syndicated Loan,27/03/2024,2558000,36.46,75,Other Loans Especially Mentioned (OLEM),0,NA,NA
GHA-LN-13791,Beacon Trust Bank,Mining,Term Loan,28/02/2022,2132000,28.44,0,Current,0,0.01,21320
GHA-LN-13792,Beacon Trust Bank,Agriculture,Overdraft,06/07/2025,2792000,29.09,0,Current,0,0.01,27920
GHA-LN-13793,Beacon Trust Bank,Commerce & Finance,SME Asset Financing,21/02/2022,1033000,26.8,0,Current,0,0.01,10330
GHA-LN-13794,Zenith Frontier Bank,Commerce & Finance,Term Loan,22/03/2024,2712000,26.26,0,Current,0,0.01,27120
GHA-LN-13795,Alpha Bank Ghana,Agriculture,Overdraft,15/05/2024,6862000,31.18,0,Current,0,0.01,68620
GHA-LN-13796,Beacon Trust Bank,Construction,Term Loan,07/07/2024,4839000,37.38,0,Current,0,0.01,48390
GHA-LN-13797,Meridian Credit Bank,Manufacturing,Term Loan,18/07/2025,2022000,33.93,75,Other Loans Especially Mentioned (OLEM),0,NA,NA
GHA-LN-13798,Zenith Frontier Bank,Commerce & Finance,Overdraft,18/02/2023,1184000,36.37,75,Other Loans Especially Mentioned (OLEM),0,NA,NA
GHA-LN-13799,Alpha Bank Ghana,Construction,Overdraft,19/02/2023,3740000,26.43,45,Other Loans Especially Mentioned (OLEM),0,NA,NA
GHA-LN-13800,Zenith Frontier Bank,Commerce & Finance,SME Asset Financing,18/01/2023,1103000,37.55,45,Other Loans Especially Mentioned (OLEM),0,NA,NA
GHA-LN-13801,Meridian Credit Bank,Services,Term Loan,12/01/2025,7022000,27.88,15,Current,0,0.01,70220
GHA-LN-13802,Zenith Frontier Bank,Manufacturing,Syndicated Loan,24/03/2024,181000,37.57,0,Current,0,0.01,1810
GHA-LN-13803,Zenith Frontier Bank,Commerce & Finance,Overdraft,03/02/2022,3729000,35.97,0,Current,0,0.01,37290
GHA-LN-13804,Alpha Bank Ghana,Manufacturing,Overdraft,16/09/2023,1923000,28.71,0,Current,0,0.01,19230
GHA-LN-13805,Meridian Credit Bank,Services,Syndicated Loan,01/01/2024,4111000,35.06,0,Current,0,0.01,41110
GHA-LN-13806,Savannah National Bank,Commerce & Finance,Overdraft,26/08/2023,731000,37.83,75,Other Loans Especially Mentioned (OLEM),0,NA,NA
GHA-LN-13807,Beacon Trust Bank,Services,Term Loan,01/11/2022,3998000,30.13,0,Current,0,0.01,39980
GHA-LN-13808,Meridian Credit Bank,Unclassified,Syndicated Loan,03/03/2024,51000,28.83,0,Current,0,0.01,510
GHA-LN-13809,Beacon Trust Bank,Mining,Overdraft,27/05/2022,4035000,27.69,0,Current,0,0.01,40350
GHA-LN-13810,Meridian Credit Bank,Services,SME Asset Financing,12/02/2022,5441000,32.61,75,Other Loans Especially Mentioned (OLEM),0,NA,NA
GHA-LN-13811,Beacon Trust Bank,Manufacturing,Term Loan,01/12/2025,1161000,32.87,0,Current,0,0.01,11610
GHA-LN-13812,Beacon Trust Bank,Services,Syndicated Loan,09/10/2023,711000,27.57,0,Current,0,0.01,7110
GHA-LN-13813,Savannah National Bank,Services,SME Asset Financing,27/09/2023,3176000,32.25,45,Other Loans Especially Mentioned (OLEM),0,NA,NA
GHA-LN-13814,Alpha Bank Ghana,Mining,Term Loan,03/08/2025,3777000,28.68,15,Current,0,0.01,37770
GHA-LN-13815,Alpha Bank Ghana,Manufacturing,Overdraft,28/01/2024,1358000,32.02,75,Other Loans Especially Mentioned (OLEM),0,NA,NA
GHA-LN-13816,Beacon Trust Bank,Manufacturing,Term Loan,22/11/2022,5637000,35.21,0,Current,0,0.01,56370
GHA-LN-13817,Zenith Frontier Bank,Mining,Overdraft,07/10/2023,1287000,26.69,0,Current,0,0.01,12870
GHA-LN-13818,Meridian Credit Bank,Agriculture,Syndicated Loan,22/02/2022,1311000,36.31,15,Current,0,0.01,13110
GHA-LN-13819,Alpha Bank Ghana,Commerce & Finance,Syndicated Loan,17/08/2022,4650000,34.17,0,Current,0,0.01,46500
GHA-LN-13820,Meridian Credit Bank,Agriculture,Term Loan,03/01/2024,3116000,33.11,120,Substandard,1,0.2,623200
GHA-LN-13821,Savannah National Bank,Services,Term Loan,19/01/2024,233000,33.77,0,Current,0,0.01,2330
GHA-LN-13822,Zenith Frontier Bank,Construction,Syndicated Loan,20/11/2023,2818000,35.99,0,Current,0,0.01,28180
GHA-LN-13823,Zenith Frontier Bank,Manufacturing,Overdraft,09/04/2022,5783000,30.18,0,Current,0,0.01,57830
GHA-LN-13824,Zenith Frontier Bank,Manufacturing,SME Asset Financing,15/03/2022,978000,29.92,0,Current,0,0.01,9780
GHA-LN-13825,Zenith Frontier Bank,Manufacturing,Term Loan,27/10/2024,6844000,35.03,0,Current,0,0.01,68440
GHA-LN-13826,Alpha Bank Ghana,Manufacturing,Overdraft,01/06/2025,2310000,36.7,0,Current,0,0.01,23100
GHA-LN-13827,Savannah National Bank,Agriculture,Overdraft,21/03/2022,7208000,34.22,0,Current,0,0.01,72080
GHA-LN-13828,Meridian Credit Bank,Commerce & Finance,Overdraft,29/03/2022,1978000,31.52,15,Current,0,0.01,19780
GHA-LN-13829,Meridian Credit Bank,Commerce & Finance,Overdraft,26/04/2023,891000,32.01,75,Other Loans Especially Mentioned (OLEM),0,NA,NA
GHA-LN-13830,Alpha Bank Ghana,Construction,Term Loan,20/02/2022,2985000,29.96,0,Current,0,0.01,29850
GHA-LN-13831,Savannah National Bank,Unclassified,Term Loan,02/09/2025,5405000,33.5,75,Other Loans Especially Mentioned (OLEM),0,NA,NA
GHA-LN-13832,Alpha Bank Ghana,Construction,Term Loan,04/05/2023,4599000,37.8,0,Current,0,0.01,45990
GHA-LN-13833,Zenith Frontier Bank,Commerce & Finance,Overdraft,15/03/2025,3294000,28.17,120,Substandard,1,0.2,658800
GHA-LN-13834,Meridian Credit Bank,Commerce & Finance,SME Asset Financing,27/01/2022,6337000,29.23,0,Current,0,0.01,63370
GHA-LN-13835,Savannah National Bank,Commerce & Finance,Term Loan,14/04/2024,2820000,27.12,0,Current,0,0.01,28200
GHA-LN-13836,Beacon Trust Bank,Commerce & Finance,SME Asset Financing,05/06/2024,694000,27.98,0,Current,0,0.01,6940
GHA-LN-13837,Savannah National Bank,Commerce & Finance,SME Asset Financing,28/07/2023,1408000,35.11,15,Current,0,0.01,14080
GHA-LN-13838,Zenith Frontier Bank,Commerce & Finance,SME Asset Financing,12/02/2026,1984000,36.63,210,Doubtful,1,0.5,992000
GHA-LN-13839,Alpha Bank Ghana,Manufacturing,Term Loan,23/08/2022,6625000,29.73,120,Substandard,1,0.2,1325000
GHA-LN-13840,Zenith Frontier Bank,Agriculture,Syndicated Loan,29/11/2022,6593000,36.2,0,Current,0,0.01,65930
GHA-LN-13841,Beacon Trust Bank,Manufacturing,Overdraft,07/09/2024,1311000,36.59,120,Substandard,1,0.2,262200
GHA-LN-13842,Beacon Trust Bank,Services,Term Loan,01/09/2023,6855000,37.86,0,Current,0,0.01,68550
GHA-LN-13843,Meridian Credit Bank,Commerce & Finance,Syndicated Loan,18/05/2023,4202000,32.39,0,Current,0,0.01,42020
GHA-LN-13844,Meridian Credit Bank,Construction,Overdraft,26/10/2024,6760000,27.24,0,Current,0,0.01,67600
GHA-LN-13845,Savannah National Bank,Mining,Syndicated Loan,05/02/2024,5940000,26.57,45,Other Loans Especially Mentioned (OLEM),0,NA,NA
GHA-LN-13846,Zenith Frontier Bank,Commerce & Finance,Term Loan,23/12/2022,1874000,33.35,210,Doubtful,1,0.5,937000
GHA-LN-13847,Beacon Trust Bank,Agriculture,Term Loan,09/11/2025,1164000,37.18,0,Current,0,0.01,11640
GHA-LN-13848,Alpha Bank Ghana,Manufacturing,Term Loan,13/08/2024,3771000,35.63,0,Current,0,0.01,37710
GHA-LN-13849,Zenith Frontier Bank,Commerce & Finance,Overdraft,31/05/2023,4410000,37.72,0,Current,0,0.01,44100
GHA-LN-13850,Savannah National Bank,Mining,Syndicated Loan,05/06/2022,3329000,26.56,0,Current,0,0.01,33290
GHA-LN-13851,Alpha Bank Ghana,Agriculture,SME Asset Financing,11/06/2024,3710000,34.49,0,Current,0,0.01,37100
GHA-LN-13852,Meridian Credit Bank,Commerce & Finance,Term Loan,09/01/2026,6733000,34.83,75,Other Loans Especially Mentioned (OLEM),0,NA,NA
GHA-LN-13853,Meridian Credit Bank,Commerce & Finance,Overdraft,31/08/2024,1450000,34.25,15,Current,0,0.01,14500
GHA-LN-13854,Alpha Bank Ghana,Construction,SME Asset Financing,13/10/2024,5517000,30.1,0,Current,0,0.01,55170
GHA-LN-13855,Meridian Credit Bank,Manufacturing,Overdraft,20/01/2022,6734000,27.39,0,Current,0,0.01,67340
GHA-LN-13856,Alpha Bank Ghana,Agriculture,Syndicated Loan,13/03/2024,2369000,36.7,0,Current,0,0.01,23690
GHA-LN-13857,Meridian Credit Bank,Mining,SME Asset Financing,08/09/2023,2951000,36.29,0,Current,0,0.01,29510
GHA-LN-13858,Zenith Frontier Bank,Commerce & Finance,Overdraft,28/07/2025,3008000,36.89,0,Current,0,0.01,30080
GHA-LN-13859,Zenith Frontier Bank,Construction,Syndicated Loan,12/06/2025,52000,27.03,75,Other Loans Especially Mentioned (OLEM),0,NA,NA
GHA-LN-13860,Alpha Bank Ghana,Construction,Overdraft,26/04/2025,4193000,37.46,0,Current,0,0.01,41930
GHA-LN-13861,Alpha Bank Ghana,Services,Syndicated Loan,23/03/2023,5031000,26.44,15,Current,0,0.01,50310
GHA-LN-13862,Meridian Credit Bank,Manufacturing,Term Loan,20/07/2022,3869000,26.11,0,Current,0,0.01,38690
GHA-LN-13863,Zenith Frontier Bank,Commerce & Finance,Term Loan,13/09/2022,6591000,26.52,0,Current,0,0.01,65910
GHA-LN-13864,Zenith Frontier Bank,Services,Overdraft,25/07/2025,2941000,29.28,0,Current,0,0.01,29410
GHA-LN-13865,Savannah National Bank,Construction,Syndicated Loan,14/10/2022,3898000,33.24,0,Current,0,0.01,38980
GHA-LN-13866,Savannah National Bank,Agriculture,Syndicated Loan,05/04/2023,1716000,27.79,15,Current,0,0.01,17160
GHA-LN-13867,Zenith Frontier Bank,Commerce & Finance,SME Asset Financing,30/04/2024,3745000,35.72,0,Current,0,0.01,37450
GHA-LN-13868,Alpha Bank Ghana,Manufacturing,Overdraft,17/02/2023,505000,30.42,0,Current,0,0.01,5050
GHA-LN-13869,Savannah National Bank,Mining,Overdraft,09/06/2022,4668000,29.26,0,Current,0,0.01,46680
GHA-LN-13870,Zenith Frontier Bank,Services,SME Asset Financing,10/11/2024,3529000,30.51,120,Substandard,1,0.2,705800
GHA-LN-13871,Savannah National Bank,Agriculture,Overdraft,26/01/2024,5334000,33.8,0,Current,0,0.01,53340
GHA-LN-13872,Savannah National Bank,Services,SME Asset Financing,08/09/2024,4900000,30.55,75,Other Loans Especially Mentioned (OLEM),0,NA,NA
GHA-LN-13873,Zenith Frontier Bank,Manufacturing,SME Asset Financing,18/09/2024,4082000,30.75,0,Current,0,0.01,40820
GHA-LN-13874,Zenith Frontier Bank,Commerce & Finance,Syndicated Loan,07/04/2023,5795000,31.52,0,Current,0,0.01,57950
GHA-LN-13875,Meridian Credit Bank,Agriculture,SME Asset Financing,11/01/2022,6111000,27.38,0,Current,0,0.01,61110
GHA-LN-13876,Meridian Credit Bank,Construction,SME Asset Financing,25/05/2025,3291000,29.11,0,Current,0,0.01,32910
GHA-LN-13877,Savannah National Bank,Commerce & Finance,Term Loan,07/06/2022,1026000,37.41,15,Current,0,0.01,10260
GHA-LN-13878,Zenith Frontier Bank,Services,Syndicated Loan,10/09/2022,2747000,28.67,120,Substandard,1,0.2,549400
GHA-LN-13879,Savannah National Bank,Mining,SME Asset Financing,05/01/2025,3936000,29.71,0,Current,0,0.01,39360
GHA-LN-13880,Meridian Credit Bank,Manufacturing,Term Loan,18/01/2023,1325000,28.71,0,Current,0,0.01,13250
GHA-LN-13881,Alpha Bank Ghana,Agriculture,SME Asset Financing,06/06/2023,4428000,31.22,15,Current,0,0.01,44280
GHA-LN-13882,Meridian Credit Bank,Manufacturing,Syndicated Loan,09/10/2022,395000,29.77,45,Other Loans Especially Mentioned (OLEM),0,NA,NA
GHA-LN-13883,Zenith Frontier Bank,Agriculture,SME Asset Financing,16/08/2022,2036000,27.27,0,Current,0,0.01,20360
GHA-LN-13884,Savannah National Bank,Services,Term Loan,30/06/2025,6982000,27.46,0,Current,0,0.01,69820
GHA-LN-13885,Alpha Bank Ghana,Manufacturing,Syndicated Loan,29/04/2022,5870000,35.1,0,Current,0,0.01,58700
GHA-LN-13886,Savannah National Bank,Commerce & Finance,Syndicated Loan,14/03/2025,5968000,27.1,0,Current,0,0.01,59680
GHA-LN-13887,Alpha Bank Ghana,Commerce & Finance,Overdraft,24/07/2023,5598000,26.01,0,Current,0,0.01,55980
GHA-LN-13888,Alpha Bank Ghana,Construction,Term Loan,30/01/2022,6226000,29.46,0,Current,0,0.01,62260
GHA-LN-13889,Zenith Frontier Bank,Services,Syndicated Loan,22/01/2025,7262000,29.18,0,Current,0,0.01,72620
GHA-LN-13890,Savannah National Bank,Commerce & Finance,Term Loan,29/07/2022,6430000,37.27,0,Current,0,0.01,64300
GHA-LN-13891,Alpha Bank Ghana,Services,Syndicated Loan,16/10/2025,6307000,37.75,0,Current,0,0.01,63070
GHA-LN-13892,Beacon Trust Bank,Commerce & Finance,Syndicated Loan,15/05/2023,279000,34.87,0,Current,0,0.01,2790
GHA-LN-13893,Meridian Credit Bank,Agriculture,Syndicated Loan,19/10/2023,816000,37.4,15,Current,0,0.01,8160
GHA-LN-13894,Savannah National Bank,Services,SME Asset Financing,12/12/2022,615000,27.12,45,Other Loans Especially Mentioned (OLEM),0,NA,NA
GHA-LN-13895,Meridian Credit Bank,Commerce & Finance,SME Asset Financing,06/12/2025,4991000,26.69,15,Current,0,0.01,49910
GHA-LN-13896,Zenith Frontier Bank,Commerce & Finance,Term Loan,21/11/2024,7086000,33.58,0,Current,0,0.01,70860
GHA-LN-13897,Beacon Trust Bank,Services,Term Loan,01/03/2023,6519000,28.82,15,Current,0,0.01,65190
GHA-LN-13898,Alpha Bank Ghana,Manufacturing,Syndicated Loan,29/04/2023,2670000,32.88,15,Current,0,0.01,26700
GHA-LN-13899,Savannah National Bank,Construction,Term Loan,20/09/2024,2376000,26.32,0,Current,0,0.01,23760
GHA-LN-13900,Beacon Trust Bank,Construction,SME Asset Financing,29/10/2023,505000,30.2,0,Current,0,0.01,5050
GHA-LN-13901,Savannah National Bank,Commerce & Finance,Term Loan,30/05/2025,4713000,33.52,120,Substandard,1,0.2,942600
GHA-LN-13902,Zenith Frontier Bank,Services,Overdraft,19/04/2023,5005000,26.91,0,Current,0,0.01,50050
GHA-LN-13903,Meridian Credit Bank,Commerce & Finance,SME Asset Financing,09/09/2025,4195000,30.78,15,Current,0,0.01,41950
GHA-LN-13904,Zenith Frontier Bank,Services,Overdraft,20/02/2024,2046000,29.6,0,Current,0,0.01,20460
GHA-LN-13905,Alpha Bank Ghana,Agriculture,Overdraft,25/06/2023,138000,28.94,45,Other Loans Especially Mentioned (OLEM),0,NA,NA
GHA-LN-13906,Meridian Credit Bank,Manufacturing,SME Asset Financing,27/09/2023,4545000,31.35,0,Current,0,0.01,45450
GHA-LN-13907,Beacon Trust Bank,Manufacturing,Term Loan,05/09/2023,4612000,29.91,0,Current,0,0.01,46120
GHA-LN-13908,Zenith Frontier Bank,Commerce & Finance,Syndicated Loan,05/07/2024,5637000,26.53,45,Other Loans Especially Mentioned (OLEM),0,NA,NA
GHA-LN-13909,Beacon Trust Bank,Unclassified,Syndicated Loan,24/06/2023,1518000,37.18,45,Other Loans Especially Mentioned (OLEM),0,NA,NA
GHA-LN-13910,Zenith Frontier Bank,Commerce & Finance,Term Loan,28/07/2022,3122000,37.42,120,Substandard,1,0.2,624400
GHA-LN-13911,Alpha Bank Ghana,Services,Syndicated Loan,20/02/2024,1071000,28.68,0,Current,0,0.01,10710
GHA-LN-13912,Alpha Bank Ghana,Commerce & Finance,SME Asset Financing,22/04/2022,2821000,29.95,45,Other Loans Especially Mentioned (OLEM),0,NA,NA
GHA-LN-13913,Beacon Trust Bank,Construction,Syndicated Loan,29/05/2023,658000,35.06,75,Other Loans Especially Mentioned (OLEM),0,NA,NA
GHA-LN-13914,Beacon Trust Bank,Services,Overdraft,06/04/2022,6956000,32.78,15,Current,0,0.01,69560
GHA-LN-13915,Beacon Trust Bank,Construction,Overdraft,07/04/2025,6420000,33.19,0,Current,0,0.01,64200
GHA-LN-13916,Zenith Frontier Bank,Manufacturing,Term Loan,23/09/2024,933000,37.6,0,Current,0,0.01,9330
GHA-LN-13917,Zenith Frontier Bank,Agriculture,SME Asset Financing,13/01/2022,3092000,33.62,45,Other Loans Especially Mentioned (OLEM),0,NA,NA
GHA-LN-13918,Zenith Frontier Bank,Manufacturing,Overdraft,15/06/2023,3915000,30.77,210,Doubtful,1,0.5,1957500
GHA-LN-13919,Meridian Credit Bank,Services,Term Loan,17/11/2025,2571000,29.07,0,Current,0,0.01,25710
GHA-LN-13920,Beacon Trust Bank,Services,Syndicated Loan,21/01/2023,7344000,29.81,15,Current,0,0.01,73440
GHA-LN-13921,Alpha Bank Ghana,Commerce & Finance,Syndicated Loan,15/02/2024,6069000,30.82,15,Current,0,0.01,60690
GHA-LN-13922,Savannah National Bank,Construction,SME Asset Financing,03/03/2024,3689000,27.89,45,Other Loans Especially Mentioned (OLEM),0,NA,NA
GHA-LN-13923,Alpha Bank Ghana,Commerce & Finance,SME Asset Financing,17/02/2024,5230000,28.71,0,Current,0,0.01,52300
GHA-LN-13924,Meridian Credit Bank,Commerce & Finance,Term Loan,05/02/2025,5141000,34.42,0,Current,0,0.01,51410
GHA-LN-13925,Alpha Bank Ghana,Construction,SME Asset Financing,17/07/2025,6403000,36.99,210,Doubtful,1,0.5,3201500
GHA-LN-13926,Beacon Trust Bank,Agriculture,Syndicated Loan,06/03/2022,4726000,36.34,0,Current,0,0.01,47260
GHA-LN-13927,Alpha Bank Ghana,Services,Syndicated Loan,26/02/2024,198000,26.24,45,Other Loans Especially Mentioned (OLEM),0,NA,NA
GHA-LN-13928,Zenith Frontier Bank,Commerce & Finance,Overdraft,29/09/2023,490000,29.77,0,Current,0,0.01,4900
GHA-LN-13929,Alpha Bank Ghana,Commerce & Finance,Syndicated Loan,27/12/2024,4766000,34.24,75,Other Loans Especially Mentioned (OLEM),0,NA,NA
GHA-LN-13930,Meridian Credit Bank,Manufacturing,Term Loan,12/08/2024,1788000,26.94,210,Doubtful,1,0.5,894000
GHA-LN-13931,Savannah National Bank,Construction,Overdraft,22/11/2024,4113000,37.38,0,Current,0,0.01,41130
GHA-LN-13932,Alpha Bank Ghana,Commerce & Finance,Syndicated Loan,25/09/2023,286000,31.65,120,Substandard,1,0.2,57200
GHA-LN-13933,Alpha Bank Ghana,Manufacturing,Overdraft,04/07/2024,2848000,34.62,0,Current,0,0.01,28480
GHA-LN-13934,Alpha Bank Ghana,Mining,Overdraft,03/02/2024,2139000,37.24,0,Current,0,0.01,21390
GHA-LN-13935,Beacon Trust Bank,Commerce & Finance,Overdraft,23/11/2022,1432000,31.86,0,Current,0,0.01,14320
GHA-LN-13936,Savannah National Bank,Commerce & Finance,Term Loan,20/08/2023,1322000,30.53,0,Current,0,0.01,13220
GHA-LN-13937,Beacon Trust Bank,Commerce & Finance,Term Loan,24/03/2022,4530000,33.07,0,Current,0,0.01,45300
GHA-LN-13938,Alpha Bank Ghana,Construction,Term Loan,27/02/2022,975000,29,45,Other Loans Especially Mentioned (OLEM),0,NA,NA
GHA-LN-13939,Beacon Trust Bank,Commerce & Finance,Overdraft,30/12/2022,1303000,32.16,0,Current,0,0.01,13030
GHA-LN-13940,Savannah National Bank,Services,Term Loan,22/08/2024,1329000,28.06,0,Current,0,0.01,13290
GHA-LN-13941,Meridian Credit Bank,Agriculture,Syndicated Loan,22/09/2024,519000,34.5,0,Current,0,0.01,5190
GHA-LN-13942,Beacon Trust Bank,Manufacturing,Overdraft,25/05/2022,6696000,31.81,15,Current,0,0.01,66960
GHA-LN-13943,Beacon Trust Bank,Manufacturing,Overdraft,02/11/2023,2189000,35.33,0,Current,0,0.01,21890
GHA-LN-13944,Meridian Credit Bank,Manufacturing,Overdraft,17/08/2023,4822000,26.24,75,Other Loans Especially Mentioned (OLEM),0,NA,NA
GHA-LN-13945,Alpha Bank Ghana,Services,SME Asset Financing,17/12/2022,1031000,26.21,45,Other Loans Especially Mentioned (OLEM),0,NA,NA
GHA-LN-13946,Meridian Credit Bank,Construction,Term Loan,22/07/2025,3293000,30.45,0,Current,0,0.01,32930
GHA-LN-13947,Zenith Frontier Bank,Manufacturing,SME Asset Financing,20/10/2022,5358000,36.96,0,Current,0,0.01,53580
GHA-LN-13948,Zenith Frontier Bank,Commerce & Finance,Term Loan,23/03/2024,1617000,26.39,0,Current,0,0.01,16170
GHA-LN-13949,Alpha Bank Ghana,Unclassified,Overdraft,04/10/2022,3238000,33.21,0,Current,0,0.01,32380
GHA-LN-13950,Beacon Trust Bank,Construction,Overdraft,07/02/2022,3263000,32.25,0,Current,0,0.01,32630
GHA-LN-13951,Savannah National Bank,Commerce & Finance,Overdraft,05/05/2023,2975000,34.53,0,Current,0,0.01,29750
GHA-LN-13952,Alpha Bank Ghana,Construction,Syndicated Loan,16/05/2023,1479000,37.81,0,Current,0,0.01,14790
GHA-LN-13953,Zenith Frontier Bank,Construction,SME Asset Financing,29/07/2024,738000,29.47,15,Current,0,0.01,7380
GHA-LN-13954,Zenith Frontier Bank,Commerce & Finance,Syndicated Loan,18/12/2023,2437000,27.81,45,Other Loans Especially Mentioned (OLEM),0,NA,NA
GHA-LN-13955,Meridian Credit Bank,Construction,Overdraft,06/11/2022,5742000,26.69,0,Current,0,0.01,57420
GHA-LN-13956,Savannah National Bank,Commerce & Finance,Overdraft,09/01/2026,5822000,32.33,0,Current,0,0.01,58220
GHA-LN-13957,Beacon Trust Bank,Commerce & Finance,Syndicated Loan,06/10/2022,7300000,31.07,75,Other Loans Especially Mentioned (OLEM),0,NA,NA
GHA-LN-13958,Beacon Trust Bank,Services,Term Loan,21/11/2022,5562000,33.79,0,Current,0,0.01,55620
GHA-LN-13959,Savannah National Bank,Agriculture,Syndicated Loan,27/07/2025,4095000,35.8,0,Current,0,0.01,40950
GHA-LN-13960,Savannah National Bank,Construction,Overdraft,17/01/2023,402000,27.81,0,Current,0,0.01,4020
GHA-LN-13961,Alpha Bank Ghana,Services,SME Asset Financing,28/06/2022,1294000,31.87,0,Current,0,0.01,12940
GHA-LN-13962,Beacon Trust Bank,Services,Syndicated Loan,14/01/2025,1766000,27.24,45,Other Loans Especially Mentioned (OLEM),0,NA,NA
GHA-LN-13963,Beacon Trust Bank,Commerce & Finance,Term Loan,12/12/2024,365000,28.8,0,Current,0,0.01,3650
GHA-LN-13964,Alpha Bank Ghana,Commerce & Finance,Overdraft,25/11/2025,5320000,33.07,0,Current,0,0.01,53200
GHA-LN-13965,Alpha Bank Ghana,Mining,SME Asset Financing,03/10/2025,700000,35.27,0,Current,0,0.01,7000
GHA-LN-13966,Alpha Bank Ghana,Commerce & Finance,Syndicated Loan,06/07/2022,2518000,32.72,0,Current,0,0.01,25180
GHA-LN-13967,Alpha Bank Ghana,Services,SME Asset Financing,01/04/2023,3915000,37.23,75,Other Loans Especially Mentioned (OLEM),0,NA,NA
GHA-LN-13968,Savannah National Bank,Commerce & Finance,SME Asset Financing,23/02/2023,5591000,26.19,0,Current,0,0.01,55910
GHA-LN-13969,Alpha Bank Ghana,Commerce & Finance,Term Loan,21/09/2022,6272000,28.96,120,Substandard,1,0.2,1254400
GHA-LN-13970,Savannah National Bank,Services,Term Loan,23/10/2023,4916000,32.82,0,Current,0,0.01,49160
GHA-LN-13971,Meridian Credit Bank,Manufacturing,Overdraft,16/01/2023,6542000,36.14,0,Current,0,0.01,65420
GHA-LN-13972,Alpha Bank Ghana,Services,Term Loan,26/08/2024,6866000,36.92,0,Current,0,0.01,68660
GHA-LN-13973,Zenith Frontier Bank,Construction,SME Asset Financing,03/07/2025,1475000,29.44,120,Substandard,1,0.2,295000
GHA-LN-13974,Zenith Frontier Bank,Construction,Overdraft,12/06/2025,5567000,32.87,15,Current,0,0.01,55670
GHA-LN-13975,Zenith Frontier Bank,Agriculture,SME Asset Financing,26/07/2025,1467000,34.81,0,Current,0,0.01,14670
GHA-LN-13976,Zenith Frontier Bank,Commerce & Finance,Term Loan,12/05/2025,6371000,28.15,0,Current,0,0.01,63710
GHA-LN-13977,Zenith Frontier Bank,Manufacturing,Overdraft,10/11/2024,6737000,37.33,120,Substandard,1,0.2,1347400
GHA-LN-13978,Alpha Bank Ghana,Commerce & Finance,Overdraft,13/04/2025,7025000,31.51,0,Current,0,0.01,70250
GHA-LN-13979,Meridian Credit Bank,Services,Term Loan,20/12/2025,2625000,29.8,45,Other Loans Especially Mentioned (OLEM),0,NA,NA
GHA-LN-13980,Alpha Bank Ghana,Construction,SME Asset Financing,29/04/2022,2726000,31.03,0,Current,0,0.01,27260
GHA-LN-13981,Alpha Bank Ghana,Commerce & Finance,SME Asset Financing,05/04/2025,2172000,37.4,0,Current,0,0.01,21720
GHA-LN-13982,Beacon Trust Bank,Construction,Syndicated Loan,24/04/2025,1567000,35.3,0,Current,0,0.01,15670
GHA-LN-13983,Beacon Trust Bank,Construction,Term Loan,14/09/2022,7078000,26.69,0,Current,0,0.01,70780
GHA-LN-13984,Zenith Frontier Bank,Services,SME Asset Financing,09/10/2024,237000,37.27,0,Current,0,0.01,2370
GHA-LN-13985,Alpha Bank Ghana,Commerce & Finance,Syndicated Loan,21/01/2024,918000,29.22,0,Current,0,0.01,9180
GHA-LN-13986,Beacon Trust Bank,Manufacturing,SME Asset Financing,03/10/2022,6523000,27.7,0,Current,0,0.01,65230
GHA-LN-13987,Alpha Bank Ghana,Construction,Term Loan,23/01/2026,725000,28.17,0,Current,0,0.01,7250
GHA-LN-13988,Zenith Frontier Bank,Manufacturing,Overdraft,19/06/2023,2221000,26.53,0,Current,0,0.01,22210
GHA-LN-13989,Alpha Bank Ghana,Services,SME Asset Financing,04/05/2023,6582000,30.12,0,Current,0,0.01,65820
GHA-LN-13990,Beacon Trust Bank,Commerce & Finance,Term Loan,08/12/2022,2418000,34.11,15,Current,0,0.01,24180
GHA-LN-13991,Meridian Credit Bank,Commerce & Finance,Syndicated Loan,26/06/2025,6276000,36.62,0,Current,0,0.01,62760
GHA-LN-13992,Beacon Trust Bank,Commerce & Finance,Overdraft,25/09/2025,2390000,31.26,0,Current,0,0.01,23900
GHA-LN-13993,Zenith Frontier Bank,Construction,Term Loan,29/07/2023,2938000,26.8,0,Current,0,0.01,29380
GHA-LN-13994,Beacon Trust Bank,Agriculture,Term Loan,11/11/2024,5375000,32.55,0,Current,0,0.01,53750
GHA-LN-13995,Zenith Frontier Bank,Services,Term Loan,03/05/2025,2590000,37.02,0,Current,0,0.01,25900
GHA-LN-13996,Alpha Bank Ghana,Commerce & Finance,Syndicated Loan,28/02/2023,5753000,27.02,0,Current,0,0.01,57530
GHA-LN-13997,Beacon Trust Bank,Services,SME Asset Financing,18/12/2025,160000,37.87,0,Current,0,0.01,1600
GHA-LN-13998,Zenith Frontier Bank,Commerce & Finance,Overdraft,07/05/2025,6890000,35.29,0,Current,0,0.01,68900
GHA-LN-13999,Meridian Credit Bank,Agriculture,Syndicated Loan,26/08/2023,3373000,27.89,0,Current,0,0.01,33730
GHA-LN-14000,Savannah National Bank,Commerce & Finance,Overdraft,04/01/2023,3898000,31.96,0,Current,0,0.01,38980
GHA-LN-14001,Alpha Bank Ghana,Services,SME Asset Financing,11/03/2022,909000,32.85,0,Current,0,0.01,9090
GHA-LN-14002,Savannah National Bank,Agriculture,SME Asset Financing,15/06/2023,2772000,33.65,0,Current,0,0.01,27720
GHA-LN-14003,Alpha Bank Ghana,Manufacturing,SME Asset Financing,20/12/2025,2833000,37.07,120,Substandard,1,0.2,566600
GHA-LN-14004,Alpha Bank Ghana,Services,Overdraft,06/06/2024,6597000,35.15,0,Current,0,0.01,65970
GHA-LN-14005,Meridian Credit Bank,Manufacturing,Syndicated Loan,14/07/2024,7090000,31.67,120,Substandard,1,0.2,1418000
GHA-LN-14006,Zenith Frontier Bank,Services,Term Loan,09/02/2023,6109000,34.45,0,Current,0,0.01,61090
GHA-LN-14007,Zenith Frontier Bank,Agriculture,Term Loan,05/11/2023,6062000,32.11,0,Current,0,0.01,60620
GHA-LN-14008,Beacon Trust Bank,Services,Syndicated Loan,05/05/2022,720000,29.23,0,Current,0,0.01,7200
GHA-LN-14009,Meridian Credit Bank,Services,Term Loan,19/11/2024,5218000,31.84,0,Current,0,0.01,52180
GHA-LN-14010,Savannah National Bank,Services,Syndicated Loan,14/08/2025,232000,27.95,0,Current,0,0.01,2320
GHA-LN-14011,Beacon Trust Bank,Commerce & Finance,Overdraft,04/12/2022,2365000,26.82,0,Current,0,0.01,23650
GHA-LN-14012,Meridian Credit Bank,Services,Term Loan,05/01/2023,2469000,31.75,0,Current,0,0.01,24690
GHA-LN-14013,Zenith Frontier Bank,Commerce & Finance,Term Loan,27/08/2023,2392000,26.69,45,Other Loans Especially Mentioned (OLEM),0,NA,NA
GHA-LN-14014,Zenith Frontier Bank,Services,Syndicated Loan,13/10/2022,6605000,36.69,15,Current,0,0.01,66050
GHA-LN-14015,Meridian Credit Bank,Commerce & Finance,Term Loan,20/05/2024,2982000,26.96,0,Current,0,0.01,29820
GHA-LN-14016,Savannah National Bank,Manufacturing,Syndicated Loan,27/03/2024,6503000,36.45,75,Other Loans Especially Mentioned (OLEM),0,NA,NA
GHA-LN-14017,Meridian Credit Bank,Commerce & Finance,Syndicated Loan,05/05/2023,4654000,28.22,0,Current,0,0.01,46540
GHA-LN-14018,Beacon Trust Bank,Services,Overdraft,21/06/2022,285000,36.91,0,Current,0,0.01,2850
GHA-LN-14019,Zenith Frontier Bank,Agriculture,Overdraft,12/03/2022,7020000,31.03,75,Other Loans Especially Mentioned (OLEM),0,NA,NA
GHA-LN-14020,Meridian Credit Bank,Manufacturing,Term Loan,02/01/2024,961000,33.35,0,Current,0,0.01,9610
GHA-LN-14021,Zenith Frontier Bank,Services,SME Asset Financing,20/04/2023,984000,29.81,45,Other Loans Especially Mentioned (OLEM),0,NA,NA
GHA-LN-14022,Zenith Frontier Bank,Construction,SME Asset Financing,27/09/2022,4121000,29.04,15,Current,0,0.01,41210
GHA-LN-14023,Zenith Frontier Bank,Manufacturing,SME Asset Financing,23/09/2024,4989000,35.12,0,Current,0,0.01,49890
GHA-LN-14024,Meridian Credit Bank,Commerce & Finance,Syndicated Loan,11/02/2025,2479000,26.21,120,Substandard,1,0.2,495800
GHA-LN-14025,Meridian Credit Bank,Manufacturing,SME Asset Financing,15/06/2024,6411000,33.89,0,Current,0,0.01,64110
GHA-LN-14026,Zenith Frontier Bank,Commerce & Finance,Term Loan,05/05/2023,6552000,28.93,0,Current,0,0.01,65520
GHA-LN-14027,Zenith Frontier Bank,Agriculture,Overdraft,21/01/2025,6193000,29.33,0,Current,0,0.01,61930
GHA-LN-14028,Beacon Trust Bank,Commerce & Finance,Overdraft,03/11/2022,4874000,28.99,0,Current,0,0.01,48740
GHA-LN-14029,Zenith Frontier Bank,Services,Overdraft,12/01/2022,4462000,33.4,0,Current,0,0.01,44620
GHA-LN-14030,Zenith Frontier Bank,Commerce & Finance,SME Asset Financing,25/06/2022,1954000,37.3,0,Current,0,0.01,19540
GHA-LN-14031,Savannah National Bank,Services,Syndicated Loan,04/05/2023,5108000,29.94,0,Current,0,0.01,51080
GHA-LN-14032,Meridian Credit Bank,Commerce & Finance,Syndicated Loan,28/06/2022,2817000,32.75,0,Current,0,0.01,28170
GHA-LN-14033,Meridian Credit Bank,Construction,Term Loan,03/07/2023,7454000,27.71,45,Other Loans Especially Mentioned (OLEM),0,NA,NA
GHA-LN-14034,Beacon Trust Bank,Agriculture,Overdraft,23/11/2024,5342000,29.1,0,Current,0,0.01,53420
GHA-LN-14035,Savannah National Bank,Agriculture,SME Asset Financing,21/10/2024,3563000,28.35,45,Other Loans Especially Mentioned (OLEM),0,NA,NA
GHA-LN-14036,Alpha Bank Ghana,Commerce & Finance,SME Asset Financing,03/06/2025,4791000,36.59,15,Current,0,0.01,47910
GHA-LN-14037,Alpha Bank Ghana,Agriculture,Syndicated Loan,29/10/2023,3923000,37.66,0,Current,0,0.01,39230
GHA-LN-14038,Savannah National Bank,Unclassified,Overdraft,09/11/2022,5694000,26.6,0,Current,0,0.01,56940
GHA-LN-14039,Beacon Trust Bank,Commerce & Finance,Term Loan,14/05/2024,7385000,29.86,0,Current,0,0.01,73850
GHA-LN-14040,Savannah National Bank,Mining,Overdraft,02/06/2023,579000,31.42,45,Other Loans Especially Mentioned (OLEM),0,NA,NA
GHA-LN-14041,Alpha Bank Ghana,Manufacturing,Overdraft,08/09/2022,1903000,37.92,0,Current,0,0.01,19030
GHA-LN-14042,Alpha Bank Ghana,Commerce & Finance,Overdraft,23/03/2023,6651000,37.69,45,Other Loans Especially Mentioned (OLEM),0,NA,NA
GHA-LN-14043,Meridian Credit Bank,Services,Term Loan,18/01/2025,6236000,34.51,15,Current,0,0.01,62360
GHA-LN-14044,Zenith Frontier Bank,Commerce & Finance,Term Loan,29/04/2023,1741000,34.26,0,Current,0,0.01,17410
GHA-LN-14045,Meridian Credit Bank,Services,Syndicated Loan,25/03/2023,7492000,31.59,0,Current,0,0.01,74920
GHA-LN-14046,Beacon Trust Bank,Unclassified,Term Loan,07/02/2023,2478000,37.48,0,Current,0,0.01,24780
GHA-LN-14047,Alpha Bank Ghana,Manufacturing,Overdraft,23/02/2022,2481000,32.25,0,Current,0,0.01,24810
GHA-LN-14048,Savannah National Bank,Manufacturing,Syndicated Loan,13/09/2022,6555000,37.76,0,Current,0,0.01,65550
GHA-LN-14049,Meridian Credit Bank,Agriculture,Term Loan,13/11/2024,2667000,34.06,0,Current,0,0.01,26670
GHA-LN-14050,Meridian Credit Bank,Services,Term Loan,03/03/2023,784000,28.01,0,Current,0,0.01,7840
GHA-LN-14051,Beacon Trust Bank,Commerce & Finance,Overdraft,20/07/2024,4807000,35.65,0,Current,0,0.01,48070
GHA-LN-14052,Savannah National Bank,Agriculture,SME Asset Financing,19/06/2023,7452000,36.03,0,Current,0,0.01,74520
GHA-LN-14053,Meridian Credit Bank,Commerce & Finance,SME Asset Financing,13/10/2024,2576000,37.98,0,Current,0,0.01,25760
GHA-LN-14054,Beacon Trust Bank,Construction,Overdraft,15/11/2025,2960000,35.38,210,Doubtful,1,0.5,1480000
GHA-LN-14055,Savannah National Bank,Services,SME Asset Financing,29/04/2022,7423000,30.71,0,Current,0,0.01,74230
GHA-LN-14056,Savannah National Bank,Services,Overdraft,28/01/2025,6864000,34.24,45,Other Loans Especially Mentioned (OLEM),0,NA,NA
GHA-LN-14057,Beacon Trust Bank,Services,SME Asset Financing,10/08/2022,5219000,36.47,45,Other Loans Especially Mentioned (OLEM),0,NA,NA
GHA-LN-14058,Meridian Credit Bank,Services,Syndicated Loan,19/12/2024,4961000,28.77,75,Other Loans Especially Mentioned (OLEM),0,NA,NA
GHA-LN-14060,Alpha Bank Ghana,Manufacturing,Syndicated Loan,05/03/2023,6568000,30.91,0,Current,0,0.01,65680
GHA-LN-14061,Meridian Credit Bank,Services,Overdraft,23/06/2024,7099000,32.44,210,Doubtful,1,0.5,3549500
GHA-LN-14062,Alpha Bank Ghana,Agriculture,SME Asset Financing,19/01/2026,3416000,34.03,0,Current,0,0.01,34160
GHA-LN-14063,Savannah National Bank,Services,Syndicated Loan,19/04/2024,6471000,35.03,0,Current,0,0.01,64710
GHA-LN-14064,Savannah National Bank,Commerce & Finance,Overdraft,09/07/2023,2909000,28.33,0,Current,0,0.01,29090
GHA-LN-14065,Meridian Credit Bank,Agriculture,Overdraft,04/12/2023,7191000,30.98,75,Other Loans Especially Mentioned (OLEM),0,NA,NA
GHA-LN-14066,Beacon Trust Bank,Manufacturing,Term Loan,18/05/2023,4770000,31.37,15,Current,0,0.01,47700
GHA-LN-14067,Meridian Credit Bank,Construction,Term Loan,25/12/2025,1638000,28.93,0,Current,0,0.01,16380
GHA-LN-14068,Beacon Trust Bank,Commerce & Finance,Overdraft,16/08/2022,5186000,35.09,0,Current,0,0.01,51860
GHA-LN-14069,Alpha Bank Ghana,Commerce & Finance,Overdraft,21/10/2023,4539000,32.12,75,Other Loans Especially Mentioned (OLEM),0,NA,NA
GHA-LN-14070,Savannah National Bank,Services,SME Asset Financing,18/06/2022,6628000,37.86,0,Current,0,0.01,66280
GHA-LN-14071,Savannah National Bank,Commerce & Finance,SME Asset Financing,29/08/2023,6209000,36.31,0,Current,0,0.01,62090
GHA-LN-14072,Savannah National Bank,Commerce & Finance,Term Loan,11/07/2022,4417000,30.2,0,Current,0,0.01,44170
GHA-LN-14073,Zenith Frontier Bank,Manufacturing,Term Loan,17/11/2025,3308000,27.58,0,Current,0,0.01,33080
GHA-LN-14074,Meridian Credit Bank,Commerce & Finance,Syndicated Loan,06/12/2023,4727000,30.7,0,Current,0,0.01,47270
GHA-LN-14075,Meridian Credit Bank,Mining,Syndicated Loan,14/01/2022,3802000,36.8,0,Current,0,0.01,38020
GHA-LN-14076,Beacon Trust Bank,Commerce & Finance,Syndicated Loan,29/09/2022,5975000,34.75,0,Current,0,0.01,59750
GHA-LN-14077,Beacon Trust Bank,Services,Term Loan,24/10/2024,2883000,28.71,15,Current,0,0.01,28830
GHA-LN-14078,Beacon Trust Bank,Mining,Term Loan,23/06/2025,5381000,30.63,0,Current,0,0.01,53810
GHA-LN-14079,Zenith Frontier Bank,Commerce & Finance,SME Asset Financing,16/07/2024,4267000,33.62,120,Substandard,1,0.2,853400
GHA-LN-14080,Alpha Bank Ghana,Commerce & Finance,Term Loan,05/03/2022,960000,30.77,0,Current,0,0.01,9600
GHA-LN-14081,Zenith Frontier Bank,Commerce & Finance,Term Loan,25/12/2022,4918000,31.37,0,Current,0,0.01,49180
GHA-LN-14082,Alpha Bank Ghana,Services,SME Asset Financing,16/02/2024,2117000,37.51,0,Current,0,0.01,21170
GHA-LN-14083,Zenith Frontier Bank,Commerce & Finance,Syndicated Loan,30/07/2023,462000,36.31,0,Current,0,0.01,4620
GHA-LN-14084,Savannah National Bank,Commerce & Finance,Syndicated Loan,27/05/2023,4354000,36.92,0,Current,0,0.01,43540
GHA-LN-14085,Meridian Credit Bank,Services,Syndicated Loan,25/08/2024,3949000,28.29,0,Current,0,0.01,39490
GHA-LN-14086,Savannah National Bank,Agriculture,SME Asset Financing,05/07/2024,6831000,32.32,15,Current,0,0.01,68310
GHA-LN-14087,Beacon Trust Bank,Agriculture,Overdraft,08/04/2022,83000,34.02,0,Current,0,0.01,830
GHA-LN-14088,Zenith Frontier Bank,Agriculture,Syndicated Loan,15/03/2023,6352000,32.48,0,Current,0,0.01,63520
GHA-LN-14089,Meridian Credit Bank,Manufacturing,Overdraft,04/01/2024,2221000,29.21,0,Current,0,0.01,22210
GHA-LN-14090,Meridian Credit Bank,Manufacturing,Syndicated Loan,13/08/2022,2058000,27.47,0,Current,0,0.01,20580
GHA-LN-14091,Zenith Frontier Bank,Agriculture,Overdraft,15/03/2022,132000,29.75,0,Current,0,0.01,1320
GHA-LN-14092,Meridian Credit Bank,Agriculture,Syndicated Loan,19/04/2025,5648000,30.83,0,Current,0,0.01,56480
GHA-LN-14093,Savannah National Bank,Agriculture,Syndicated Loan,28/01/2026,3376000,26.4,0,Current,0,0.01,33760
GHA-LN-14094,Beacon Trust Bank,Commerce & Finance,Term Loan,03/06/2024,1720000,34.28,0,Current,0,0.01,17200
GHA-LN-14095,Meridian Credit Bank,Manufacturing,Overdraft,26/07/2022,3875000,26.69,75,Other Loans Especially Mentioned (OLEM),0,NA,NA
GHA-LN-14096,Zenith Frontier Bank,Agriculture,SME Asset Financing,02/04/2023,1126000,26.12,75,Other Loans Especially Mentioned (OLEM),0,NA,NA
GHA-LN-14097,Alpha Bank Ghana,Manufacturing,Term Loan,17/01/2022,2711000,34.19,0,Current,0,0.01,27110
GHA-LN-14098,Meridian Credit Bank,Agriculture,Term Loan,24/02/2024,6813000,37.66,75,Other Loans Especially Mentioned (OLEM),0,NA,NA
GHA-LN-14099,Meridian Credit Bank,Commerce & Finance,Syndicated Loan,17/01/2025,2039000,36.99,0,Current,0,0.01,20390
GHA-LN-14100,Savannah National Bank,Manufacturing,Term Loan,05/01/2023,5853000,35.29,0,Current,0,0.01,58530
GHA-LN-14101,Zenith Frontier Bank,Construction,Syndicated Loan,14/01/2024,154000,32.55,0,Current,0,0.01,1540
GHA-LN-14102,Savannah National Bank,Agriculture,SME Asset Financing,21/11/2022,3539000,32.39,0,Current,0,0.01,35390
GHA-LN-14103,Alpha Bank Ghana,Manufacturing,Term Loan,06/09/2024,5435000,34.83,0,Current,0,0.01,54350
GHA-LN-14104,Beacon Trust Bank,Commerce & Finance,Syndicated Loan,22/02/2022,4115000,37.34,75,Other Loans Especially Mentioned (OLEM),0,NA,NA
GHA-LN-14105,Savannah National Bank,Commerce & Finance,Syndicated Loan,19/01/2024,7310000,31.6,120,Substandard,1,0.2,1462000
GHA-LN-14106,Alpha Bank Ghana,Construction,Syndicated Loan,18/01/2025,448000,29.96,0,Current,0,0.01,4480
GHA-LN-14107,Savannah National Bank,Services,SME Asset Financing,07/08/2022,1123000,31.87,0,Current,0,0.01,11230
GHA-LN-14108,Zenith Frontier Bank,Commerce & Finance,Syndicated Loan,03/01/2026,1646000,34.93,0,Current,0,0.01,16460
GHA-LN-14109,Beacon Trust Bank,Manufacturing,Syndicated Loan,12/09/2024,2490000,32.44,15,Current,0,0.01,24900
GHA-LN-14110,Alpha Bank Ghana,Services,Syndicated Loan,13/03/2024,3676000,35.39,75,Other Loans Especially Mentioned (OLEM),0,NA,NA
GHA-LN-14111,Beacon Trust Bank,Mining,Syndicated Loan,19/07/2024,4259000,34.92,0,Current,0,0.01,42590
GHA-LN-14112,Zenith Frontier Bank,Unclassified,Syndicated Loan,28/12/2023,6562000,31.14,0,Current,0,0.01,65620
GHA-LN-14113,Alpha Bank Ghana,Agriculture,Overdraft,09/04/2024,1941000,35.67,0,Current,0,0.01,19410
GHA-LN-14114,Beacon Trust Bank,Services,Syndicated Loan,17/04/2025,3665000,31.95,0,Current,0,0.01,36650
GHA-LN-14115,Savannah National Bank,Commerce & Finance,SME Asset Financing,20/07/2025,4464000,37.58,0,Current,0,0.01,44640
GHA-LN-14116,Zenith Frontier Bank,Manufacturing,Term Loan,19/02/2024,4911000,35.25,15,Current,0,0.01,49110
GHA-LN-14117,Zenith Frontier Bank,Construction,SME Asset Financing,17/12/2023,6136000,37.45,0,Current,0,0.01,61360
GHA-LN-14118,Beacon Trust Bank,Services,Term Loan,26/06/2024,2997000,26.96,15,Current,0,0.01,29970
GHA-LN-14119,Zenith Frontier Bank,Commerce & Finance,Overdraft,19/04/2023,6280000,32.57,0,Current,0,0.01,62800
GHA-LN-14120,Beacon Trust Bank,Commerce & Finance,Term Loan,13/07/2022,1210000,28.98,15,Current,0,0.01,12100
GHA-LN-14121,Savannah National Bank,Construction,SME Asset Financing,27/03/2024,293000,32.33,0,Current,0,0.01,2930
GHA-LN-14122,Beacon Trust Bank,Commerce & Finance,Term Loan,06/04/2025,6752000,29.47,0,Current,0,0.01,67520
GHA-LN-14123,Meridian Credit Bank,Commerce & Finance,Syndicated Loan,22/08/2022,3925000,29.68,0,Current,0,0.01,39250
GHA-LN-14124,Meridian Credit Bank,Commerce & Finance,Overdraft,21/10/2023,3054000,36.76,15,Current,0,0.01,30540
GHA-LN-14125,Beacon Trust Bank,Commerce & Finance,Syndicated Loan,28/07/2022,6475000,30.55,75,Other Loans Especially Mentioned (OLEM),0,NA,NA
GHA-LN-14126,Savannah National Bank,Commerce & Finance,Term Loan,14/03/2024,4354000,29.62,0,Current,0,0.01,43540
GHA-LN-14127,Savannah National Bank,Manufacturing,SME Asset Financing,08/10/2022,6314000,27.73,0,Current,0,0.01,63140
GHA-LN-14128,Zenith Frontier Bank,Services,Overdraft,08/12/2022,766000,36.67,0,Current,0,0.01,7660
GHA-LN-14129,Zenith Frontier Bank,Construction,SME Asset Financing,29/07/2022,5335000,37.03,0,Current,0,0.01,53350
GHA-LN-14130,Zenith Frontier Bank,Commerce & Finance,Overdraft,02/02/2024,5519000,26.34,0,Current,0,0.01,55190
GHA-LN-14131,Zenith Frontier Bank,Commerce & Finance,Overdraft,09/11/2023,7181000,37.41,15,Current,0,0.01,71810
GHA-LN-14132,Zenith Frontier Bank,Services,Syndicated Loan,23/05/2022,1040000,36.78,0,Current,0,0.01,10400
GHA-LN-14133,Beacon Trust Bank,Construction,SME Asset Financing,19/09/2024,634000,31.19,0,Current,0,0.01,6340
GHA-LN-14134,Meridian Credit Bank,Commerce & Finance,Overdraft,22/08/2024,1942000,30.54,0,Current,0,0.01,19420
GHA-LN-14135,Savannah National Bank,Agriculture,Overdraft,18/12/2023,5700000,36.38,0,Current,0,0.01,57000
GHA-LN-14136,Savannah National Bank,Commerce & Finance,Term Loan,06/11/2025,7145000,31.57,0,Current,0,0.01,71450
GHA-LN-14137,Meridian Credit Bank,Construction,Overdraft,18/10/2023,534000,32.98,0,Current,0,0.01,5340
GHA-LN-14138,Meridian Credit Bank,Services,SME Asset Financing,22/06/2022,4159000,31.93,0,Current,0,0.01,41590
GHA-LN-14139,Meridian Credit Bank,Agriculture,SME Asset Financing,27/10/2024,4834000,31.92,0,Current,0,0.01,48340
GHA-LN-14140,Alpha Bank Ghana,Services,Term Loan,30/04/2024,5386000,32.83,15,Current,0,0.01,53860
GHA-LN-14141,Beacon Trust Bank,Manufacturing,Syndicated Loan,19/05/2022,7018000,37.23,15,Current,0,0.01,70180
GHA-LN-14142,Zenith Frontier Bank,Commerce & Finance,Term Loan,16/01/2024,6234000,36.43,15,Current,0,0.01,62340
GHA-LN-14143,Savannah National Bank,Mining,Term Loan,06/01/2023,2915000,30.08,45,Other Loans Especially Mentioned (OLEM),0,NA,NA
GHA-LN-14144,Beacon Trust Bank,Manufacturing,SME Asset Financing,18/12/2023,2877000,37.22,75,Other Loans Especially Mentioned (OLEM),0,NA,NA
GHA-LN-14145,Zenith Frontier Bank,Construction,SME Asset Financing,05/04/2024,2132000,27.02,0,Current,0,0.01,21320
GHA-LN-14146,Zenith Frontier Bank,Manufacturing,Syndicated Loan,20/09/2025,2487000,27.84,0,Current,0,0.01,24870
GHA-LN-14147,Beacon Trust Bank,Manufacturing,Term Loan,03/10/2023,110000,34.82,0,Current,0,0.01,1100
GHA-LN-14148,Alpha Bank Ghana,Commerce & Finance,Term Loan,25/08/2023,3667000,26.81,0,Current,0,0.01,36670
GHA-LN-14149,Alpha Bank Ghana,Commerce & Finance,Term Loan,26/06/2022,1330000,29.41,0,Current,0,0.01,13300
GHA-LN-14150,Alpha Bank Ghana,Commerce & Finance,Overdraft,23/01/2026,640000,32.1,75,Other Loans Especially Mentioned (OLEM),0,NA,NA
GHA-LN-14151,Zenith Frontier Bank,Manufacturing,SME Asset Financing,04/05/2022,4811000,34.22,15,Current,0,0.01,48110
GHA-LN-14152,Zenith Frontier Bank,Agriculture,Overdraft,17/03/2022,3753000,35.59,0,Current,0,0.01,37530
GHA-LN-14153,Meridian Credit Bank,Agriculture,Term Loan,09/10/2024,4346000,27.5,0,Current,0,0.01,43460
GHA-LN-14154,Savannah National Bank,Mining,SME Asset Financing,19/01/2022,2689000,28.65,0,Current,0,0.01,26890
GHA-LN-14155,Beacon Trust Bank,Construction,Term Loan,19/12/2024,5318000,28.81,0,Current,0,0.01,53180
GHA-LN-14156,Beacon Trust Bank,Commerce & Finance,Overdraft,06/11/2022,6551000,32.08,0,Current,0,0.01,65510
GHA-LN-14157,Savannah National Bank,Commerce & Finance,Term Loan,16/03/2022,1602000,27.07,0,Current,0,0.01,16020
GHA-LN-14158,Meridian Credit Bank,Construction,Term Loan,21/05/2023,4271000,37.3,0,Current,0,0.01,42710
GHA-LN-14159,Beacon Trust Bank,Commerce & Finance,Syndicated Loan,08/12/2023,414000,34.26,0,Current,0,0.01,4140
GHA-LN-14160,Savannah National Bank,Construction,Term Loan,22/02/2024,3063000,28.95,15,Current,0,0.01,30630
GHA-LN-14161,Meridian Credit Bank,Construction,Overdraft,01/06/2025,2739000,33.05,0,Current,0,0.01,27390
GHA-LN-14162,Zenith Frontier Bank,Construction,SME Asset Financing,16/07/2023,5361000,35.07,0,Current,0,0.01,53610
GHA-LN-14163,Meridian Credit Bank,Commerce & Finance,Term Loan,17/03/2023,3079000,34.38,0,Current,0,0.01,30790
GHA-LN-14164,Beacon Trust Bank,Agriculture,Syndicated Loan,29/02/2024,5387000,29.55,15,Current,0,0.01,53870
GHA-LN-14165,Beacon Trust Bank,Agriculture,Term Loan,09/02/2023,7202000,37.67,0,Current,0,0.01,72020
GHA-LN-14166,Beacon Trust Bank,Manufacturing,Overdraft,05/04/2023,1012000,29.64,75,Other Loans Especially Mentioned (OLEM),0,NA,NA
GHA-LN-14167,Beacon Trust Bank,Services,Term Loan,08/03/2025,2986000,35.41,0,Current,0,0.01,29860
GHA-LN-14168,Alpha Bank Ghana,Commerce & Finance,Syndicated Loan,22/01/2024,2294000,28.1,15,Current,0,0.01,22940
GHA-LN-14169,Zenith Frontier Bank,Manufacturing,Overdraft,28/12/2023,4517000,31.86,75,Other Loans Especially Mentioned (OLEM),0,NA,NA
GHA-LN-14170,Meridian Credit Bank,Services,Overdraft,08/11/2023,153000,27.68,45,Other Loans Especially Mentioned (OLEM),0,NA,NA
GHA-LN-14171,Meridian Credit Bank,Commerce & Finance,Overdraft,21/08/2025,2268000,31.53,45,Other Loans Especially Mentioned (OLEM),0,NA,NA
GHA-LN-14172,Alpha Bank Ghana,Manufacturing,Term Loan,01/09/2024,1423000,35.49,15,Current,0,0.01,14230
GHA-LN-14173,Savannah National Bank,Agriculture,Overdraft,12/10/2023,374000,29.42,15,Current,0,0.01,3740
GHA-LN-14174,Alpha Bank Ghana,Commerce & Finance,Overdraft,07/04/2024,6161000,26.04,210,Doubtful,1,0.5,3080500
GHA-LN-14175,Savannah National Bank,Services,Term Loan,15/08/2024,2037000,28.75,0,Current,0,0.01,20370
GHA-LN-14176,Beacon Trust Bank,Construction,Term Loan,04/07/2025,3148000,27.95,0,Current,0,0.01,31480
GHA-LN-14177,Beacon Trust Bank,Construction,Syndicated Loan,11/10/2025,7312000,31.15,0,Current,0,0.01,73120
GHA-LN-14178,Beacon Trust Bank,Commerce & Finance,Term Loan,28/06/2023,7498000,30,0,Current,0,0.01,74980
GHA-LN-14179,Zenith Frontier Bank,Commerce & Finance,Overdraft,08/11/2024,6771000,30.14,0,Current,0,0.01,67710
GHA-LN-14180,Meridian Credit Bank,Commerce & Finance,Term Loan,17/10/2023,1230000,27.56,0,Current,0,0.01,12300
GHA-LN-14181,Alpha Bank Ghana,Construction,Term Loan,13/02/2024,7174000,37.66,15,Current,0,0.01,71740
GHA-LN-14182,Alpha Bank Ghana,Manufacturing,Term Loan,30/01/2023,3156000,27.68,0,Current,0,0.01,31560
GHA-LN-14183,Meridian Credit Bank,Manufacturing,SME Asset Financing,09/06/2024,6120000,37.59,0,Current,0,0.01,61200
GHA-LN-14184,Meridian Credit Bank,Construction,Term Loan,17/11/2025,3043000,32.79,0,Current,0,0.01,30430
GHA-LN-14185,Alpha Bank Ghana,Commerce & Finance,Syndicated Loan,25/08/2023,648000,28.16,15,Current,0,0.01,6480
GHA-LN-14186,Beacon Trust Bank,Agriculture,Syndicated Loan,14/05/2023,6332000,37.67,0,Current,0,0.01,63320
GHA-LN-14187,Zenith Frontier Bank,Manufacturing,SME Asset Financing,22/06/2022,3958000,26.06,0,Current,0,0.01,39580
GHA-LN-14188,Meridian Credit Bank,Commerce & Finance,SME Asset Financing,01/06/2025,862000,26.46,15,Current,0,0.01,8620
GHA-LN-14189,Beacon Trust Bank,Commerce & Finance,Overdraft,13/02/2023,4087000,28.77,0,Current,0,0.01,40870
GHA-LN-14190,Savannah National Bank,Manufacturing,Overdraft,05/10/2023,739000,33.63,0,Current,0,0.01,7390
GHA-LN-14191,Zenith Frontier Bank,Commerce & Finance,Overdraft,31/01/2023,4386000,29.49,0,Current,0,0.01,43860
GHA-LN-14192,Zenith Frontier Bank,Agriculture,Syndicated Loan,28/07/2024,5005000,31.53,0,Current,0,0.01,50050
GHA-LN-14193,Zenith Frontier Bank,Construction,SME Asset Financing,29/05/2024,6574000,36.35,210,Doubtful,1,0.5,3287000
GHA-LN-14194,Alpha Bank Ghana,Manufacturing,SME Asset Financing,21/08/2022,574000,33.97,0,Current,0,0.01,5740
GHA-LN-14195,Meridian Credit Bank,Services,Syndicated Loan,21/08/2023,83000,30.11,0,Current,0,0.01,830
GHA-LN-14196,Meridian Credit Bank,Services,Syndicated Loan,23/02/2022,1783000,33.9,0,Current,0,0.01,17830
GHA-LN-14197,Meridian Credit Bank,Services,SME Asset Financing,05/12/2022,1885000,28.3,0,Current,0,0.01,18850
GHA-LN-14198,Zenith Frontier Bank,Manufacturing,Term Loan,19/07/2024,1246000,26.52,0,Current,0,0.01,12460
GHA-LN-14199,Zenith Frontier Bank,Commerce & Finance,Syndicated Loan,24/11/2025,2707000,36.14,0,Current,0,0.01,27070
GHA-LN-14200,Beacon Trust Bank,Commerce & Finance,Overdraft,22/11/2025,5600000,27.31,0,Current,0,0.01,56000
GHA-LN-14201,Meridian Credit Bank,Commerce & Finance,SME Asset Financing,14/01/2025,4674000,34.97,0,Current,0,0.01,46740
GHA-LN-14202,Savannah National Bank,Manufacturing,Overdraft,12/09/2023,2958000,31.04,75,Other Loans Especially Mentioned (OLEM),0,NA,NA
GHA-LN-14203,Zenith Frontier Bank,Manufacturing,Syndicated Loan,09/08/2023,4389000,30.62,0,Current,0,0.01,43890
GHA-LN-14204,Meridian Credit Bank,Commerce & Finance,Term Loan,23/08/2024,6363000,26.05,0,Current,0,0.01,63630
GHA-LN-14205,Savannah National Bank,Commerce & Finance,Overdraft,01/05/2022,71000,31.49,0,Current,0,0.01,710
GHA-LN-14206,Zenith Frontier Bank,Manufacturing,SME Asset Financing,14/02/2024,3964000,32.64,0,Current,0,0.01,39640
GHA-LN-14207,Alpha Bank Ghana,Agriculture,Term Loan,20/09/2024,5506000,29.17,45,Other Loans Especially Mentioned (OLEM),0,NA,NA
GHA-LN-14208,Savannah National Bank,Services,Syndicated Loan,02/10/2025,1036000,28.76,0,Current,0,0.01,10360
GHA-LN-14209,Alpha Bank Ghana,Manufacturing,SME Asset Financing,16/06/2023,2966000,30.75,15,Current,0,0.01,29660
GHA-LN-14210,Savannah National Bank,Commerce & Finance,Overdraft,06/12/2025,5301000,33.78,0,Current,0,0.01,53010
GHA-LN-14211,Savannah National Bank,Manufacturing,Term Loan,19/04/2025,4667000,35.61,0,Current,0,0.01,46670
GHA-LN-14212,Beacon Trust Bank,Services,Syndicated Loan,25/03/2024,1496000,28.91,15,Current,0,0.01,14960
GHA-LN-14213,Alpha Bank Ghana,Services,SME Asset Financing,09/11/2025,625000,28.68,75,Other Loans Especially Mentioned (OLEM),0,NA,NA
GHA-LN-14214,Zenith Frontier Bank,Services,Term Loan,14/06/2022,5622000,31.68,0,Current,0,0.01,56220
GHA-LN-14215,Zenith Frontier Bank,Commerce & Finance,Syndicated Loan,28/02/2025,705000,36.81,0,Current,0,0.01,7050
GHA-LN-14216,Alpha Bank Ghana,Commerce & Finance,SME Asset Financing,03/05/2025,6350000,34.48,45,Other Loans Especially Mentioned (OLEM),0,NA,NA
GHA-LN-14217,Zenith Frontier Bank,Manufacturing,Syndicated Loan,10/08/2023,4691000,35.28,0,Current,0,0.01,46910
GHA-LN-14218,Zenith Frontier Bank,Services,Overdraft,23/10/2025,1320000,27.64,0,Current,0,0.01,13200
GHA-LN-14219,Savannah National Bank,Manufacturing,Syndicated Loan,10/01/2026,3593000,28.02,15,Current,0,0.01,35930
GHA-LN-14220,Meridian Credit Bank,Construction,Term Loan,16/09/2024,6025000,36.88,0,Current,0,0.01,60250
GHA-LN-14221,Meridian Credit Bank,Services,Term Loan,22/02/2024,4407000,35.51,0,Current,0,0.01,44070
GHA-LN-14222,Savannah National Bank,Commerce & Finance,Syndicated Loan,22/11/2024,2011000,34.7,0,Current,0,0.01,20110
GHA-LN-14223,Meridian Credit Bank,Manufacturing,Overdraft,09/03/2024,1080000,34.33,15,Current,0,0.01,10800
GHA-LN-14224,Meridian Credit Bank,Services,Overdraft,20/03/2025,5860000,35.92,0,Current,0,0.01,58600
GHA-LN-14225,Alpha Bank Ghana,Construction,Syndicated Loan,24/04/2024,222000,26.91,45,Other Loans Especially Mentioned (OLEM),0,NA,NA
GHA-LN-14226,Beacon Trust Bank,Agriculture,SME Asset Financing,07/01/2022,3772000,34.86,45,Other Loans Especially Mentioned (OLEM),0,NA,NA
GHA-LN-14227,Alpha Bank Ghana,Manufacturing,Overdraft,05/10/2022,2122000,32.83,0,Current,0,0.01,21220
GHA-LN-14228,Beacon Trust Bank,Commerce & Finance,SME Asset Financing,10/05/2023,6387000,37.75,210,Doubtful,1,0.5,3193500
GHA-LN-14229,Beacon Trust Bank,Construction,Overdraft,12/12/2023,2002000,33.84,0,Current,0,0.01,20020
GHA-LN-14230,Alpha Bank Ghana,Manufacturing,Term Loan,07/09/2023,852000,31.72,0,Current,0,0.01,8520
GHA-LN-14231,Beacon Trust Bank,Manufacturing,Overdraft,18/01/2026,1595000,26.71,75,Other Loans Especially Mentioned (OLEM),0,NA,NA
GHA-LN-14232,Meridian Credit Bank,Services,SME Asset Financing,30/04/2022,4917000,29.6,0,Current,0,0.01,49170
GHA-LN-14233,Meridian Credit Bank,Commerce & Finance,SME Asset Financing,01/10/2025,1866000,34.58,0,Current,0,0.01,18660
GHA-LN-14234,Alpha Bank Ghana,Services,SME Asset Financing,13/08/2022,4665000,29.12,15,Current,0,0.01,46650
GHA-LN-14235,Meridian Credit Bank,Mining,Term Loan,07/01/2025,6299000,26.31,0,Current,0,0.01,62990
GHA-LN-14236,Beacon Trust Bank,Commerce & Finance,Overdraft,20/08/2022,4596000,27.93,15,Current,0,0.01,45960
GHA-LN-14237,Zenith Frontier Bank,Construction,Overdraft,18/02/2023,3300000,32.84,0,Current,0,0.01,33000
GHA-LN-14238,Beacon Trust Bank,Construction,Term Loan,29/06/2022,2447000,31.03,0,Current,0,0.01,24470
GHA-LN-14239,Meridian Credit Bank,Manufacturing,Overdraft,27/11/2024,2319000,26.57,0,Current,0,0.01,23190
GHA-LN-14240,Savannah National Bank,Manufacturing,SME Asset Financing,04/08/2022,6101000,30.59,0,Current,0,0.01,61010
GHA-LN-14241,Savannah National Bank,Services,SME Asset Financing,01/10/2025,663000,26.13,0,Current,0,0.01,6630
GHA-LN-14242,Zenith Frontier Bank,Commerce & Finance,Overdraft,21/03/2025,3063000,32.85,45,Other Loans Especially Mentioned (OLEM),0,NA,NA
GHA-LN-14243,Zenith Frontier Bank,Commerce & Finance,Syndicated Loan,14/08/2023,2663000,33.19,0,Current,0,0.01,26630
GHA-LN-14244,Savannah National Bank,Services,Term Loan,11/05/2025,805000,34.06,0,Current,0,0.01,8050
GHA-LN-14245,Savannah National Bank,Services,Term Loan,26/02/2025,1711000,28.65,0,Current,0,0.01,17110
GHA-LN-14246,Savannah National Bank,Services,Overdraft,12/02/2025,4852000,37.54,0,Current,0,0.01,48520
GHA-LN-14247,Beacon Trust Bank,Services,Syndicated Loan,05/09/2023,700000,29.55,0,Current,0,0.01,7000
GHA-LN-14248,Alpha Bank Ghana,Agriculture,Syndicated Loan,11/04/2022,2927000,32.77,0,Current,0,0.01,29270
GHA-LN-14249,Zenith Frontier Bank,Commerce & Finance,Term Loan,06/10/2022,3621000,27.03,15,Current,0,0.01,36210
GHA-LN-14250,Beacon Trust Bank,Commerce & Finance,SME Asset Financing,10/02/2024,7069000,26.25,0,Current,0,0.01,70690
GHA-LN-14251,Zenith Frontier Bank,Construction,SME Asset Financing,03/04/2023,7295000,30.13,0,Current,0,0.01,72950
GHA-LN-14252,Beacon Trust Bank,Commerce & Finance,Term Loan,19/11/2022,7460000,28.8,0,Current,0,0.01,74600
GHA-LN-14253,Meridian Credit Bank,Services,Term Loan,08/05/2023,48210000,29.26,45,Other Loans Especially Mentioned (OLEM),0,NA,NA
GHA-LN-14254,Alpha Bank Ghana,Commerce & Finance,SME Asset Financing,07/08/2024,4047000,36.63,0,Current,0,0.01,40470
GHA-LN-14255,Meridian Credit Bank,Agriculture,Term Loan,10/04/2023,3869000,34.72,0,Current,0,0.01,38690
GHA-LN-14256,Zenith Frontier Bank,Agriculture,Overdraft,12/05/2025,4790000,29.89,15,Current,0,0.01,47900
GHA-LN-14257,Alpha Bank Ghana,Services,Syndicated Loan,15/01/2024,3780000,28.82,210,Doubtful,1,0.5,1890000
GHA-LN-14258,Meridian Credit Bank,Mining,Term Loan,03/07/2025,4875000,28.41,0,Current,0,0.01,48750
GHA-LN-14259,Beacon Trust Bank,Agriculture,Syndicated Loan,15/09/2025,1642000,29.55,45,Other Loans Especially Mentioned (OLEM),0,NA,NA
GHA-LN-14260,Zenith Frontier Bank,Manufacturing,Syndicated Loan,18/01/2025,3984000,35.59,15,Current,0,0.01,39840
GHA-LN-14261,Beacon Trust Bank,Commerce & Finance,Term Loan,03/06/2023,4808000,30.91,75,Other Loans Especially Mentioned (OLEM),0,NA,NA
GHA-LN-14262,Beacon Trust Bank,Manufacturing,Overdraft,10/09/2025,3431000,33.29,210,Doubtful,1,0.5,1715500
GHA-LN-14263,Meridian Credit Bank,Commerce & Finance,SME Asset Financing,19/12/2025,2129000,28.38,15,Current,0,0.01,21290
GHA-LN-14264,Alpha Bank Ghana,Commerce & Finance,Overdraft,13/05/2022,985000,37.02,45,Other Loans Especially Mentioned (OLEM),0,NA,NA
GHA-LN-14265,Beacon Trust Bank,Services,SME Asset Financing,08/07/2025,2206000,28.34,0,Current,0,0.01,22060
GHA-LN-14266,Savannah National Bank,Commerce & Finance,Overdraft,12/01/2025,6855000,35.77,0,Current,0,0.01,68550
GHA-LN-14267,Zenith Frontier Bank,Agriculture,Term Loan,21/05/2022,2939000,31.99,0,Current,0,0.01,29390
GHA-LN-14268,Beacon Trust Bank,Agriculture,SME Asset Financing,05/12/2023,6416000,26.93,0,Current,0,0.01,64160
GHA-LN-14269,Savannah National Bank,Commerce & Finance,Syndicated Loan,27/08/2024,5729000,32.61,45,Other Loans Especially Mentioned (OLEM),0,NA,NA
GHA-LN-14270,Meridian Credit Bank,Agriculture,Syndicated Loan,08/07/2024,5241000,34.93,0,Current,0,0.01,52410
GHA-LN-14271,Beacon Trust Bank,Unclassified,Overdraft,17/10/2024,474000,30.38,0,Current,0,0.01,4740
GHA-LN-14272,Zenith Frontier Bank,Agriculture,SME Asset Financing,28/06/2025,1276000,37.59,0,Current,0,0.01,12760
GHA-LN-14273,Alpha Bank Ghana,Construction,Syndicated Loan,22/10/2024,1423000,29.91,0,Current,0,0.01,14230
GHA-LN-14274,Alpha Bank Ghana,Commerce & Finance,SME Asset Financing,20/01/2025,5802000,37.98,45,Other Loans Especially Mentioned (OLEM),0,NA,NA
GHA-LN-14275,Zenith Frontier Bank,Construction,Syndicated Loan,07/02/2023,6169000,33.47,0,Current,0,0.01,61690
GHA-LN-14276,Zenith Frontier Bank,Construction,Syndicated Loan,29/12/2025,7017000,35.82,45,Other Loans Especially Mentioned (OLEM),0,NA,NA
GHA-LN-14277,Alpha Bank Ghana,Commerce & Finance,Term Loan,05/05/2023,5939000,35.79,45,Other Loans Especially Mentioned (OLEM),0,NA,NA
GHA-LN-14278,Alpha Bank Ghana,Agriculture,SME Asset Financing,17/10/2024,5763000,37.83,0,Current,0,0.01,57630
GHA-LN-14279,Beacon Trust Bank,Manufacturing,SME Asset Financing,22/01/2024,1460000,32.96,15,Current,0,0.01,14600
GHA-LN-14280,Meridian Credit Bank,Construction,Syndicated Loan,08/12/2022,198000,31.55,0,Current,0,0.01,1980
GHA-LN-14281,Alpha Bank Ghana,Unclassified,SME Asset Financing,09/06/2022,4267000,29.19,0,Current,0,0.01,42670
GHA-LN-14282,Alpha Bank Ghana,Commerce & Finance,Syndicated Loan,23/11/2025,5033000,29.22,15,Current,0,0.01,50330
GHA-LN-14283,Meridian Credit Bank,Services,Overdraft,10/08/2024,4259000,36.33,0,Current,0,0.01,42590
GHA-LN-14284,Meridian Credit Bank,Services,Overdraft,05/07/2023,1342000,31.22,0,Current,0,0.01,13420
GHA-LN-14285,Zenith Frontier Bank,Services,Overdraft,15/04/2024,3934000,30.37,0,Current,0,0.01,39340
GHA-LN-14286,Zenith Frontier Bank,Agriculture,SME Asset Financing,08/08/2025,3247000,28,0,Current,0,0.01,32470
GHA-LN-14287,Zenith Frontier Bank,Construction,Overdraft,27/01/2026,5752000,26.21,0,Current,0,0.01,57520
GHA-LN-14288,Alpha Bank Ghana,Agriculture,Term Loan,15/07/2022,1424000,27.55,0,Current,0,0.01,14240
GHA-LN-14289,Beacon Trust Bank,Services,Overdraft,14/03/2024,4981000,36,0,Current,0,0.01,49810
GHA-LN-14290,Beacon Trust Bank,Construction,Syndicated Loan,08/05/2022,2723000,27.59,210,Doubtful,1,0.5,1361500
GHA-LN-14291,Meridian Credit Bank,Commerce & Finance,Term Loan,28/07/2023,7228000,37.46,0,Current,0,0.01,72280
GHA-LN-14292,Savannah National Bank,Commerce & Finance,Overdraft,11/01/2024,7327000,33.95,0,Current,0,0.01,73270
GHA-LN-14293,Savannah National Bank,Unclassified,SME Asset Financing,19/01/2025,7243000,32.15,0,Current,0,0.01,72430
GHA-LN-14294,Meridian Credit Bank,Construction,Syndicated Loan,15/01/2025,4896000,29.05,0,Current,0,0.01,48960
GHA-LN-14295,Beacon Trust Bank,Construction,Syndicated Loan,06/01/2024,5742000,37.87,0,Current,0,0.01,57420
GHA-LN-14296,Zenith Frontier Bank,Services,Term Loan,05/01/2025,4685000,30.96,0,Current,0,0.01,46850
GHA-LN-14297,Beacon Trust Bank,Construction,Syndicated Loan,19/12/2025,2568000,33.11,45,Other Loans Especially Mentioned (OLEM),0,NA,NA
GHA-LN-14298,Zenith Frontier Bank,Commerce & Finance,SME Asset Financing,03/04/2022,4249000,31.75,0,Current,0,0.01,42490
GHA-LN-14299,Zenith Frontier Bank,Construction,Term Loan,29/06/2023,1114000,33.88,15,Current,0,0.01,11140
GHA-LN-14300,Alpha Bank Ghana,Manufacturing,Term Loan,09/08/2022,6573000,35.38,0,Current,0,0.01,65730
GHA-LN-14301,Beacon Trust Bank,Agriculture,SME Asset Financing,25/01/2024,1688000,26.53,0,Current,0,0.01,16880
GHA-LN-14302,Zenith Frontier Bank,Agriculture,SME Asset Financing,30/04/2023,7180000,26.74,15,Current,0,0.01,71800
GHA-LN-14303,Zenith Frontier Bank,Construction,Term Loan,13/06/2023,1355000,33.83,0,Current,0,0.01,13550
GHA-LN-14304,Zenith Frontier Bank,Commerce & Finance,Syndicated Loan,13/03/2022,6420000,36.15,0,Current,0,0.01,64200
GHA-LN-14305,Beacon Trust Bank,Commerce & Finance,SME Asset Financing,11/01/2024,1737000,27.12,75,Other Loans Especially Mentioned (OLEM),0,NA,NA
GHA-LN-14306,Savannah National Bank,Services,SME Asset Financing,27/09/2025,6821000,31.17,0,Current,0,0.01,68210
GHA-LN-14307,Savannah National Bank,Agriculture,Syndicated Loan,04/11/2023,4220000,36.14,210,Doubtful,1,0.5,2110000
GHA-LN-14308,Meridian Credit Bank,Commerce & Finance,SME Asset Financing,18/09/2023,1674000,36.78,120,Substandard,1,0.2,334800
GHA-LN-14309,Meridian Credit Bank,Agriculture,Overdraft,28/10/2022,215000,29.02,15,Current,0,0.01,2150
GHA-LN-14310,Beacon Trust Bank,Services,Term Loan,30/06/2025,2489000,26.43,0,Current,0,0.01,24890
GHA-LN-14311,Alpha Bank Ghana,Services,SME Asset Financing,08/01/2023,7236000,26.34,0,Current,0,0.01,72360
GHA-LN-14312,Beacon Trust Bank,Services,Term Loan,14/10/2025,5452000,35.21,0,Current,0,0.01,54520
GHA-LN-14313,Savannah National Bank,Agriculture,Term Loan,28/09/2024,321000,36.04,0,Current,0,0.01,3210
GHA-LN-14314,Meridian Credit Bank,Commerce & Finance,Overdraft,23/10/2023,7088000,35.02,0,Current,0,0.01,70880
GHA-LN-14315,Savannah National Bank,Commerce & Finance,Term Loan,09/07/2025,2581000,34.2,75,Other Loans Especially Mentioned (OLEM),0,NA,NA
GHA-LN-14316,Zenith Frontier Bank,Services,SME Asset Financing,26/07/2024,6965000,35.88,0,Current,0,0.01,69650
GHA-LN-14317,Beacon Trust Bank,Services,SME Asset Financing,27/03/2025,6529000,36.26,15,Current,0,0.01,65290
GHA-LN-14318,Savannah National Bank,Commerce & Finance,Term Loan,22/01/2022,2936000,37.02,0,Current,0,0.01,29360
GHA-LN-14319,Alpha Bank Ghana,Mining,Term Loan,13/05/2024,1649000,31.42,0,Current,0,0.01,16490
GHA-LN-14320,Alpha Bank Ghana,Services,Term Loan,20/11/2024,443000,31.44,0,Current,0,0.01,4430
GHA-LN-14321,Alpha Bank Ghana,Construction,Syndicated Loan,17/01/2025,5428000,29.23,0,Current,0,0.01,54280
GHA-LN-14322,Beacon Trust Bank,Construction,Term Loan,01/02/2022,2489000,37.49,0,Current,0,0.01,24890
GHA-LN-14323,Beacon Trust Bank,Manufacturing,Overdraft,13/01/2026,4139000,31.73,0,Current,0,0.01,41390
GHA-LN-14324,Savannah National Bank,Construction,Overdraft,12/06/2022,3648000,29.47,0,Current,0,0.01,36480
GHA-LN-14325,Beacon Trust Bank,Commerce & Finance,SME Asset Financing,05/03/2024,5990000,32.35,0,Current,0,0.01,59900
GHA-LN-14326,Meridian Credit Bank,Commerce & Finance,Term Loan,11/02/2024,688000,37.7,0,Current,0,0.01,6880
GHA-LN-14327,Alpha Bank Ghana,Commerce & Finance,Syndicated Loan,25/01/2026,6594000,36.55,0,Current,0,0.01,65940
GHA-LN-14328,Savannah National Bank,Manufacturing,Syndicated Loan,04/11/2022,1320000,30.47,0,Current,0,0.01,13200
GHA-LN-14329,Alpha Bank Ghana,Commerce & Finance,Syndicated Loan,29/04/2025,2830000,30.24,210,Doubtful,1,0.5,1415000
GHA-LN-14330,Alpha Bank Ghana,Commerce & Finance,Syndicated Loan,08/09/2024,5374000,30.34,45,Other Loans Especially Mentioned (OLEM),0,NA,NA
GHA-LN-14331,Zenith Frontier Bank,Commerce & Finance,Overdraft,12/09/2022,6509000,32.54,0,Current,0,0.01,65090
GHA-LN-14332,Savannah National Bank,Services,Syndicated Loan,21/03/2025,6301000,30.67,0,Current,0,0.01,63010
GHA-LN-14333,Meridian Credit Bank,Mining,Term Loan,08/11/2025,6085000,33.59,0,Current,0,0.01,60850
GHA-LN-14334,Meridian Credit Bank,Mining,Overdraft,17/05/2024,108000,33.94,75,Other Loans Especially Mentioned (OLEM),0,NA,NA
GHA-LN-14335,Alpha Bank Ghana,Services,SME Asset Financing,12/10/2024,3197000,27.31,0,Current,0,0.01,31970
GHA-LN-14336,Meridian Credit Bank,Agriculture,SME Asset Financing,20/05/2024,1291000,32.33,0,Current,0,0.01,12910
GHA-LN-14337,Alpha Bank Ghana,Commerce & Finance,SME Asset Financing,09/11/2025,7323000,26.67,0,Current,0,0.01,73230
GHA-LN-14338,Beacon Trust Bank,Construction,SME Asset Financing,14/09/2023,5013000,31.21,0,Current,0,0.01,50130
GHA-LN-14339,Alpha Bank Ghana,Services,Term Loan,07/06/2024,6648000,26.22,0,Current,0,0.01,66480
GHA-LN-14340,Savannah National Bank,Agriculture,SME Asset Financing,04/10/2024,4801000,32.02,0,Current,0,0.01,48010
GHA-LN-14341,Alpha Bank Ghana,Agriculture,Overdraft,13/07/2024,1955000,37.27,120,Substandard,1,0.2,391000
GHA-LN-14342,Savannah National Bank,Commerce & Finance,SME Asset Financing,28/12/2023,1599000,34.11,0,Current,0,0.01,15990
GHA-LN-14343,Meridian Credit Bank,Manufacturing,Term Loan,03/12/2025,3182000,30.25,0,Current,0,0.01,31820
GHA-LN-14344,Meridian Credit Bank,Services,Term Loan,17/09/2024,1694000,33.96,0,Current,0,0.01,16940
GHA-LN-14345,Beacon Trust Bank,Services,Syndicated Loan,18/04/2023,5244000,37.2,45,Other Loans Especially Mentioned (OLEM),0,NA,NA
GHA-LN-14346,Beacon Trust Bank,Commerce & Finance,SME Asset Financing,27/08/2022,3037000,28.08,15,Current,0,0.01,30370
GHA-LN-14347,Meridian Credit Bank,Unclassified,SME Asset Financing,26/04/2024,5146000,31.1,15,Current,0,0.01,51460
GHA-LN-14348,Meridian Credit Bank,Manufacturing,Term Loan,17/10/2022,1217000,37.61,15,Current,0,0.01,12170
GHA-LN-14349,Zenith Frontier Bank,Construction,Syndicated Loan,15/04/2023,5845000,37.4,75,Other Loans Especially Mentioned (OLEM),0,NA,NA
GHA-LN-14350,Savannah National Bank,Commerce & Finance,SME Asset Financing,19/10/2025,3526000,27.67,0,Current,0,0.01,35260
GHA-LN-14351,Alpha Bank Ghana,Unclassified,SME Asset Financing,11/07/2022,1085000,35.7,0,Current,0,0.01,10850
GHA-LN-14352,Zenith Frontier Bank,Construction,SME Asset Financing,17/02/2022,1832000,30.7,210,Doubtful,1,0.5,916000
GHA-LN-14353,Beacon Trust Bank,Manufacturing,SME Asset Financing,04/05/2023,7391000,32.36,0,Current,0,0.01,73910
GHA-LN-14354,Zenith Frontier Bank,Commerce & Finance,Syndicated Loan,30/04/2022,4004000,34.07,0,Current,0,0.01,40040
GHA-LN-14355,Alpha Bank Ghana,Services,Syndicated Loan,13/10/2022,6104000,34.02,0,Current,0,0.01,61040
GHA-LN-14356,Beacon Trust Bank,Manufacturing,Syndicated Loan,25/04/2023,3261000,36.37,0,Current,0,0.01,32610
GHA-LN-14357,Beacon Trust Bank,Services,SME Asset Financing,26/06/2023,6606000,36.76,210,Doubtful,1,0.5,3303000
GHA-LN-14358,Beacon Trust Bank,Commerce & Finance,Syndicated Loan,14/08/2022,1464000,37.57,15,Current,0,0.01,14640
GHA-LN-14359,Beacon Trust Bank,Manufacturing,Syndicated Loan,30/04/2022,3551000,35.04,15,Current,0,0.01,35510
GHA-LN-14360,Savannah National Bank,Agriculture,Term Loan,28/07/2023,626000,36.71,0,Current,0,0.01,6260
GHA-LN-14361,Savannah National Bank,Manufacturing,Term Loan,23/06/2024,3391000,27.39,0,Current,0,0.01,33910
GHA-LN-14362,Savannah National Bank,Construction,Syndicated Loan,26/09/2022,3700000,37.19,0,Current,0,0.01,37000
GHA-LN-14363,Zenith Frontier Bank,Services,SME Asset Financing,16/02/2023,5252000,29.63,0,Current,0,0.01,52520
GHA-LN-14364,Beacon Trust Bank,Manufacturing,SME Asset Financing,18/10/2022,747000,32.84,0,Current,0,0.01,7470
GHA-LN-14365,Meridian Credit Bank,Mining,Syndicated Loan,20/03/2023,5494000,37.07,0,Current,0,0.01,54940
GHA-LN-14366,Alpha Bank Ghana,Commerce & Finance,Syndicated Loan,04/04/2025,6150000,26.1,0,Current,0,0.01,61500
GHA-LN-14367,Meridian Credit Bank,Commerce & Finance,Syndicated Loan,16/10/2022,5300000,27.94,0,Current,0,0.01,53000
GHA-LN-14368,Zenith Frontier Bank,Mining,Overdraft,16/08/2024,2742000,34.86,0,Current,0,0.01,27420
GHA-LN-14369,Savannah National Bank,Unclassified,Syndicated Loan,17/08/2024,1662000,31.64,0,Current,0,0.01,16620
GHA-LN-14370,Alpha Bank Ghana,Commerce & Finance,Syndicated Loan,10/01/2025,5396000,27.64,0,Current,0,0.01,53960
GHA-LN-14371,Beacon Trust Bank,Unclassified,SME Asset Financing,01/03/2024,6757000,29.84,120,Substandard,1,0.2,1351400
GHA-LN-14372,Savannah National Bank,Unclassified,SME Asset Financing,22/02/2026,4214000,35.16,15,Current,0,0.01,42140
GHA-LN-14373,Savannah National Bank,Commerce & Finance,SME Asset Financing,20/02/2022,120000,28.49,15,Current,0,0.01,1200
GHA-LN-14374,Alpha Bank Ghana,Construction,SME Asset Financing,12/06/2023,6453000,36.67,0,Current,0,0.01,64530
GHA-LN-14375,Savannah National Bank,Commerce & Finance,Term Loan,16/09/2023,5977000,31.86,0,Current,0,0.01,59770
GHA-LN-14376,Alpha Bank Ghana,Services,Term Loan,11/10/2022,110000,35.06,0,Current,0,0.01,1100
GHA-LN-14377,Alpha Bank Ghana,Manufacturing,Syndicated Loan,01/04/2022,1178000,26.93,0,Current,0,0.01,11780
GHA-LN-14378,Beacon Trust Bank,Services,Syndicated Loan,23/01/2023,3125000,37.92,0,Current,0,0.01,31250
GHA-LN-14379,Beacon Trust Bank,Construction,Syndicated Loan,23/05/2024,4749000,27.87,15,Current,0,0.01,47490
GHA-LN-14380,Beacon Trust Bank,Agriculture,Term Loan,20/02/2025,418000,29.98,0,Current,0,0.01,4180
GHA-LN-14381,Beacon Trust Bank,Construction,Term Loan,06/08/2022,2125000,28.75,120,Substandard,1,0.2,425000
GHA-LN-14382,Meridian Credit Bank,Construction,SME Asset Financing,04/03/2023,1652000,32.38,75,Other Loans Especially Mentioned (OLEM),0,NA,NA
GHA-LN-14383,Zenith Frontier Bank,Manufacturing,Syndicated Loan,04/11/2023,5017000,35.13,0,Current,0,0.01,50170
GHA-LN-14384,Alpha Bank Ghana,Mining,Term Loan,31/05/2024,3808000,26.81,0,Current,0,0.01,38080
GHA-LN-14385,Savannah National Bank,Manufacturing,Syndicated Loan,25/03/2022,3641000,29.9,0,Current,0,0.01,36410
GHA-LN-14386,Savannah National Bank,Commerce & Finance,SME Asset Financing,25/03/2022,7212000,32.72,0,Current,0,0.01,72120
GHA-LN-14387,Zenith Frontier Bank,Services,Overdraft,08/05/2025,2937000,36.96,0,Current,0,0.01,29370
GHA-LN-14388,Savannah National Bank,Commerce & Finance,Term Loan,09/11/2025,4981000,29.99,0,Current,0,0.01,49810
GHA-LN-14389,Meridian Credit Bank,Services,Syndicated Loan,08/01/2024,6025000,30.69,0,Current,0,0.01,60250
GHA-LN-14390,Zenith Frontier Bank,Services,Overdraft,02/08/2022,5288000,36.53,0,Current,0,0.01,52880
GHA-LN-14391,Meridian Credit Bank,Construction,Overdraft,12/01/2022,6729000,34.95,0,Current,0,0.01,67290
GHA-LN-14392,Alpha Bank Ghana,Services,Term Loan,17/06/2025,3497000,31.32,0,Current,0,0.01,34970
GHA-LN-14393,Beacon Trust Bank,Manufacturing,Syndicated Loan,25/01/2023,4076000,31.64,0,Current,0,0.01,40760
GHA-LN-14394,Zenith Frontier Bank,Services,Term Loan,01/03/2026,6409000,28.12,0,Current,0,0.01,64090
GHA-LN-14395,Alpha Bank Ghana,Mining,Overdraft,29/11/2023,1317000,35.65,0,Current,0,0.01,13170
GHA-LN-14396,Meridian Credit Bank,Commerce & Finance,Overdraft,08/09/2022,6232000,32.5,0,Current,0,0.01,62320
GHA-LN-14397,Beacon Trust Bank,Services,Term Loan,17/04/2025,3850000,31.72,0,Current,0,0.01,38500
GHA-LN-14398,Savannah National Bank,Services,SME Asset Financing,05/05/2024,4343000,26.52,0,Current,0,0.01,43430
GHA-LN-14399,Savannah National Bank,Unclassified,Syndicated Loan,31/05/2025,70000,36.98,0,Current,0,0.01,700
GHA-LN-14400,Meridian Credit Bank,Commerce & Finance,Syndicated Loan,24/01/2023,2136000,32.97,210,Doubtful,1,0.5,1068000
GHA-LN-14401,Zenith Frontier Bank,Unclassified,Overdraft,06/12/2025,1564000,35.62,0,Current,0,0.01,15640
GHA-LN-14402,Meridian Credit Bank,Construction,Syndicated Loan,14/11/2024,6696000,36.18,0,Current,0,0.01,66960
GHA-LN-14403,Meridian Credit Bank,Manufacturing,Syndicated Loan,15/10/2025,5878000,35.94,0,Current,0,0.01,58780
GHA-LN-14404,Alpha Bank Ghana,Manufacturing,SME Asset Financing,20/02/2024,6262000,27.19,0,Current,0,0.01,62620
GHA-LN-14405,Meridian Credit Bank,Construction,Term Loan,19/01/2026,6778000,37.89,210,Doubtful,1,0.5,3389000
GHA-LN-14406,Alpha Bank Ghana,Commerce & Finance,Syndicated Loan,08/12/2025,5578000,32.73,15,Current,0,0.01,55780
GHA-LN-14407,Meridian Credit Bank,Manufacturing,Overdraft,15/05/2024,3283000,36.41,0,Current,0,0.01,32830
GHA-LN-14408,Alpha Bank Ghana,Mining,Syndicated Loan,28/05/2024,2037000,35.95,120,Substandard,1,0.2,407400
GHA-LN-14409,Savannah National Bank,Manufacturing,Term Loan,19/03/2024,4121000,37.84,15,Current,0,0.01,41210
GHA-LN-14410,Alpha Bank Ghana,Agriculture,SME Asset Financing,15/10/2023,4140000,29.03,0,Current,0,0.01,41400
GHA-LN-14411,Beacon Trust Bank,Manufacturing,Overdraft,07/05/2022,5474000,26.9,0,Current,0,0.01,54740
GHA-LN-14412,Alpha Bank Ghana,Agriculture,Syndicated Loan,12/05/2024,5023000,35.85,0,Current,0,0.01,50230
GHA-LN-14413,Alpha Bank Ghana,Construction,Overdraft,28/12/2024,2358000,27.35,120,Substandard,1,0.2,471600
GHA-LN-14414,Meridian Credit Bank,Construction,SME Asset Financing,22/04/2024,1055000,26.27,0,Current,0,0.01,10550
GHA-LN-14415,Beacon Trust Bank,Mining,Term Loan,20/04/2025,5785000,28.88,45,Other Loans Especially Mentioned (OLEM),0,NA,NA
GHA-LN-14416,Savannah National Bank,Construction,Syndicated Loan,03/09/2025,1011000,31.39,0,Current,0,0.01,10110
GHA-LN-14417,Alpha Bank Ghana,Agriculture,Term Loan,26/04/2025,5824000,36.63,0,Current,0,0.01,58240
GHA-LN-14418,Beacon Trust Bank,Manufacturing,Term Loan,20/11/2024,6772000,34.8,0,Current,0,0.01,67720
GHA-LN-14419,Savannah National Bank,Manufacturing,Term Loan,27/12/2022,7481000,37.83,0,Current,0,0.01,74810
GHA-LN-14420,Meridian Credit Bank,Manufacturing,Syndicated Loan,11/09/2023,2250000,26.32,0,Current,0,0.01,22500
GHA-LN-14421,Alpha Bank Ghana,Manufacturing,Overdraft,19/10/2024,4878000,35.7,0,Current,0,0.01,48780
GHA-LN-14422,Savannah National Bank,Mining,Syndicated Loan,25/06/2022,4354000,26.57,0,Current,0,0.01,43540
GHA-LN-14423,Beacon Trust Bank,Commerce & Finance,Overdraft,30/09/2025,2282000,37.03,0,Current,0,0.01,22820
GHA-LN-14424,Savannah National Bank,Services,SME Asset Financing,28/12/2023,57000,35.89,0,Current,0,0.01,570
GHA-LN-14425,Beacon Trust Bank,Construction,Overdraft,02/07/2023,5878000,31.41,0,Current,0,0.01,58780
GHA-LN-14426,Alpha Bank Ghana,Manufacturing,SME Asset Financing,09/09/2022,3695000,29.65,15,Current,0,0.01,36950
GHA-LN-14427,Beacon Trust Bank,Commerce & Finance,SME Asset Financing,25/11/2023,3041000,28.36,0,Current,0,0.01,30410
GHA-LN-14428,Beacon Trust Bank,Services,Overdraft,28/10/2023,1901000,37.64,15,Current,0,0.01,19010
GHA-LN-14429,Savannah National Bank,Services,Syndicated Loan,19/03/2025,1670000,26.7,120,Substandard,1,0.2,334000
GHA-LN-14430,Meridian Credit Bank,Services,Term Loan,08/03/2022,5471000,35.63,75,Other Loans Especially Mentioned (OLEM),0,NA,NA
GHA-LN-14431,Alpha Bank Ghana,Mining,Syndicated Loan,29/06/2023,316000,37.54,120,Substandard,1,0.2,63200
GHA-LN-14432,Meridian Credit Bank,Services,Syndicated Loan,24/03/2022,5905000,26.14,0,Current,0,0.01,59050
GHA-LN-14433,Beacon Trust Bank,Services,Term Loan,06/10/2025,2075000,32.73,0,Current,0,0.01,20750
GHA-LN-14434,Beacon Trust Bank,Construction,SME Asset Financing,11/03/2024,7373000,27.27,120,Substandard,1,0.2,1474600
GHA-LN-14435,Meridian Credit Bank,Manufacturing,SME Asset Financing,03/03/2025,3232000,30.4,0,Current,0,0.01,32320
GHA-LN-14436,Meridian Credit Bank,Construction,Syndicated Loan,14/05/2022,5684000,34.08,0,Current,0,0.01,56840
GHA-LN-14437,Savannah National Bank,Construction,Syndicated Loan,08/10/2022,1350000,32.1,0,Current,0,0.01,13500
GHA-LN-14438,Beacon Trust Bank,Agriculture,Overdraft,19/09/2025,6309000,32.21,0,Current,0,0.01,63090
GHA-LN-14439,Savannah National Bank,Services,SME Asset Financing,24/08/2024,323000,36.2,0,Current,0,0.01,3230
GHA-LN-14441,Meridian Credit Bank,Commerce & Finance,Syndicated Loan,21/08/2025,4464000,32.53,0,Current,0,0.01,44640
GHA-LN-14442,Zenith Frontier Bank,Commerce & Finance,Term Loan,13/01/2025,6665000,35.52,15,Current,0,0.01,66650
GHA-LN-14443,Savannah National Bank,Construction,SME Asset Financing,09/03/2022,3950000,28.75,0,Current,0,0.01,39500
GHA-LN-14444,Savannah National Bank,Manufacturing,SME Asset Financing,12/05/2023,2843000,30.24,0,Current,0,0.01,28430
GHA-LN-14445,Alpha Bank Ghana,Mining,SME Asset Financing,23/05/2025,6570000,29.66,0,Current,0,0.01,65700
GHA-LN-14446,Meridian Credit Bank,Services,Syndicated Loan,09/10/2024,5384000,32.06,120,Substandard,1,0.2,1076800
GHA-LN-14447,Savannah National Bank,Manufacturing,Syndicated Loan,01/10/2022,7139000,28.17,120,Substandard,1,0.2,1427800
GHA-LN-14448,Meridian Credit Bank,Services,Syndicated Loan,12/11/2024,2158000,28.58,0,Current,0,0.01,21580
GHA-LN-14449,Zenith Frontier Bank,Commerce & Finance,SME Asset Financing,11/12/2023,5904000,27.18,15,Current,0,0.01,59040
GHA-LN-14450,Beacon Trust Bank,Agriculture,Syndicated Loan,24/02/2025,5263000,31.68,15,Current,0,0.01,52630
GHA-LN-14451,Zenith Frontier Bank,Services,Syndicated Loan,26/04/2025,4032000,35.81,0,Current,0,0.01,40320
GHA-LN-14452,Beacon Trust Bank,Commerce & Finance,Overdraft,07/05/2022,2253000,33.16,210,Doubtful,1,0.5,1126500
GHA-LN-14453,Beacon Trust Bank,Commerce & Finance,Syndicated Loan,25/11/2023,3617000,34.58,0,Current,0,0.01,36170
GHA-LN-14454,Savannah National Bank,Unclassified,Term Loan,13/07/2025,3656000,35.64,0,Current,0,0.01,36560
GHA-LN-14455,Alpha Bank Ghana,Commerce & Finance,Overdraft,25/11/2025,2142000,37.7,0,Current,0,0.01,21420
GHA-LN-14456,Alpha Bank Ghana,Commerce & Finance,Overdraft,15/05/2025,1115000,29.65,15,Current,0,0.01,11150
GHA-LN-14457,Zenith Frontier Bank,Unclassified,SME Asset Financing,26/12/2022,3592000,37.04,0,Current,0,0.01,35920
GHA-LN-14458,Meridian Credit Bank,Mining,SME Asset Financing,09/11/2025,1979000,32.01,75,Other Loans Especially Mentioned (OLEM),0,NA,NA
GHA-LN-14459,Beacon Trust Bank,Commerce & Finance,Syndicated Loan,07/03/2024,3213000,30.81,0,Current,0,0.01,32130
GHA-LN-14460,Meridian Credit Bank,Manufacturing,SME Asset Financing,01/07/2023,6358000,26.16,0,Current,0,0.01,63580
GHA-LN-14461,Zenith Frontier Bank,Manufacturing,Term Loan,01/06/2022,5097000,28.84,0,Current,0,0.01,50970
GHA-LN-14462,Zenith Frontier Bank,Services,SME Asset Financing,18/10/2025,3545000,35.94,0,Current,0,0.01,35450
GHA-LN-14463,Beacon Trust Bank,Mining,Syndicated Loan,24/09/2022,1679000,36.86,0,Current,0,0.01,16790
GHA-LN-14464,Zenith Frontier Bank,Services,Term Loan,11/07/2022,2533000,33.49,0,Current,0,0.01,25330
GHA-LN-14465,Beacon Trust Bank,Commerce & Finance,Overdraft,30/09/2022,1845000,29.38,120,Substandard,1,0.2,369000
GHA-LN-14466,Zenith Frontier Bank,Manufacturing,SME Asset Financing,30/01/2023,2220000,29.32,120,Substandard,1,0.2,444000
GHA-LN-14467,Meridian Credit Bank,Commerce & Finance,Overdraft,06/03/2024,5665000,35.74,210,Doubtful,1,0.5,2832500
GHA-LN-14468,Alpha Bank Ghana,Construction,SME Asset Financing,13/12/2023,265000,30.83,0,Current,0,0.01,2650
GHA-LN-14469,Alpha Bank Ghana,Services,Overdraft,02/05/2024,3865000,33.02,0,Current,0,0.01,38650
GHA-LN-14470,Meridian Credit Bank,Construction,SME Asset Financing,12/03/2024,452000,31.1,0,Current,0,0.01,4520
GHA-LN-14471,Alpha Bank Ghana,Agriculture,Overdraft,01/07/2023,1659000,26.82,120,Substandard,1,0.2,331800
GHA-LN-14472,Zenith Frontier Bank,Services,Term Loan,14/08/2022,6029000,36.51,0,Current,0,0.01,60290
GHA-LN-14473,Alpha Bank Ghana,Services,Syndicated Loan,02/07/2023,5527000,30.96,15,Current,0,0.01,55270
GHA-LN-14474,Savannah National Bank,Construction,Term Loan,29/03/2023,3628000,31.3,0,Current,0,0.01,36280
GHA-LN-14475,Beacon Trust Bank,Commerce & Finance,Syndicated Loan,02/01/2024,2115000,36.66,0,Current,0,0.01,21150
GHA-LN-14476,Savannah National Bank,Agriculture,Term Loan,10/06/2025,6452000,32.99,0,Current,0,0.01,64520
GHA-LN-14477,Savannah National Bank,Services,Overdraft,30/06/2022,2593000,37.85,0,Current,0,0.01,25930
GHA-LN-14478,Alpha Bank Ghana,Mining,Syndicated Loan,23/08/2022,1947000,37.35,45,Other Loans Especially Mentioned (OLEM),0,NA,NA
GHA-LN-14479,Alpha Bank Ghana,Commerce & Finance,Term Loan,07/04/2025,5048000,34.32,0,Current,0,0.01,50480
GHA-LN-14480,Alpha Bank Ghana,Commerce & Finance,Term Loan,21/05/2025,3551000,36.04,15,Current,0,0.01,35510
GHA-LN-14481,Beacon Trust Bank,Manufacturing,Syndicated Loan,23/06/2024,7263000,29.81,0,Current,0,0.01,72630
GHA-LN-14482,Meridian Credit Bank,Services,Syndicated Loan,01/02/2025,1119000,30.96,0,Current,0,0.01,11190
GHA-LN-14483,Meridian Credit Bank,Services,Syndicated Loan,21/10/2022,87000,34.72,0,Current,0,0.01,870
GHA-LN-14484,Savannah National Bank,Construction,Syndicated Loan,10/12/2024,6625000,30.02,210,Doubtful,1,0.5,3312500
GHA-LN-14485,Meridian Credit Bank,Services,Term Loan,02/07/2023,5732000,34.11,0,Current,0,0.01,57320
GHA-LN-14486,Zenith Frontier Bank,Commerce & Finance,Term Loan,30/06/2023,4402000,37.81,0,Current,0,0.01,44020
GHA-LN-14487,Zenith Frontier Bank,Commerce & Finance,SME Asset Financing,22/01/2024,5947000,36.84,0,Current,0,0.01,59470
GHA-LN-14488,Zenith Frontier Bank,Commerce & Finance,SME Asset Financing,16/03/2022,4361000,26.25,0,Current,0,0.01,43610
GHA-LN-14489,Meridian Credit Bank,Mining,Syndicated Loan,07/10/2023,7301000,37.78,45,Other Loans Especially Mentioned (OLEM),0,NA,NA
GHA-LN-14490,Savannah National Bank,Manufacturing,Overdraft,09/11/2024,4808000,26.28,0,Current,0,0.01,48080
GHA-LN-14491,Savannah National Bank,Commerce & Finance,Term Loan,06/06/2022,5381000,28.98,0,Current,0,0.01,53810
GHA-LN-14492,Alpha Bank Ghana,Manufacturing,Term Loan,24/05/2023,2679000,31.52,0,Current,0,0.01,26790
GHA-LN-14493,Meridian Credit Bank,Commerce & Finance,Term Loan,11/05/2022,1552000,32.76,0,Current,0,0.01,15520
GHA-LN-14494,Savannah National Bank,Commerce & Finance,SME Asset Financing,05/03/2024,1146000,29.92,75,Other Loans Especially Mentioned (OLEM),0,NA,NA
GHA-LN-14495,Meridian Credit Bank,Commerce & Finance,Term Loan,12/10/2022,5762000,33.57,15,Current,0,0.01,57620
GHA-LN-14496,Meridian Credit Bank,Manufacturing,SME Asset Financing,28/04/2023,5305000,28.35,0,Current,0,0.01,53050
GHA-LN-14497,Meridian Credit Bank,Commerce & Finance,SME Asset Financing,27/05/2024,2686000,28.56,0,Current,0,0.01,26860
GHA-LN-14498,Alpha Bank Ghana,Commerce & Finance,Overdraft,15/08/2023,6956000,29.77,0,Current,0,0.01,69560
GHA-LN-14499,Beacon Trust Bank,Agriculture,Syndicated Loan,19/05/2024,2615000,28.48,0,Current,0,0.01,26150
GHA-LN-14500,Beacon Trust Bank,Commerce & Finance,Overdraft,31/10/2025,6643000,26.64,0,Current,0,0.01,66430
GHA-LN-14501,Alpha Bank Ghana,Services,Overdraft,02/12/2022,3625000,34.28,0,Current,0,0.01,36250
GHA-LN-14502,Beacon Trust Bank,Services,Term Loan,16/12/2024,4357000,37.45,120,Substandard,1,0.2,871400
GHA-LN-14503,Zenith Frontier Bank,Commerce & Finance,Term Loan,07/03/2023,6508000,27.9,0,Current,0,0.01,65080
GHA-LN-14504,Savannah National Bank,Services,SME Asset Financing,03/08/2023,3163000,31.61,0,Current,0,0.01,31630
GHA-LN-14505,Savannah National Bank,Manufacturing,Syndicated Loan,13/01/2022,2613000,26.42,0,Current,0,0.01,26130
GHA-LN-14506,Alpha Bank Ghana,Services,SME Asset Financing,26/07/2024,4408000,26.81,15,Current,0,0.01,44080
GHA-LN-14507,Meridian Credit Bank,Manufacturing,Term Loan,01/10/2024,624000,27.22,45,Other Loans Especially Mentioned (OLEM),0,NA,NA
GHA-LN-14508,Meridian Credit Bank,Commerce & Finance,Syndicated Loan,28/08/2022,4332000,35.64,0,Current,0,0.01,43320
GHA-LN-14509,Meridian Credit Bank,Agriculture,SME Asset Financing,25/10/2025,37440000,33.08,0,Current,0,0.01,374400
GHA-LN-14510,Alpha Bank Ghana,Unclassified,Term Loan,29/02/2024,6670000,32.54,75,Other Loans Especially Mentioned (OLEM),0,NA,NA
GHA-LN-14511,Beacon Trust Bank,Commerce & Finance,SME Asset Financing,07/09/2023,398000,37.23,0,Current,0,0.01,3980
GHA-LN-14512,Savannah National Bank,Commerce & Finance,Term Loan,10/08/2023,5216000,37.24,0,Current,0,0.01,52160
GHA-LN-14513,Zenith Frontier Bank,Commerce & Finance,Syndicated Loan,18/07/2022,3699000,31.46,0,Current,0,0.01,36990
GHA-LN-14514,Beacon Trust Bank,Construction,Term Loan,15/01/2026,4560000,32.01,0,Current,0,0.01,45600
GHA-LN-14515,Savannah National Bank,Agriculture,Term Loan,04/12/2022,6385000,33.42,0,Current,0,0.01,63850
GHA-LN-14516,Meridian Credit Bank,Construction,SME Asset Financing,20/03/2024,6941000,28.78,0,Current,0,0.01,69410
GHA-LN-14517,Savannah National Bank,Manufacturing,Term Loan,22/01/2024,192000,34.2,0,Current,0,0.01,1920
GHA-LN-14518,Beacon Trust Bank,Construction,Overdraft,14/08/2022,2557000,30.94,0,Current,0,0.01,25570
GHA-LN-14519,Savannah National Bank,Services,Term Loan,09/01/2026,6699000,36.93,0,Current,0,0.01,66990
GHA-LN-14520,Zenith Frontier Bank,Manufacturing,Overdraft,28/07/2023,1908000,30.34,0,Current,0,0.01,19080
GHA-LN-14521,Alpha Bank Ghana,Manufacturing,Overdraft,10/07/2023,2781000,30.31,0,Current,0,0.01,27810
GHA-LN-14522,Zenith Frontier Bank,Commerce & Finance,Term Loan,20/04/2022,5786000,28.22,15,Current,0,0.01,57860
GHA-LN-14523,Beacon Trust Bank,Services,SME Asset Financing,20/10/2022,3225000,27.92,15,Current,0,0.01,32250
GHA-LN-14524,Alpha Bank Ghana,Unclassified,Overdraft,20/03/2025,6385000,34.65,0,Current,0,0.01,63850
GHA-LN-14525,Meridian Credit Bank,Services,SME Asset Financing,29/01/2025,5616000,26.61,0,Current,0,0.01,56160
GHA-LN-14526,Beacon Trust Bank,Services,SME Asset Financing,16/08/2025,2898000,27.16,0,Current,0,0.01,28980
GHA-LN-14527,Alpha Bank Ghana,Services,Term Loan,09/02/2026,6398000,29.87,0,Current,0,0.01,63980
GHA-LN-14528,Alpha Bank Ghana,Manufacturing,Syndicated Loan,15/03/2023,655000,29.76,0,Current,0,0.01,6550
GHA-LN-14529,Zenith Frontier Bank,Services,Syndicated Loan,09/09/2024,1624000,28.85,0,Current,0,0.01,16240
GHA-LN-14530,Beacon Trust Bank,Services,Syndicated Loan,08/12/2025,1780000,26.38,0,Current,0,0.01,17800
GHA-LN-14531,Zenith Frontier Bank,Services,SME Asset Financing,11/08/2024,2913000,33.8,0,Current,0,0.01,29130
GHA-LN-14532,Beacon Trust Bank,Commerce & Finance,Syndicated Loan,07/10/2022,2561000,37.94,15,Current,0,0.01,25610
GHA-LN-14533,Alpha Bank Ghana,Manufacturing,Overdraft,24/09/2023,6385000,35.46,0,Current,0,0.01,63850
GHA-LN-14534,Zenith Frontier Bank,Commerce & Finance,SME Asset Financing,10/06/2024,4590000,34.63,0,Current,0,0.01,45900
GHA-LN-14535,Meridian Credit Bank,Agriculture,Overdraft,26/05/2023,3219000,35.59,45,Other Loans Especially Mentioned (OLEM),0,NA,NA
GHA-LN-14536,Alpha Bank Ghana,Construction,SME Asset Financing,03/05/2023,5093000,32.92,0,Current,0,0.01,50930
GHA-LN-14537,Meridian Credit Bank,Commerce & Finance,Term Loan,20/08/2024,4169000,31.43,0,Current,0,0.01,41690
GHA-LN-14538,Meridian Credit Bank,Manufacturing,Overdraft,22/01/2024,4450000,35.63,0,Current,0,0.01,44500
GHA-LN-14539,Meridian Credit Bank,Agriculture,SME Asset Financing,05/05/2024,1275000,29.27,0,Current,0,0.01,12750
GHA-LN-14540,Alpha Bank Ghana,Agriculture,Overdraft,29/01/2023,4728000,35.97,0,Current,0,0.01,47280
GHA-LN-14541,Meridian Credit Bank,Manufacturing,SME Asset Financing,31/08/2024,2965000,26.13,120,Substandard,1,0.2,593000
GHA-LN-14542,Beacon Trust Bank,Services,Syndicated Loan,17/01/2025,758000,27.68,0,Current,0,0.01,7580
GHA-LN-14543,Alpha Bank Ghana,Commerce & Finance,SME Asset Financing,07/05/2022,3474000,34.59,0,Current,0,0.01,34740
GHA-LN-14544,Meridian Credit Bank,Manufacturing,SME Asset Financing,22/06/2023,7071000,34.7,0,Current,0,0.01,70710
GHA-LN-14545,Zenith Frontier Bank,Services,SME Asset Financing,27/07/2025,2788000,31.03,0,Current,0,0.01,27880
GHA-LN-14546,Meridian Credit Bank,Agriculture,Syndicated Loan,07/11/2024,199000,31.84,0,Current,0,0.01,1990
GHA-LN-14547,Savannah National Bank,Agriculture,SME Asset Financing,18/10/2025,3571000,34.37,0,Current,0,0.01,35710
GHA-LN-14548,Alpha Bank Ghana,Manufacturing,SME Asset Financing,13/04/2025,475000,32.84,0,Current,0,0.01,4750
GHA-LN-14549,Savannah National Bank,Agriculture,Overdraft,29/01/2022,4484000,28.67,45,Other Loans Especially Mentioned (OLEM),0,NA,NA
GHA-LN-14550,Alpha Bank Ghana,Services,Term Loan,07/03/2023,310000,26.78,0,Current,0,0.01,3100
GHA-LN-14551,Zenith Frontier Bank,Manufacturing,Overdraft,31/03/2025,1746000,36.67,0,Current,0,0.01,17460
GHA-LN-14552,Zenith Frontier Bank,Services,Syndicated Loan,23/04/2023,6091000,33.73,0,Current,0,0.01,60910
GHA-LN-14553,Meridian Credit Bank,Services,Term Loan,29/08/2025,6968000,34.87,75,Other Loans Especially Mentioned (OLEM),0,NA,NA
GHA-LN-14554,Zenith Frontier Bank,Services,SME Asset Financing,25/01/2022,3457000,30.68,0,Current,0,0.01,34570
GHA-LN-14555,Savannah National Bank,Commerce & Finance,Overdraft,28/03/2025,2775000,35.92,0,Current,0,0.01,27750
GHA-LN-14556,Savannah National Bank,Construction,Syndicated Loan,28/01/2025,5566000,37.53,15,Current,0,0.01,55660
GHA-LN-14557,Meridian Credit Bank,Commerce & Finance,Overdraft,08/05/2024,5444000,26.01,0,Current,0,0.01,54440
GHA-LN-14558,Zenith Frontier Bank,Services,Term Loan,08/02/2022,3146000,29.32,15,Current,0,0.01,31460
GHA-LN-14559,Alpha Bank Ghana,Construction,Overdraft,14/09/2025,2175000,36.91,15,Current,0,0.01,21750
GHA-LN-14560,Meridian Credit Bank,Agriculture,Term Loan,09/11/2023,702000,35.12,15,Current,0,0.01,7020
GHA-LN-14561,Alpha Bank Ghana,Manufacturing,Syndicated Loan,24/06/2022,2060000,34.46,15,Current,0,0.01,20600
GHA-LN-14562,Alpha Bank Ghana,Commerce & Finance,Term Loan,19/03/2024,2852000,32.99,210,Doubtful,1,0.5,1426000
GHA-LN-14563,Beacon Trust Bank,Construction,Term Loan,11/12/2022,1029000,32.49,0,Current,0,0.01,10290
GHA-LN-14564,Meridian Credit Bank,Manufacturing,Syndicated Loan,28/01/2025,1098000,26.21,75,Other Loans Especially Mentioned (OLEM),0,NA,NA
GHA-LN-14565,Zenith Frontier Bank,Agriculture,Term Loan,03/07/2023,1635000,31.29,0,Current,0,0.01,16350
GHA-LN-14566,Alpha Bank Ghana,Agriculture,SME Asset Financing,21/11/2024,5444000,35,0,Current,0,0.01,54440
GHA-LN-14567,Zenith Frontier Bank,Agriculture,Term Loan,23/01/2022,1963000,36.2,0,Current,0,0.01,19630
GHA-LN-14568,Meridian Credit Bank,Services,Overdraft,30/09/2022,1022000,33.89,120,Substandard,1,0.2,204400
GHA-LN-14569,Beacon Trust Bank,Services,Term Loan,11/09/2025,6290000,34.7,0,Current,0,0.01,62900
GHA-LN-14570,Zenith Frontier Bank,Mining,SME Asset Financing,05/07/2025,4704000,28.3,0,Current,0,0.01,47040
GHA-LN-14571,Beacon Trust Bank,Agriculture,Term Loan,05/02/2022,2365000,37.92,120,Substandard,1,0.2,473000
GHA-LN-14572,Alpha Bank Ghana,Manufacturing,Overdraft,26/11/2024,4851000,28.12,0,Current,0,0.01,48510
GHA-LN-14573,Meridian Credit Bank,Services,SME Asset Financing,03/02/2026,15630000,28.07,15,Current,0,0.01,156300
GHA-LN-14574,Meridian Credit Bank,Agriculture,SME Asset Financing,13/03/2023,5704000,26.25,45,Other Loans Especially Mentioned (OLEM),0,NA,NA
GHA-LN-14575,Beacon Trust Bank,Construction,Overdraft,04/03/2024,3411000,32.19,0,Current,0,0.01,34110
GHA-LN-14576,Beacon Trust Bank,Agriculture,Syndicated Loan,25/06/2022,2168000,29.51,0,Current,0,0.01,21680
GHA-LN-14577,Zenith Frontier Bank,Agriculture,SME Asset Financing,21/09/2022,4611000,28.2,0,Current,0,0.01,46110
GHA-LN-14578,Beacon Trust Bank,Commerce & Finance,Overdraft,28/12/2025,6249000,29.5,0,Current,0,0.01,62490
GHA-LN-14579,Alpha Bank Ghana,Manufacturing,Term Loan,01/02/2025,7415000,32.65,0,Current,0,0.01,74150
GHA-LN-14580,Alpha Bank Ghana,Commerce & Finance,SME Asset Financing,13/12/2022,778000,28.42,0,Current,0,0.01,7780
GHA-LN-14581,Beacon Trust Bank,Construction,Term Loan,15/06/2025,6518000,28.97,0,Current,0,0.01,65180
GHA-LN-14582,Alpha Bank Ghana,Commerce & Finance,SME Asset Financing,19/08/2024,4447000,27.14,15,Current,0,0.01,44470
GHA-LN-14583,Beacon Trust Bank,Commerce & Finance,Term Loan,06/01/2024,1296000,29.28,45,Other Loans Especially Mentioned (OLEM),0,NA,NA
GHA-LN-14584,Savannah National Bank,Unclassified,Overdraft,06/11/2025,2082000,29.37,0,Current,0,0.01,20820
GHA-LN-14585,Savannah National Bank,Services,SME Asset Financing,17/06/2022,4393000,37.34,0,Current,0,0.01,43930
GHA-LN-14586,Savannah National Bank,Services,Term Loan,18/02/2023,1929000,26.86,0,Current,0,0.01,19290
GHA-LN-14587,Beacon Trust Bank,Unclassified,Syndicated Loan,18/11/2022,4294000,29.61,15,Current,0,0.01,42940
GHA-LN-14588,Beacon Trust Bank,Commerce & Finance,Overdraft,13/11/2024,4646000,27.02,0,Current,0,0.01,46460
GHA-LN-14589,Beacon Trust Bank,Manufacturing,Syndicated Loan,24/02/2025,6293000,31.42,0,Current,0,0.01,62930
GHA-LN-14590,Beacon Trust Bank,Agriculture,Syndicated Loan,05/01/2024,3385000,26.95,15,Current,0,0.01,33850
GHA-LN-14591,Alpha Bank Ghana,Commerce & Finance,Term Loan,13/02/2022,4045000,32.02,0,Current,0,0.01,40450
GHA-LN-14592,Savannah National Bank,Commerce & Finance,Term Loan,05/05/2023,5237000,33.02,120,Substandard,1,0.2,1047400
GHA-LN-14593,Alpha Bank Ghana,Services,Syndicated Loan,09/11/2025,645000,32.53,0,Current,0,0.01,6450
GHA-LN-14594,Meridian Credit Bank,Agriculture,Syndicated Loan,07/10/2022,1289000,31.67,75,Other Loans Especially Mentioned (OLEM),0,NA,NA
GHA-LN-14595,Savannah National Bank,Services,Overdraft,16/08/2022,1984000,26.64,45,Other Loans Especially Mentioned (OLEM),0,NA,NA
GHA-LN-14596,Beacon Trust Bank,Services,Overdraft,11/01/2025,7334000,27.01,210,Doubtful,1,0.5,3667000
GHA-LN-14597,Zenith Frontier Bank,Services,SME Asset Financing,27/07/2022,484000,35.14,0,Current,0,0.01,4840
GHA-LN-14598,Zenith Frontier Bank,Construction,Term Loan,03/01/2025,5969000,27.33,0,Current,0,0.01,59690
GHA-LN-14599,Alpha Bank Ghana,Commerce & Finance,Syndicated Loan,07/07/2022,634000,31.08,0,Current,0,0.01,6340
GHA-LN-14600,Alpha Bank Ghana,Services,Syndicated Loan,11/11/2022,1846000,26.44,0,Current,0,0.01,18460
GHA-LN-14601,Beacon Trust Bank,Commerce & Finance,SME Asset Financing,10/01/2023,6788000,26.06,15,Current,0,0.01,67880
GHA-LN-14602,Meridian Credit Bank,Agriculture,Overdraft,18/01/2023,4844000,32.44,0,Current,0,0.01,48440
GHA-LN-14603,Alpha Bank Ghana,Services,Term Loan,04/03/2025,6449000,31.82,0,Current,0,0.01,64490
GHA-LN-14604,Beacon Trust Bank,Agriculture,SME Asset Financing,22/06/2022,1840000,27.93,0,Current,0,0.01,18400
GHA-LN-14605,Beacon Trust Bank,Agriculture,SME Asset Financing,09/11/2025,2778000,35.86,0,Current,0,0.01,27780
GHA-LN-14606,Alpha Bank Ghana,Services,Overdraft,21/10/2022,3109000,36.6,210,Doubtful,1,0.5,1554500
GHA-LN-14607,Beacon Trust Bank,Agriculture,Overdraft,30/08/2025,5123000,37.09,0,Current,0,0.01,51230
GHA-LN-14608,Savannah National Bank,Construction,SME Asset Financing,06/06/2022,3432000,37,0,Current,0,0.01,34320
GHA-LN-14609,Savannah National Bank,Services,Syndicated Loan,19/02/2023,3945000,36.48,0,Current,0,0.01,39450
GHA-LN-14610,Alpha Bank Ghana,Services,Overdraft,26/08/2025,5370000,30.58,0,Current,0,0.01,53700
GHA-LN-14611,Zenith Frontier Bank,Construction,Overdraft,12/07/2025,4155000,32.24,0,Current,0,0.01,41550
GHA-LN-14612,Alpha Bank Ghana,Manufacturing,Syndicated Loan,14/11/2024,28650000,31.76,15,Current,0,0.01,286500
GHA-LN-14613,Meridian Credit Bank,Agriculture,Term Loan,22/03/2025,6809000,34.54,15,Current,0,0.01,68090
GHA-LN-14614,Alpha Bank Ghana,Services,Syndicated Loan,31/07/2025,1047000,26.66,15,Current,0,0.01,10470
GHA-LN-14615,Meridian Credit Bank,Commerce & Finance,Syndicated Loan,04/10/2025,3911000,27.69,0,Current,0,0.01,39110
GHA-LN-14616,Beacon Trust Bank,Commerce & Finance,Term Loan,29/10/2023,6036000,36.98,45,Other Loans Especially Mentioned (OLEM),0,NA,NA
GHA-LN-14617,Savannah National Bank,Services,Term Loan,22/12/2025,3160000,28.31,0,Current,0,0.01,31600
GHA-LN-14618,Zenith Frontier Bank,Services,SME Asset Financing,11/06/2024,4387000,32.92,15,Current,0,0.01,43870
GHA-LN-14619,Zenith Frontier Bank,Manufacturing,Term Loan,27/01/2024,2568000,26.5,0,Current,0,0.01,25680
GHA-LN-14620,Beacon Trust Bank,Mining,SME Asset Financing,25/06/2022,4014000,34.25,0,Current,0,0.01,40140
GHA-LN-14621,Savannah National Bank,Construction,Overdraft,30/08/2025,5489000,33.28,45,Other Loans Especially Mentioned (OLEM),0,NA,NA
GHA-LN-14622,Alpha Bank Ghana,Construction,Overdraft,22/03/2022,291000,30.07,0,Current,0,0.01,2910
GHA-LN-14623,Zenith Frontier Bank,Services,Overdraft,07/04/2022,5716000,33.57,0,Current,0,0.01,57160
GHA-LN-14624,Alpha Bank Ghana,Construction,Term Loan,07/05/2023,6307000,31.5,0,Current,0,0.01,63070
GHA-LN-14625,Savannah National Bank,Manufacturing,Overdraft,21/11/2024,3637000,33.96,0,Current,0,0.01,36370
GHA-LN-14626,Meridian Credit Bank,Commerce & Finance,SME Asset Financing,19/10/2024,1655000,28.74,0,Current,0,0.01,16550
GHA-LN-14627,Savannah National Bank,Manufacturing,Term Loan,25/05/2023,2402000,28.21,0,Current,0,0.01,24020
GHA-LN-14628,Meridian Credit Bank,Commerce & Finance,Overdraft,20/04/2025,3713000,27.04,0,Current,0,0.01,37130
GHA-LN-14629,Meridian Credit Bank,Services,SME Asset Financing,02/08/2025,3043000,27.14,0,Current,0,0.01,30430
GHA-LN-14630,Meridian Credit Bank,Mining,SME Asset Financing,28/01/2024,627000,27.91,0,Current,0,0.01,6270
GHA-LN-14631,Savannah National Bank,Commerce & Finance,SME Asset Financing,08/08/2024,4441000,29.09,0,Current,0,0.01,44410
GHA-LN-14632,Savannah National Bank,Commerce & Finance,Overdraft,17/05/2025,434000,29.58,0,Current,0,0.01,4340
GHA-LN-14633,Beacon Trust Bank,Construction,Overdraft,15/04/2023,2475000,35.91,0,Current,0,0.01,24750
GHA-LN-14634,Beacon Trust Bank,Agriculture,Syndicated Loan,23/07/2025,1073000,30.88,0,Current,0,0.01,10730
GHA-LN-14635,Zenith Frontier Bank,Unclassified,SME Asset Financing,15/11/2023,5135000,32.13,0,Current,0,0.01,51350
GHA-LN-14636,Alpha Bank Ghana,Construction,Term Loan,20/02/2025,2455000,27.85,15,Current,0,0.01,24550
GHA-LN-14637,Beacon Trust Bank,Construction,SME Asset Financing,12/08/2025,6745000,30.07,0,Current,0,0.01,67450
GHA-LN-14638,Beacon Trust Bank,Manufacturing,Overdraft,20/04/2022,5960000,27.98,45,Other Loans Especially Mentioned (OLEM),0,NA,NA
GHA-LN-14639,Meridian Credit Bank,Services,SME Asset Financing,13/11/2022,4681000,27.77,0,Current,0,0.01,46810
GHA-LN-14640,Savannah National Bank,Services,Syndicated Loan,21/06/2022,4160000,31.56,0,Current,0,0.01,41600
GHA-LN-14641,Beacon Trust Bank,Mining,Syndicated Loan,19/02/2022,1449000,32.73,0,Current,0,0.01,14490
GHA-LN-14642,Alpha Bank Ghana,Manufacturing,Syndicated Loan,14/09/2023,1143000,37.39,0,Current,0,0.01,11430
GHA-LN-14643,Beacon Trust Bank,Construction,SME Asset Financing,14/04/2024,5729000,32.18,0,Current,0,0.01,57290
GHA-LN-14644,Beacon Trust Bank,Commerce & Finance,SME Asset Financing,29/06/2024,5785000,27.22,0,Current,0,0.01,57850
GHA-LN-14645,Zenith Frontier Bank,Agriculture,Syndicated Loan,21/09/2025,4330000,31.92,0,Current,0,0.01,43300
GHA-LN-14646,Savannah National Bank,Construction,Overdraft,24/02/2024,6417000,35.52,0,Current,0,0.01,64170
GHA-LN-14647,Beacon Trust Bank,Manufacturing,SME Asset Financing,18/01/2025,6425000,36.81,0,Current,0,0.01,64250
GHA-LN-14648,Savannah National Bank,Commerce & Finance,SME Asset Financing,08/08/2022,4486000,31.4,0,Current,0,0.01,44860
GHA-LN-14649,Beacon Trust Bank,Commerce & Finance,Overdraft,26/04/2024,2995000,31.61,0,Current,0,0.01,29950
GHA-LN-14650,Zenith Frontier Bank,Manufacturing,Term Loan,25/07/2025,1094000,37.2,0,Current,0,0.01,10940
GHA-LN-14651,Beacon Trust Bank,Agriculture,Term Loan,06/02/2022,633000,32.56,45,Other Loans Especially Mentioned (OLEM),0,NA,NA
GHA-LN-14652,Alpha Bank Ghana,Agriculture,Overdraft,02/05/2022,5017000,32.76,120,Substandard,1,0.2,1003400
GHA-LN-14653,Meridian Credit Bank,Commerce & Finance,Syndicated Loan,06/02/2025,1126000,27.22,0,Current,0,0.01,11260
GHA-LN-14654,Meridian Credit Bank,Unclassified,Overdraft,06/08/2023,2353000,28.74,75,Other Loans Especially Mentioned (OLEM),0,NA,NA
GHA-LN-14655,Savannah National Bank,Commerce & Finance,Overdraft,06/04/2023,4257000,32.06,45,Other Loans Especially Mentioned (OLEM),0,NA,NA
GHA-LN-14656,Beacon Trust Bank,Commerce & Finance,Overdraft,30/07/2024,3493000,33.31,0,Current,0,0.01,34930
GHA-LN-14657,Beacon Trust Bank,Services,Overdraft,25/01/2023,6426000,33.23,0,Current,0,0.01,64260
GHA-LN-14658,Zenith Frontier Bank,Commerce & Finance,Syndicated Loan,14/12/2024,7278000,26.36,0,Current,0,0.01,72780
GHA-LN-14659,Zenith Frontier Bank,Mining,Syndicated Loan,02/11/2024,1312000,36.64,0,Current,0,0.01,13120
GHA-LN-14660,Beacon Trust Bank,Agriculture,SME Asset Financing,26/09/2023,5002000,35.74,0,Current,0,0.01,50020
GHA-LN-14661,Meridian Credit Bank,Commerce & Finance,Syndicated Loan,16/05/2024,4138000,28.54,0,Current,0,0.01,41380
GHA-LN-14662,Alpha Bank Ghana,Agriculture,Syndicated Loan,01/11/2022,7312000,34.27,45,Other Loans Especially Mentioned (OLEM),0,NA,NA
GHA-LN-14663,Alpha Bank Ghana,Commerce & Finance,Overdraft,04/08/2023,6266000,30.7,0,Current,0,0.01,62660
GHA-LN-14664,Zenith Frontier Bank,Services,Overdraft,14/02/2025,3483000,37.09,0,Current,0,0.01,34830
GHA-LN-14665,Savannah National Bank,Agriculture,Syndicated Loan,20/11/2022,2751000,37.95,45,Other Loans Especially Mentioned (OLEM),0,NA,NA
GHA-LN-14666,Beacon Trust Bank,Manufacturing,Term Loan,27/07/2022,477000,33.9,0,Current,0,0.01,4770
GHA-LN-14667,Alpha Bank Ghana,Services,Overdraft,28/01/2025,2240000,28.4,75,Other Loans Especially Mentioned (OLEM),0,NA,NA
GHA-LN-14668,Savannah National Bank,Commerce & Finance,Syndicated Loan,07/06/2023,4045000,27.5,0,Current,0,0.01,40450
GHA-LN-14669,Zenith Frontier Bank,Agriculture,Overdraft,01/03/2025,5179000,29.77,120,Substandard,1,0.2,1035800
GHA-LN-14670,Zenith Frontier Bank,Services,Overdraft,15/02/2024,3143000,26.68,0,Current,0,0.01,31430
GHA-LN-14671,Savannah National Bank,Agriculture,Term Loan,25/06/2022,2168000,30.15,0,Current,0,0.01,21680
GHA-LN-14672,Meridian Credit Bank,Commerce & Finance,Syndicated Loan,17/06/2024,6964000,27.33,75,Other Loans Especially Mentioned (OLEM),0,NA,NA
GHA-LN-14673,Savannah National Bank,Mining,Term Loan,14/02/2025,221000,32.36,0,Current,0,0.01,2210
GHA-LN-14674,Meridian Credit Bank,Mining,Term Loan,20/01/2022,1125000,35.44,0,Current,0,0.01,11250
GHA-LN-14675,Zenith Frontier Bank,Construction,SME Asset Financing,26/12/2025,5360000,30.42,45,Other Loans Especially Mentioned (OLEM),0,NA,NA
GHA-LN-14676,Alpha Bank Ghana,Construction,SME Asset Financing,25/12/2024,2750000,28.84,0,Current,0,0.01,27500
GHA-LN-14677,Alpha Bank Ghana,Commerce & Finance,Term Loan,09/08/2022,3235000,34.21,0,Current,0,0.01,32350
GHA-LN-14678,Meridian Credit Bank,Commerce & Finance,SME Asset Financing,25/02/2024,4816000,31.09,0,Current,0,0.01,48160
GHA-LN-14679,Alpha Bank Ghana,Commerce & Finance,Syndicated Loan,08/11/2024,967000,29.56,0,Current,0,0.01,9670
GHA-LN-14680,Alpha Bank Ghana,Manufacturing,SME Asset Financing,08/05/2022,3145000,26.06,0,Current,0,0.01,31450
GHA-LN-14681,Savannah National Bank,Commerce & Finance,Overdraft,15/04/2023,2313000,35.94,0,Current,0,0.01,23130
GHA-LN-14682,Zenith Frontier Bank,Mining,Overdraft,03/10/2024,1103000,31.79,0,Current,0,0.01,11030
GHA-LN-14683,Meridian Credit Bank,Commerce & Finance,Syndicated Loan,18/10/2023,431000,33.09,0,Current,0,0.01,4310
GHA-LN-14684,Meridian Credit Bank,Services,Term Loan,13/09/2023,2652000,31.27,15,Current,0,0.01,26520
GHA-LN-14685,Beacon Trust Bank,Commerce & Finance,Overdraft,17/05/2022,986000,27.19,0,Current,0,0.01,9860
GHA-LN-14686,Beacon Trust Bank,Agriculture,SME Asset Financing,10/04/2024,3350000,27.86,45,Other Loans Especially Mentioned (OLEM),0,NA,NA
GHA-LN-14687,Savannah National Bank,Services,Term Loan,25/11/2022,5020000,28.22,0,Current,0,0.01,50200
GHA-LN-14688,Alpha Bank Ghana,Commerce & Finance,Syndicated Loan,17/04/2022,5050000,31.77,0,Current,0,0.01,50500
GHA-LN-14689,Savannah National Bank,Commerce & Finance,Overdraft,01/04/2024,3580000,31.83,15,Current,0,0.01,35800
GHA-LN-14690,Alpha Bank Ghana,Commerce & Finance,Overdraft,01/03/2024,6131000,28.53,0,Current,0,0.01,61310
GHA-LN-14691,Beacon Trust Bank,Commerce & Finance,SME Asset Financing,04/12/2025,3495000,27.54,210,Doubtful,1,0.5,1747500
GHA-LN-14692,Zenith Frontier Bank,Services,Overdraft,07/03/2025,6527000,28.88,15,Current,0,0.01,65270
GHA-LN-14693,Alpha Bank Ghana,Commerce & Finance,Overdraft,26/08/2023,1725000,32.94,0,Current,0,0.01,17250
GHA-LN-14694,Meridian Credit Bank,Agriculture,SME Asset Financing,05/08/2025,4075000,33.41,45,Other Loans Especially Mentioned (OLEM),0,NA,NA
GHA-LN-14695,Meridian Credit Bank,Commerce & Finance,Term Loan,08/07/2023,4602000,31.06,120,Substandard,1,0.2,920400
GHA-LN-14696,Alpha Bank Ghana,Mining,Term Loan,04/03/2022,1662000,33.74,0,Current,0,0.01,16620
GHA-LN-14697,Zenith Frontier Bank,Services,Term Loan,29/12/2024,3907000,35.09,0,Current,0,0.01,39070
GHA-LN-14698,Alpha Bank Ghana,Services,SME Asset Financing,26/01/2025,5108000,27.36,0,Current,0,0.01,51080
GHA-LN-14699,Alpha Bank Ghana,Commerce & Finance,Term Loan,01/01/2024,7207000,37.8,0,Current,0,0.01,72070
GHA-LN-14700,Beacon Trust Bank,Unclassified,Term Loan,11/07/2024,829000,30.35,210,Doubtful,1,0.5,414500
GHA-LN-14701,Savannah National Bank,Agriculture,Term Loan,09/10/2024,959000,37.38,0,Current,0,0.01,9590
GHA-LN-14702,Zenith Frontier Bank,Manufacturing,Syndicated Loan,06/07/2025,3716000,35.28,0,Current,0,0.01,37160
GHA-LN-14703,Savannah National Bank,Services,Term Loan,06/02/2026,3907000,36.65,0,Current,0,0.01,39070
GHA-LN-14704,Beacon Trust Bank,Services,Syndicated Loan,07/02/2024,5494000,26.69,0,Current,0,0.01,54940
GHA-LN-14705,Beacon Trust Bank,Construction,Syndicated Loan,06/01/2023,4012000,29.63,120,Substandard,1,0.2,802400
GHA-LN-14706,Beacon Trust Bank,Services,Syndicated Loan,14/05/2022,2573000,27.43,0,Current,0,0.01,25730
GHA-LN-14707,Zenith Frontier Bank,Construction,Term Loan,16/02/2026,7482000,33.59,0,Current,0,0.01,74820
GHA-LN-14708,Savannah National Bank,Mining,Overdraft,29/05/2022,141000,33.42,0,Current,0,0.01,1410
GHA-LN-14709,Zenith Frontier Bank,Construction,Syndicated Loan,28/09/2024,5606000,36.7,0,Current,0,0.01,56060
GHA-LN-14710,Beacon Trust Bank,Commerce & Finance,Overdraft,10/02/2025,7430000,36.85,75,Other Loans Especially Mentioned (OLEM),0,NA,NA
GHA-LN-14711,Beacon Trust Bank,Services,Overdraft,16/07/2023,4570000,26.93,15,Current,0,0.01,45700
GHA-LN-14712,Beacon Trust Bank,Commerce & Finance,Syndicated Loan,08/02/2024,6066000,26.76,45,Other Loans Especially Mentioned (OLEM),0,NA,NA
GHA-LN-14713,Beacon Trust Bank,Services,Term Loan,04/02/2026,5860000,35.81,0,Current,0,0.01,58600
GHA-LN-14714,Savannah National Bank,Services,Overdraft,26/07/2022,4895000,35.79,0,Current,0,0.01,48950
GHA-LN-14715,Meridian Credit Bank,Commerce & Finance,SME Asset Financing,17/12/2025,1346000,28.24,15,Current,0,0.01,13460
GHA-LN-14716,Beacon Trust Bank,Services,Overdraft,23/12/2023,4476000,26.71,45,Other Loans Especially Mentioned (OLEM),0,NA,NA
GHA-LN-14717,Zenith Frontier Bank,Construction,SME Asset Financing,20/07/2024,3643000,30.9,0,Current,0,0.01,36430
GHA-LN-14718,Zenith Frontier Bank,Services,SME Asset Financing,18/01/2024,4017000,36.74,0,Current,0,0.01,40170
GHA-LN-14719,Beacon Trust Bank,Commerce & Finance,Overdraft,10/04/2022,6512000,36.44,120,Substandard,1,0.2,1302400
GHA-LN-14720,Zenith Frontier Bank,Commerce & Finance,SME Asset Financing,25/09/2022,2960000,31.19,120,Substandard,1,0.2,592000
GHA-LN-14721,Beacon Trust Bank,Construction,SME Asset Financing,02/08/2025,4213000,28.58,0,Current,0,0.01,42130
GHA-LN-14722,Beacon Trust Bank,Commerce & Finance,Syndicated Loan,14/03/2024,4179000,28.82,0,Current,0,0.01,41790
GHA-LN-14723,Meridian Credit Bank,Services,Overdraft,08/11/2024,211000,31.04,0,Current,0,0.01,2110
GHA-LN-14724,Meridian Credit Bank,Services,Term Loan,12/10/2024,4341000,28.74,0,Current,0,0.01,43410
GHA-LN-14725,Alpha Bank Ghana,Commerce & Finance,SME Asset Financing,17/06/2023,5647000,26.68,0,Current,0,0.01,56470
GHA-LN-14726,Savannah National Bank,Commerce & Finance,Syndicated Loan,03/07/2023,972000,36.52,45,Other Loans Especially Mentioned (OLEM),0,NA,NA
GHA-LN-14727,Beacon Trust Bank,Commerce & Finance,SME Asset Financing,23/01/2023,3431000,31.48,0,Current,0,0.01,34310
GHA-LN-14728,Alpha Bank Ghana,Agriculture,Overdraft,02/08/2025,3480000,31.89,0,Current,0,0.01,34800
GHA-LN-14729,Meridian Credit Bank,Manufacturing,Overdraft,06/06/2024,1254000,37.17,45,Other Loans Especially Mentioned (OLEM),0,NA,NA
GHA-LN-14730,Zenith Frontier Bank,Services,SME Asset Financing,27/06/2024,6498000,37.92,0,Current,0,0.01,64980
GHA-LN-14731,Meridian Credit Bank,Commerce & Finance,Overdraft,21/02/2022,6158000,28.62,0,Current,0,0.01,61580
GHA-LN-14732,Beacon Trust Bank,Unclassified,Overdraft,22/05/2023,3980000,28.58,15,Current,0,0.01,39800
GHA-LN-14733,Alpha Bank Ghana,Construction,Term Loan,27/10/2025,6389000,28.31,0,Current,0,0.01,63890
GHA-LN-14734,Savannah National Bank,Agriculture,Overdraft,28/07/2023,403000,33.28,15,Current,0,0.01,4030
GHA-LN-14735,Beacon Trust Bank,Commerce & Finance,SME Asset Financing,02/01/2026,4391000,29.58,0,Current,0,0.01,43910
GHA-LN-14736,Beacon Trust Bank,Mining,Term Loan,29/04/2023,4134000,34.2,0,Current,0,0.01,41340
GHA-LN-14737,Beacon Trust Bank,Services,Syndicated Loan,09/12/2023,2486000,34.91,0,Current,0,0.01,24860
GHA-LN-14738,Savannah National Bank,Manufacturing,Term Loan,05/12/2023,3830000,31.66,120,Substandard,1,0.2,766000
GHA-LN-14739,Meridian Credit Bank,Commerce & Finance,Overdraft,22/02/2025,5442000,29.25,0,Current,0,0.01,54420
GHA-LN-14740,Savannah National Bank,Services,Syndicated Loan,20/11/2022,6450000,30.93,75,Other Loans Especially Mentioned (OLEM),0,NA,NA
GHA-LN-14741,Zenith Frontier Bank,Commerce & Finance,Syndicated Loan,24/10/2024,6713000,27.12,0,Current,0,0.01,67130
GHA-LN-14742,Beacon Trust Bank,Services,SME Asset Financing,07/01/2025,2913000,31.57,0,Current,0,0.01,29130
GHA-LN-14743,Alpha Bank Ghana,Commerce & Finance,Term Loan,25/09/2025,2963000,31.31,0,Current,0,0.01,29630
GHA-LN-14744,Alpha Bank Ghana,Commerce & Finance,Overdraft,01/04/2024,1186000,31.2,210,Doubtful,1,0.5,593000
GHA-LN-14745,Zenith Frontier Bank,Commerce & Finance,Term Loan,23/04/2025,5025000,32.23,0,Current,0,0.01,50250
GHA-LN-14746,Meridian Credit Bank,Construction,Term Loan,15/06/2024,373000,31.05,0,Current,0,0.01,3730
GHA-LN-14747,Savannah National Bank,Services,Overdraft,05/08/2024,3685000,32.51,0,Current,0,0.01,36850
GHA-LN-14748,Zenith Frontier Bank,Manufacturing,Term Loan,02/08/2022,3735000,33.33,75,Other Loans Especially Mentioned (OLEM),0,NA,NA
GHA-LN-14749,Savannah National Bank,Manufacturing,SME Asset Financing,08/10/2023,6637000,35.63,75,Other Loans Especially Mentioned (OLEM),0,NA,NA
GHA-LN-14750,Meridian Credit Bank,Manufacturing,Term Loan,22/12/2023,7456000,34.86,0,Current,0,0.01,74560
GHA-LN-14751,Savannah National Bank,Commerce & Finance,Syndicated Loan,12/05/2024,4548000,35.55,15,Current,0,0.01,45480
GHA-LN-14752,Meridian Credit Bank,Services,Overdraft,24/06/2023,536000,29.6,0,Current,0,0.01,5360
GHA-LN-14753,Beacon Trust Bank,Construction,SME Asset Financing,14/04/2024,7275000,30.46,0,Current,0,0.01,72750
GHA-LN-14754,Beacon Trust Bank,Manufacturing,Term Loan,15/09/2024,2461000,31.78,0,Current,0,0.01,24610
GHA-LN-14755,Beacon Trust Bank,Commerce & Finance,SME Asset Financing,12/08/2024,3850000,30.29,0,Current,0,0.01,38500
GHA-LN-14756,Meridian Credit Bank,Services,Overdraft,25/09/2022,3559000,34.09,0,Current,0,0.01,35590
GHA-LN-14757,Alpha Bank Ghana,Manufacturing,SME Asset Financing,22/06/2025,6778000,29.6,0,Current,0,0.01,67780
GHA-LN-14758,Beacon Trust Bank,Services,Syndicated Loan,11/08/2025,6639000,29.23,0,Current,0,0.01,66390
GHA-LN-14759,Zenith Frontier Bank,Services,Term Loan,18/03/2022,4077000,31.68,0,Current,0,0.01,40770
GHA-LN-14760,Savannah National Bank,Commerce & Finance,Syndicated Loan,23/09/2022,3913000,32.53,0,Current,0,0.01,39130
GHA-LN-14761,Meridian Credit Bank,Mining,Syndicated Loan,28/05/2024,3402000,36.04,0,Current,0,0.01,34020
GHA-LN-14762,Beacon Trust Bank,Services,Term Loan,28/08/2022,2100000,34.36,0,Current,0,0.01,21000
GHA-LN-14763,Beacon Trust Bank,Services,Term Loan,01/10/2022,2743000,33.19,0,Current,0,0.01,27430
GHA-LN-14764,Beacon Trust Bank,Construction,SME Asset Financing,04/11/2024,2890000,30.26,0,Current,0,0.01,28900
GHA-LN-14765,Beacon Trust Bank,Unclassified,SME Asset Financing,12/11/2023,2966000,32.02,75,Other Loans Especially Mentioned (OLEM),0,NA,NA
GHA-LN-14766,Zenith Frontier Bank,Construction,Term Loan,15/04/2025,1213000,29.59,0,Current,0,0.01,12130
GHA-LN-14767,Alpha Bank Ghana,Construction,Term Loan,21/02/2024,586000,33.1,0,Current,0,0.01,5860
GHA-LN-14768,Alpha Bank Ghana,Services,SME Asset Financing,11/09/2024,2895000,32.39,0,Current,0,0.01,28950
GHA-LN-14769,Savannah National Bank,Services,Overdraft,22/11/2022,1432000,36.55,0,Current,0,0.01,14320
GHA-LN-14770,Zenith Frontier Bank,Agriculture,SME Asset Financing,13/11/2022,2837000,34.58,0,Current,0,0.01,28370
GHA-LN-14771,Alpha Bank Ghana,Construction,Term Loan,02/04/2023,4237000,29.95,0,Current,0,0.01,42370
GHA-LN-14772,Zenith Frontier Bank,Mining,SME Asset Financing,28/03/2024,6815000,27.08,0,Current,0,0.01,68150
GHA-LN-14773,Zenith Frontier Bank,Commerce & Finance,Term Loan,05/08/2022,2013000,36.38,0,Current,0,0.01,20130
GHA-LN-14774,Meridian Credit Bank,Commerce & Finance,SME Asset Financing,04/09/2024,4148000,27.99,15,Current,0,0.01,41480
GHA-LN-14775,Savannah National Bank,Agriculture,Syndicated Loan,27/03/2025,2913000,30.1,0,Current,0,0.01,29130
GHA-LN-14776,Zenith Frontier Bank,Commerce & Finance,Term Loan,29/01/2025,3978000,37.69,0,Current,0,0.01,39780
GHA-LN-14777,Alpha Bank Ghana,Construction,SME Asset Financing,02/12/2024,6973000,36.07,0,Current,0,0.01,69730
GHA-LN-14778,Zenith Frontier Bank,Services,Term Loan,19/02/2022,6968000,34.67,0,Current,0,0.01,69680
GHA-LN-14779,Alpha Bank Ghana,Services,Overdraft,07/06/2022,6111000,32.82,15,Current,0,0.01,61110
GHA-LN-14780,Beacon Trust Bank,Manufacturing,SME Asset Financing,19/06/2025,7285000,27.54,0,Current,0,0.01,72850
GHA-LN-14781,Meridian Credit Bank,Services,Term Loan,17/01/2022,346000,33.75,0,Current,0,0.01,3460
GHA-LN-14782,Savannah National Bank,Commerce & Finance,SME Asset Financing,26/05/2023,3318000,37.96,0,Current,0,0.01,33180
GHA-LN-14783,Meridian Credit Bank,Commerce & Finance,Overdraft,06/07/2023,6545000,32.49,15,Current,0,0.01,65450
GHA-LN-14784,Alpha Bank Ghana,Manufacturing,SME Asset Financing,22/11/2025,2776000,37.01,0,Current,0,0.01,27760
GHA-LN-14785,Savannah National Bank,Manufacturing,Term Loan,04/01/2025,801000,26.57,0,Current,0,0.01,8010
GHA-LN-14786,Beacon Trust Bank,Services,Syndicated Loan,18/08/2023,3811000,29.42,0,Current,0,0.01,38110
GHA-LN-14787,Savannah National Bank,Construction,SME Asset Financing,23/02/2025,3934000,26.76,0,Current,0,0.01,39340
GHA-LN-14788,Beacon Trust Bank,Agriculture,Syndicated Loan,19/11/2025,1918000,30.94,0,Current,0,0.01,19180
GHA-LN-14789,Beacon Trust Bank,Commerce & Finance,Syndicated Loan,10/01/2026,5744000,26.61,0,Current,0,0.01,57440
GHA-LN-14790,Zenith Frontier Bank,Services,SME Asset Financing,09/07/2023,7369000,32.64,0,Current,0,0.01,73690
GHA-LN-14791,Zenith Frontier Bank,Construction,Syndicated Loan,04/03/2023,1377000,31.33,0,Current,0,0.01,13770
GHA-LN-14792,Savannah National Bank,Commerce & Finance,Syndicated Loan,29/09/2023,5723000,36,0,Current,0,0.01,57230
GHA-LN-14793,Beacon Trust Bank,Construction,Syndicated Loan,08/12/2025,4270000,33.18,0,Current,0,0.01,42700
GHA-LN-14794,Alpha Bank Ghana,Manufacturing,Term Loan,31/12/2025,2178000,26.87,0,Current,0,0.01,21780
GHA-LN-14795,Zenith Frontier Bank,Mining,Syndicated Loan,29/07/2022,6298000,26.8,0,Current,0,0.01,62980
GHA-LN-14796,Beacon Trust Bank,Construction,SME Asset Financing,23/02/2024,2224000,35.42,120,Substandard,1,0.2,444800
GHA-LN-14797,Beacon Trust Bank,Commerce & Finance,Term Loan,24/06/2025,3665000,32.88,120,Substandard,1,0.2,733000
GHA-LN-14798,Meridian Credit Bank,Manufacturing,Syndicated Loan,29/09/2025,2329000,26.33,120,Substandard,1,0.2,465800
GHA-LN-14799,Beacon Trust Bank,Manufacturing,SME Asset Financing,02/12/2025,7345000,29.15,0,Current,0,0.01,73450
GHA-LN-14800,Alpha Bank Ghana,Construction,Overdraft,29/07/2024,6865000,28.23,0,Current,0,0.01,68650
GHA-LN-14801,Savannah National Bank,Commerce & Finance,Term Loan,30/09/2022,5374000,33.73,45,Other Loans Especially Mentioned (OLEM),0,NA,NA
GHA-LN-14802,Beacon Trust Bank,Commerce & Finance,Overdraft,27/04/2023,3445000,26.22,0,Current,0,0.01,34450
GHA-LN-14803,Zenith Frontier Bank,Manufacturing,SME Asset Financing,14/02/2022,3612000,32.22,0,Current,0,0.01,36120
GHA-LN-14804,Savannah National Bank,Manufacturing,Syndicated Loan,24/10/2025,361000,30.74,210,Doubtful,1,0.5,180500
GHA-LN-14805,Beacon Trust Bank,Construction,SME Asset Financing,21/06/2022,1744000,27.85,75,Other Loans Especially Mentioned (OLEM),0,NA,NA
GHA-LN-14806,Beacon Trust Bank,Services,SME Asset Financing,16/07/2024,1861000,26.87,0,Current,0,0.01,18610
GHA-LN-14807,Beacon Trust Bank,Agriculture,SME Asset Financing,11/10/2022,3967000,27.79,0,Current,0,0.01,39670
GHA-LN-14808,Savannah National Bank,Manufacturing,Term Loan,25/03/2022,1833000,33.17,0,Current,0,0.01,18330
GHA-LN-14809,Meridian Credit Bank,Commerce & Finance,Overdraft,22/06/2022,2202000,27.82,0,Current,0,0.01,22020
GHA-LN-14810,Savannah National Bank,Services,Term Loan,02/07/2023,7181000,37.81,0,Current,0,0.01,71810
GHA-LN-14811,Alpha Bank Ghana,Construction,Term Loan,26/03/2024,3170000,32.44,15,Current,0,0.01,31700
GHA-LN-14812,Alpha Bank Ghana,Construction,Term Loan,05/12/2023,3011000,37.52,0,Current,0,0.01,30110
GHA-LN-14813,Beacon Trust Bank,Services,Syndicated Loan,06/04/2023,4521000,28.59,0,Current,0,0.01,45210
GHA-LN-14814,Zenith Frontier Bank,Manufacturing,SME Asset Financing,26/05/2023,3361000,33.75,0,Current,0,0.01,33610
GHA-LN-14815,Beacon Trust Bank,Manufacturing,Term Loan,20/11/2023,7058000,33.54,0,Current,0,0.01,70580
GHA-LN-14816,Meridian Credit Bank,Services,Overdraft,30/10/2022,6928000,27.68,0,Current,0,0.01,69280
GHA-LN-14817,Zenith Frontier Bank,Agriculture,Syndicated Loan,10/12/2023,1503000,34.18,15,Current,0,0.01,15030
GHA-LN-14818,Savannah National Bank,Mining,SME Asset Financing,17/01/2026,246000,30.69,0,Current,0,0.01,2460
GHA-LN-14819,Savannah National Bank,Manufacturing,Term Loan,30/01/2025,4131000,29.62,45,Other Loans Especially Mentioned (OLEM),0,NA,NA
GHA-LN-14820,Savannah National Bank,Services,SME Asset Financing,03/02/2024,4599000,33.53,0,Current,0,0.01,45990
GHA-LN-14821,Savannah National Bank,Mining,Term Loan,20/06/2022,686000,33.38,120,Substandard,1,0.2,137200
GHA-LN-14822,Beacon Trust Bank,Commerce & Finance,Overdraft,25/02/2022,5683000,30.9,0,Current,0,0.01,56830
GHA-LN-14823,Zenith Frontier Bank,Commerce & Finance,Overdraft,06/04/2025,6008000,31.68,0,Current,0,0.01,60080
GHA-LN-14824,Alpha Bank Ghana,Services,SME Asset Financing,14/09/2022,3493000,27.66,0,Current,0,0.01,34930
GHA-LN-14825,Beacon Trust Bank,Agriculture,SME Asset Financing,15/06/2024,7244000,26.3,45,Other Loans Especially Mentioned (OLEM),0,NA,NA
GHA-LN-14826,Savannah National Bank,Manufacturing,Syndicated Loan,16/11/2022,1343000,29.28,0,Current,0,0.01,13430
GHA-LN-14827,Meridian Credit Bank,Agriculture,SME Asset Financing,02/01/2023,984000,35.27,0,Current,0,0.01,9840
GHA-LN-14828,Savannah National Bank,Agriculture,Syndicated Loan,26/03/2024,6041000,28.01,0,Current,0,0.01,60410
GHA-LN-14829,Beacon Trust Bank,Commerce & Finance,Overdraft,03/04/2022,2440000,37.91,0,Current,0,0.01,24400
GHA-LN-14830,Alpha Bank Ghana,Services,Syndicated Loan,27/09/2023,2069000,32.87,0,Current,0,0.01,20690
GHA-LN-14831,Zenith Frontier Bank,Services,Term Loan,10/12/2025,7335000,31,0,Current,0,0.01,73350
GHA-LN-14832,Alpha Bank Ghana,Manufacturing,Syndicated Loan,25/08/2023,4647000,30.42,45,Other Loans Especially Mentioned (OLEM),0,NA,NA
GHA-LN-14833,Savannah National Bank,Commerce & Finance,Overdraft,24/02/2026,2632000,31.82,15,Current,0,0.01,26320
GHA-LN-14834,Beacon Trust Bank,Manufacturing,Overdraft,19/09/2025,7071000,36.46,0,Current,0,0.01,70710
GHA-LN-14835,Beacon Trust Bank,Agriculture,SME Asset Financing,26/11/2024,5207000,36.96,15,Current,0,0.01,52070
GHA-LN-14836,Savannah National Bank,Manufacturing,Overdraft,16/09/2024,6103000,35.22,75,Other Loans Especially Mentioned (OLEM),0,NA,NA
GHA-LN-14837,Alpha Bank Ghana,Mining,Syndicated Loan,21/01/2022,4144000,32.77,0,Current,0,0.01,41440
GHA-LN-14838,Alpha Bank Ghana,Services,Overdraft,26/01/2022,3152000,29.82,0,Current,0,0.01,31520
GHA-LN-14839,Beacon Trust Bank,Commerce & Finance,Term Loan,13/10/2025,2620000,28.49,0,Current,0,0.01,26200
GHA-LN-14840,Savannah National Bank,Construction,Term Loan,23/11/2024,545000,26.17,0,Current,0,0.01,5450
GHA-LN-14841,Zenith Frontier Bank,Mining,SME Asset Financing,22/08/2022,3921000,37.42,0,Current,0,0.01,39210
GHA-LN-14842,Beacon Trust Bank,Agriculture,Overdraft,05/12/2024,4635000,37.24,15,Current,0,0.01,46350
GHA-LN-14843,Zenith Frontier Bank,Manufacturing,Overdraft,18/01/2022,597000,35.82,0,Current,0,0.01,5970
GHA-LN-14844,Alpha Bank Ghana,Commerce & Finance,SME Asset Financing,25/04/2023,4376000,37.02,0,Current,0,0.01,43760
GHA-LN-14845,Zenith Frontier Bank,Manufacturing,SME Asset Financing,28/01/2022,6416000,37.22,0,Current,0,0.01,64160
GHA-LN-14846,Savannah National Bank,Services,Overdraft,21/03/2025,285000,28.49,0,Current,0,0.01,2850
GHA-LN-14847,Alpha Bank Ghana,Commerce & Finance,Overdraft,03/02/2022,877000,37.68,0,Current,0,0.01,8770
GHA-LN-14848,Beacon Trust Bank,Manufacturing,Syndicated Loan,09/11/2024,5176000,35.78,0,Current,0,0.01,51760
GHA-LN-14849,Zenith Frontier Bank,Manufacturing,Overdraft,27/06/2022,2473000,35.63,0,Current,0,0.01,24730
GHA-LN-14850,Beacon Trust Bank,Commerce & Finance,Overdraft,28/02/2025,4834000,36.95,0,Current,0,0.01,48340
GHA-LN-14851,Beacon Trust Bank,Commerce & Finance,SME Asset Financing,31/03/2023,4361000,36.63,15,Current,0,0.01,43610
GHA-LN-14852,Alpha Bank Ghana,Agriculture,SME Asset Financing,12/03/2023,806000,32.18,0,Current,0,0.01,8060
GHA-LN-14853,Zenith Frontier Bank,Agriculture,Overdraft,19/11/2023,5651000,36.12,0,Current,0,0.01,56510
GHA-LN-14854,Meridian Credit Bank,Manufacturing,SME Asset Financing,06/02/2024,2253000,27.13,0,Current,0,0.01,22530
GHA-LN-14855,Savannah National Bank,Commerce & Finance,Syndicated Loan,22/09/2024,2581000,37.61,45,Other Loans Especially Mentioned (OLEM),0,NA,NA
GHA-LN-14856,Beacon Trust Bank,Construction,SME Asset Financing,30/09/2025,5561000,27.07,15,Current,0,0.01,55610
GHA-LN-14857,Meridian Credit Bank,Commerce & Finance,Syndicated Loan,16/09/2022,2656000,33.72,15,Current,0,0.01,26560
GHA-LN-14858,Zenith Frontier Bank,Commerce & Finance,Term Loan,26/12/2025,1280000,27.39,45,Other Loans Especially Mentioned (OLEM),0,NA,NA
GHA-LN-14859,Savannah National Bank,Manufacturing,Overdraft,24/07/2024,1290000,35.24,0,Current,0,0.01,12900
GHA-LN-14860,Meridian Credit Bank,Services,Overdraft,20/04/2023,5279000,33.06,0,Current,0,0.01,52790
GHA-LN-14861,Alpha Bank Ghana,Services,Syndicated Loan,22/06/2023,7226000,26.87,0,Current,0,0.01,72260
GHA-LN-14862,Alpha Bank Ghana,Commerce & Finance,Syndicated Loan,06/05/2024,849000,31.51,15,Current,0,0.01,8490
GHA-LN-14863,Meridian Credit Bank,Services,SME Asset Financing,22/11/2023,4354000,35.7,45,Other Loans Especially Mentioned (OLEM),0,NA,NA
GHA-LN-14864,Zenith Frontier Bank,Commerce & Finance,Overdraft,23/03/2024,3097000,34.32,0,Current,0,0.01,30970
GHA-LN-14865,Savannah National Bank,Commerce & Finance,Overdraft,11/05/2023,2002000,36.8,15,Current,0,0.01,20020
GHA-LN-14866,Savannah National Bank,Commerce & Finance,SME Asset Financing,08/04/2025,5147000,27.99,75,Other Loans Especially Mentioned (OLEM),0,NA,NA
GHA-LN-14867,Meridian Credit Bank,Manufacturing,Term Loan,21/12/2024,1081000,26.1,210,Doubtful,1,0.5,540500
GHA-LN-14868,Zenith Frontier Bank,Commerce & Finance,Overdraft,15/02/2026,5183000,32.27,0,Current,0,0.01,51830
GHA-LN-14869,Beacon Trust Bank,Commerce & Finance,SME Asset Financing,11/01/2022,6550000,31.46,0,Current,0,0.01,65500
GHA-LN-14870,Meridian Credit Bank,Mining,Overdraft,25/10/2023,6160000,33.25,0,Current,0,0.01,61600
GHA-LN-14871,Savannah National Bank,Services,Overdraft,09/12/2022,4237000,37.3,0,Current,0,0.01,42370
GHA-LN-14872,Beacon Trust Bank,Manufacturing,Term Loan,01/12/2025,1794000,35.76,0,Current,0,0.01,17940
GHA-LN-14873,Savannah National Bank,Manufacturing,Overdraft,10/10/2024,2536000,30.13,210,Doubtful,1,0.5,1268000
GHA-LN-14874,Beacon Trust Bank,Services,Overdraft,19/12/2023,7477000,31.13,0,Current,0,0.01,74770
GHA-LN-14875,Savannah National Bank,Mining,Overdraft,02/08/2023,4447000,26.47,0,Current,0,0.01,44470
GHA-LN-14876,Meridian Credit Bank,Agriculture,Syndicated Loan,18/03/2024,5423000,34,210,Doubtful,1,0.5,2711500
GHA-LN-14877,Zenith Frontier Bank,Services,SME Asset Financing,31/10/2024,6655000,34.56,0,Current,0,0.01,66550
GHA-LN-14878,Meridian Credit Bank,Mining,Term Loan,19/11/2023,5096000,29.37,0,Current,0,0.01,50960
GHA-LN-14879,Zenith Frontier Bank,Commerce & Finance,Overdraft,18/07/2022,6698000,36.14,0,Current,0,0.01,66980
GHA-LN-14880,Beacon Trust Bank,Manufacturing,Syndicated Loan,16/10/2022,4871000,30.36,15,Current,0,0.01,48710
GHA-LN-14881,Beacon Trust Bank,Services,SME Asset Financing,16/12/2025,3362000,31.44,0,Current,0,0.01,33620
GHA-LN-14882,Savannah National Bank,Commerce & Finance,SME Asset Financing,04/08/2024,6377000,27.69,45,Other Loans Especially Mentioned (OLEM),0,NA,NA
GHA-LN-14883,Beacon Trust Bank,Commerce & Finance,Overdraft,01/01/2025,6538000,27.47,15,Current,0,0.01,65380
GHA-LN-14884,Savannah National Bank,Commerce & Finance,Overdraft,01/04/2025,6545000,26.67,15,Current,0,0.01,65450
GHA-LN-14885,Alpha Bank Ghana,Construction,Overdraft,22/05/2024,456000,29.85,0,Current,0,0.01,4560
GHA-LN-14886,Meridian Credit Bank,Construction,Syndicated Loan,27/11/2023,6694000,31.95,0,Current,0,0.01,66940
GHA-LN-14887,Zenith Frontier Bank,Commerce & Finance,Syndicated Loan,12/01/2024,1597000,29.41,45,Other Loans Especially Mentioned (OLEM),0,NA,NA
GHA-LN-14888,Beacon Trust Bank,Construction,Overdraft,30/01/2023,2429000,29.3,15,Current,0,0.01,24290
GHA-LN-14889,Alpha Bank Ghana,Services,Term Loan,07/06/2023,4910000,31.26,0,Current,0,0.01,49100
GHA-LN-14890,Alpha Bank Ghana,Commerce & Finance,Syndicated Loan,12/07/2025,2562000,36.27,0,Current,0,0.01,25620
GHA-LN-14891,Alpha Bank Ghana,Services,Overdraft,21/02/2023,1248000,30.48,0,Current,0,0.01,12480
GHA-LN-14892,Alpha Bank Ghana,Commerce & Finance,SME Asset Financing,17/01/2026,1400000,26.52,0,Current,0,0.01,14000
GHA-LN-14893,Beacon Trust Bank,Commerce & Finance,Syndicated Loan,11/09/2024,2022000,36.27,0,Current,0,0.01,20220
GHA-LN-14894,Savannah National Bank,Agriculture,SME Asset Financing,17/03/2023,2560000,35.48,45,Other Loans Especially Mentioned (OLEM),0,NA,NA
GHA-LN-14895,Alpha Bank Ghana,Services,Term Loan,09/11/2025,1587000,32.14,0,Current,0,0.01,15870
GHA-LN-14896,Zenith Frontier Bank,Agriculture,SME Asset Financing,29/01/2026,3941000,30.88,0,Current,0,0.01,39410
GHA-LN-14897,Alpha Bank Ghana,Commerce & Finance,Syndicated Loan,26/01/2022,4316000,34.24,45,Other Loans Especially Mentioned (OLEM),0,NA,NA
GHA-LN-14898,Meridian Credit Bank,Construction,Syndicated Loan,18/06/2022,7388000,36.52,0,Current,0,0.01,73880
GHA-LN-14899,Savannah National Bank,Manufacturing,Overdraft,05/02/2023,3224000,28.41,0,Current,0,0.01,32240
GHA-LN-14900,Savannah National Bank,Mining,Syndicated Loan,26/06/2023,2132000,34.17,0,Current,0,0.01,21320
GHA-LN-14901,Alpha Bank Ghana,Mining,SME Asset Financing,25/02/2023,3139000,37.56,15,Current,0,0.01,31390
GHA-LN-14902,Savannah National Bank,Construction,Syndicated Loan,29/12/2023,7342000,36.82,0,Current,0,0.01,73420
GHA-LN-14903,Beacon Trust Bank,Services,Overdraft,27/08/2025,1542000,34.2,0,Current,0,0.01,15420
GHA-LN-14904,Zenith Frontier Bank,Unclassified,SME Asset Financing,13/07/2024,6692000,33.21,0,Current,0,0.01,66920
GHA-LN-14905,Zenith Frontier Bank,Construction,Overdraft,22/08/2025,5417000,33.35,0,Current,0,0.01,54170
GHA-LN-14906,Zenith Frontier Bank,Unclassified,SME Asset Financing,11/08/2024,3805000,32.19,15,Current,0,0.01,38050
GHA-LN-14907,Meridian Credit Bank,Commerce & Finance,Term Loan,16/07/2022,6357000,30.99,15,Current,0,0.01,63570
GHA-LN-14908,Savannah National Bank,Commerce & Finance,Term Loan,15/11/2025,7179000,29.2,0,Current,0,0.01,71790
GHA-LN-14909,Beacon Trust Bank,Services,Syndicated Loan,01/11/2022,4518000,37.06,0,Current,0,0.01,45180
GHA-LN-14910,Zenith Frontier Bank,Construction,Term Loan,09/01/2025,7276000,37.47,0,Current,0,0.01,72760
GHA-LN-14911,Beacon Trust Bank,Services,Term Loan,18/12/2022,1030000,36.71,0,Current,0,0.01,10300
GHA-LN-14912,Beacon Trust Bank,Construction,Overdraft,19/01/2024,7248000,32.71,0,Current,0,0.01,72480
GHA-LN-14913,Zenith Frontier Bank,Unclassified,SME Asset Financing,07/10/2024,5595000,34.23,75,Other Loans Especially Mentioned (OLEM),0,NA,NA
GHA-LN-14914,Savannah National Bank,Manufacturing,Overdraft,29/09/2024,7281000,35.83,0,Current,0,0.01,72810
GHA-LN-14915,Savannah National Bank,Manufacturing,Term Loan,18/01/2022,7331000,30.16,0,Current,0,0.01,73310
GHA-LN-14916,Beacon Trust Bank,Commerce & Finance,Syndicated Loan,26/10/2023,313000,29.34,15,Current,0,0.01,3130
GHA-LN-14917,Meridian Credit Bank,Services,SME Asset Financing,27/12/2022,2491000,33.41,0,Current,0,0.01,24910
GHA-LN-14918,Meridian Credit Bank,Manufacturing,Syndicated Loan,26/05/2025,2032000,29.15,0,Current,0,0.01,20320
GHA-LN-14919,Zenith Frontier Bank,Mining,Overdraft,31/08/2025,1771000,29.06,0,Current,0,0.01,17710
GHA-LN-14920,Zenith Frontier Bank,Manufacturing,SME Asset Financing,16/06/2022,486000,36.28,0,Current,0,0.01,4860
GHA-LN-14921,Alpha Bank Ghana,Services,Syndicated Loan,02/06/2022,117000,26.89,0,Current,0,0.01,1170
GHA-LN-14922,Alpha Bank Ghana,Unclassified,Syndicated Loan,22/02/2025,177000,27.81,0,Current,0,0.01,1770
GHA-LN-14923,Beacon Trust Bank,Manufacturing,SME Asset Financing,30/12/2024,979000,28.53,0,Current,0,0.01,9790
GHA-LN-14924,Zenith Frontier Bank,Agriculture,Term Loan,04/05/2023,5413000,34.98,75,Other Loans Especially Mentioned (OLEM),0,NA,NA
GHA-LN-14925,Meridian Credit Bank,Manufacturing,Overdraft,12/08/2024,2973000,37.82,0,Current,0,0.01,29730
GHA-LN-14926,Meridian Credit Bank,Construction,Term Loan,29/08/2022,625000,27.97,0,Current,0,0.01,6250
GHA-LN-14927,Savannah National Bank,Services,SME Asset Financing,17/10/2022,2338000,33.66,0,Current,0,0.01,23380
GHA-LN-14928,Meridian Credit Bank,Agriculture,Term Loan,25/01/2022,4473000,35.8,0,Current,0,0.01,44730
GHA-LN-14929,Meridian Credit Bank,Construction,SME Asset Financing,10/03/2022,5211000,36.24,0,Current,0,0.01,52110
GHA-LN-14930,Meridian Credit Bank,Agriculture,Overdraft,08/07/2022,697000,34.48,210,Doubtful,1,0.5,348500
GHA-LN-14931,Zenith Frontier Bank,Construction,SME Asset Financing,01/06/2024,471000,29.83,15,Current,0,0.01,4710
GHA-LN-14932,Beacon Trust Bank,Manufacturing,SME Asset Financing,02/02/2023,6262000,30.13,0,Current,0,0.01,62620
GHA-LN-14933,Alpha Bank Ghana,Mining,SME Asset Financing,31/01/2025,4332000,33.74,45,Other Loans Especially Mentioned (OLEM),0,NA,NA
GHA-LN-14934,Savannah National Bank,Mining,Overdraft,24/05/2022,357000,29.92,0,Current,0,0.01,3570
GHA-LN-14935,Alpha Bank Ghana,Manufacturing,Syndicated Loan,12/03/2022,2473000,37.12,0,Current,0,0.01,24730
GHA-LN-14936,Savannah National Bank,Services,Syndicated Loan,28/06/2025,1729000,29.36,0,Current,0,0.01,17290
GHA-LN-14937,Beacon Trust Bank,Manufacturing,Overdraft,07/11/2022,4113000,27.55,0,Current,0,0.01,41130
GHA-LN-14938,Alpha Bank Ghana,Services,SME Asset Financing,08/03/2022,2773000,27.9,0,Current,0,0.01,27730
GHA-LN-14939,Savannah National Bank,Manufacturing,Term Loan,20/04/2022,4958000,32.26,0,Current,0,0.01,49580
GHA-LN-14940,Meridian Credit Bank,Commerce & Finance,Overdraft,27/06/2025,5359000,37.32,45,Other Loans Especially Mentioned (OLEM),0,NA,NA
GHA-LN-14941,Savannah National Bank,Mining,Syndicated Loan,31/01/2022,3409000,35.71,45,Other Loans Especially Mentioned (OLEM),0,NA,NA
GHA-LN-14942,Alpha Bank Ghana,Agriculture,Term Loan,27/10/2023,3996000,35.86,120,Substandard,1,0.2,799200
GHA-LN-14943,Beacon Trust Bank,Services,Term Loan,25/09/2024,1233000,28.22,0,Current,0,0.01,12330
GHA-LN-14944,Savannah National Bank,Commerce & Finance,SME Asset Financing,20/12/2023,517000,29.06,0,Current,0,0.01,5170
GHA-LN-14945,Zenith Frontier Bank,Manufacturing,Term Loan,25/07/2022,3398000,37.05,0,Current,0,0.01,33980
GHA-LN-14946,Meridian Credit Bank,Services,Overdraft,04/12/2022,1778000,34.91,120,Substandard,1,0.2,355600
GHA-LN-14947,Zenith Frontier Bank,Services,SME Asset Financing,04/10/2024,7130000,32.91,15,Current,0,0.01,71300
GHA-LN-14948,Meridian Credit Bank,Commerce & Finance,Syndicated Loan,19/01/2025,2380000,28.49,0,Current,0,0.01,23800
GHA-LN-14949,Alpha Bank Ghana,Commerce & Finance,SME Asset Financing,01/10/2022,6451000,33.32,0,Current,0,0.01,64510
GHA-LN-14950,Beacon Trust Bank,Construction,Term Loan,26/11/2025,3481000,26.84,0,Current,0,0.01,34810
GHA-LN-14951,Alpha Bank Ghana,Manufacturing,Term Loan,23/01/2022,2461000,26.63,0,Current,0,0.01,24610
GHA-LN-14952,Alpha Bank Ghana,Construction,SME Asset Financing,07/08/2022,2730000,35.76,0,Current,0,0.01,27300
GHA-LN-14953,Zenith Frontier Bank,Commerce & Finance,Overdraft,26/02/2023,78000,28.99,15,Current,0,0.01,780
GHA-LN-14954,Meridian Credit Bank,Manufacturing,Term Loan,18/01/2025,2951000,32.19,45,Other Loans Especially Mentioned (OLEM),0,NA,NA
GHA-LN-14955,Beacon Trust Bank,Commerce & Finance,SME Asset Financing,26/01/2022,7148000,32.69,0,Current,0,0.01,71480
GHA-LN-14956,Savannah National Bank,Services,Term Loan,24/11/2023,7276000,26.84,0,Current,0,0.01,72760
GHA-LN-14957,Savannah National Bank,Unclassified,Term Loan,25/02/2026,1408000,27.9,0,Current,0,0.01,14080
GHA-LN-14958,Meridian Credit Bank,Manufacturing,SME Asset Financing,25/02/2025,2622000,35.21,0,Current,0,0.01,26220
GHA-LN-14959,Meridian Credit Bank,Agriculture,SME Asset Financing,19/02/2022,2335000,34.58,0,Current,0,0.01,23350
GHA-LN-14960,Alpha Bank Ghana,Agriculture,Overdraft,10/01/2024,6129000,34.51,0,Current,0,0.01,61290
GHA-LN-14961,Savannah National Bank,Construction,Overdraft,29/06/2024,1232000,35.87,15,Current,0,0.01,12320
GHA-LN-14962,Alpha Bank Ghana,Services,Overdraft,06/07/2022,6923000,31.83,0,Current,0,0.01,69230
GHA-LN-14963,Savannah National Bank,Mining,Syndicated Loan,29/08/2025,4650000,26.7,0,Current,0,0.01,46500
GHA-LN-14964,Beacon Trust Bank,Commerce & Finance,Term Loan,07/01/2025,213000,26.78,0,Current,0,0.01,2130
GHA-LN-14965,Savannah National Bank,Commerce & Finance,Term Loan,15/02/2025,722000,30.5,75,Other Loans Especially Mentioned (OLEM),0,NA,NA
GHA-LN-14966,Savannah National Bank,Services,Overdraft,24/09/2024,807000,29.56,210,Doubtful,1,0.5,403500
GHA-LN-14967,Alpha Bank Ghana,Agriculture,SME Asset Financing,15/07/2025,6633000,30.83,0,Current,0,0.01,66330
GHA-LN-14968,Savannah National Bank,Unclassified,SME Asset Financing,01/11/2023,3555000,37.45,0,Current,0,0.01,35550
GHA-LN-14969,Alpha Bank Ghana,Mining,SME Asset Financing,26/02/2026,3028000,34.68,15,Current,0,0.01,30280
GHA-LN-14970,Meridian Credit Bank,Construction,Term Loan,24/02/2026,1510000,32.05,0,Current,0,0.01,15100
GHA-LN-14972,Zenith Frontier Bank,Commerce & Finance,Overdraft,26/11/2025,2448000,29.12,45,Other Loans Especially Mentioned (OLEM),0,NA,NA
GHA-LN-14973,Alpha Bank Ghana,Commerce & Finance,Overdraft,28/08/2022,3318000,33.38,15,Current,0,0.01,33180
GHA-LN-14974,Alpha Bank Ghana,Agriculture,Overdraft,30/04/2022,581000,37.76,0,Current,0,0.01,5810
GHA-LN-14975,Savannah National Bank,Services,Overdraft,11/04/2025,6202000,27.44,0,Current,0,0.01,62020
GHA-LN-14976,Savannah National Bank,Agriculture,SME Asset Financing,26/10/2023,797000,35.4,0,Current,0,0.01,7970
GHA-LN-14977,Alpha Bank Ghana,Construction,Overdraft,05/02/2022,997000,36.6,210,Doubtful,1,0.5,498500
GHA-LN-14978,Alpha Bank Ghana,Construction,Syndicated Loan,25/01/2026,1067000,27.07,0,Current,0,0.01,10670
GHA-LN-14979,Zenith Frontier Bank,Manufacturing,Overdraft,05/05/2022,4669000,27.84,0,Current,0,0.01,46690
GHA-LN-14980,Zenith Frontier Bank,Commerce & Finance,SME Asset Financing,15/01/2024,2948000,33,0,Current,0,0.01,29480
GHA-LN-14981,Meridian Credit Bank,Construction,Syndicated Loan,19/12/2022,5262000,32.1,45,Other Loans Especially Mentioned (OLEM),0,NA,NA
GHA-LN-14982,Beacon Trust Bank,Commerce & Finance,SME Asset Financing,23/12/2023,4395000,26.49,75,Other Loans Especially Mentioned (OLEM),0,NA,NA
GHA-LN-14983,Savannah National Bank,Commerce & Finance,SME Asset Financing,18/02/2022,1445000,29.55,0,Current,0,0.01,14450
GHA-LN-14984,Alpha Bank Ghana,Commerce & Finance,SME Asset Financing,22/04/2023,7187000,35.37,0,Current,0,0.01,71870
GHA-LN-14985,Zenith Frontier Bank,Commerce & Finance,SME Asset Financing,01/03/2024,1779000,30.44,15,Current,0,0.01,17790
GHA-LN-14986,Meridian Credit Bank,Commerce & Finance,Syndicated Loan,23/03/2022,65000,27.43,0,Current,0,0.01,650
GHA-LN-14987,Alpha Bank Ghana,Agriculture,Overdraft,09/11/2025,3196000,29.84,0,Current,0,0.01,31960
GHA-LN-14988,Meridian Credit Bank,Manufacturing,Term Loan,13/12/2023,1117000,37.37,0,Current,0,0.01,11170
GHA-LN-14989,Meridian Credit Bank,Manufacturing,SME Asset Financing,02/07/2025,4514000,33.35,0,Current,0,0.01,45140
GHA-LN-14990,Savannah National Bank,Services,Overdraft,28/08/2022,6409000,36.75,0,Current,0,0.01,64090
GHA-LN-14991,Meridian Credit Bank,Services,SME Asset Financing,09/08/2025,2686000,31.92,0,Current,0,0.01,26860
GHA-LN-14992,Beacon Trust Bank,Agriculture,Syndicated Loan,21/06/2024,3721000,28.38,15,Current,0,0.01,37210
GHA-LN-14993,Meridian Credit Bank,Manufacturing,Syndicated Loan,06/05/2025,2258000,31.93,0,Current,0,0.01,22580
GHA-LN-14994,Beacon Trust Bank,Construction,SME Asset Financing,13/08/2022,1608000,28.59,0,Current,0,0.01,16080
GHA-LN-14995,Meridian Credit Bank,Agriculture,Overdraft,04/10/2022,518000,28.7,0,Current,0,0.01,5180
GHA-LN-14996,Meridian Credit Bank,Unclassified,Syndicated Loan,05/05/2022,198000,31.13,0,Current,0,0.01,1980
GHA-LN-14997,Zenith Frontier Bank,Commerce & Finance,Overdraft,09/01/2023,778000,30.64,210,Doubtful,1,0.5,389000
GHA-LN-14998,Beacon Trust Bank,Mining,SME Asset Financing,21/01/2025,593000,31.15,0,Current,0,0.01,5930
GHA-LN-14999,Beacon Trust Bank,Commerce & Finance,Syndicated Loan,01/01/2023,7470000,26.85,0,Current,0,0.01,74700
GHA-LN-15000,Zenith Frontier Bank,Manufacturing,Overdraft,20/05/2022,1081000,31.06,0,Current,0,0.01,10810
