Instrument_ID,Issuing_Agency,Type,Issue_Date,Maturity_Years,Face_Value_USD,Coupon_Rate_Pct,Maturity_Date,Risk_Tier,Annual_Interest_Obligation_USD
GHA-DEBT-2001,Central Government,SOE Guaranteed Loan,08/01/2020,5,58960000,13.08,08/01/2025,Short-Term Refinancing Risk,7711968
GHA-DEBT-2002,Central Government,SOE Guaranteed Loan,19/09/2022,30,1780000,5.81,19/09/2052,Long-Term Sovereign Structural Debt,103418
GHA-DEBT-2003,VRA (Energy),Bilateral Debt,26/06/2021,5,243110000,6.82,26/06/2026,Short-Term Refinancing Risk,16580102
GHA-DEBT-2004,Unspecified SOE,Eurobond,27/03/2020,7,74720000,9.82,27/03/2027,Medium-Term Exposure,7337504.000000001
GHA-DEBT-2005,Central Government,SOE Guaranteed Loan,02/09/2021,30,7180000,8.86,02/09/2051,Long-Term Sovereign Structural Debt,636148
GHA-DEBT-2006,Central Government,SOE Guaranteed Loan,27/03/2021,3,62590000,13.78,27/03/2024,Short-Term Refinancing Risk,8624902
GHA-DEBT-2007,Central Government,Eurobond,06/04/2025,7,29490000,7.85,06/04/2032,Medium-Term Exposure,2314965
GHA-DEBT-2008,Central Government,Domestic Treasury Bond,28/01/2020,15,236350000,12,28/01/2035,Long-Term Sovereign Structural Debt,28362000
GHA-DEBT-2009,VRA (Energy),Eurobond,02/04/2021,10,249950000,7.73,02/04/2031,Medium-Term Exposure,19321135.000000004
GHA-DEBT-2010,Central Government,Domestic Treasury Bond,08/07/2022,15,104540000,8.58,08/07/2037,Long-Term Sovereign Structural Debt,8969532
GHA-DEBT-2011,COCOBOD (Agric),Eurobond,05/09/2023,5,171620000,9.69,05/09/2028,Short-Term Refinancing Risk,16629978
GHA-DEBT-2012,VRA (Energy),Bilateral Debt,23/11/2024,15,217820000,7.4,23/11/2039,Long-Term Sovereign Structural Debt,16118680.000000002
GHA-DEBT-2013,VRA (Energy),Eurobond,31/08/2023,3,54070000,11.32,31/08/2026,Short-Term Refinancing Risk,6120724.000000001
GHA-DEBT-2014,COCOBOD (Agric),Domestic Treasury Bond,18/09/2023,5,115940000,6.68,18/09/2028,Short-Term Refinancing Risk,7744792
GHA-DEBT-2015,Unspecified SOE,Bilateral Debt,14/05/2025,10,219030000,12.78,14/05/2035,Medium-Term Exposure,27992034
GHA-DEBT-2016,Central Government,Domestic Treasury Bond,13/12/2024,15,116580000,10.93,13/12/2039,Long-Term Sovereign Structural Debt,12742194
GHA-DEBT-2017,GRIDCo (Energy),Eurobond,22/03/2021,10,19100000,7.68,22/03/2031,Medium-Term Exposure,1466879.9999999998
GHA-DEBT-2018,Central Government,Domestic Treasury Bond,12/03/2024,3,244910000,12.37,12/03/2027,Short-Term Refinancing Risk,30295366.999999996
GHA-DEBT-2019,Central Government,Bilateral Debt,20/11/2024,5,131190000,11.1,20/11/2029,Short-Term Refinancing Risk,14562090
GHA-DEBT-2020,Central Government,Eurobond,10/04/2023,30,73720000,5.55,10/04/2053,Long-Term Sovereign Structural Debt,4091460
GHA-DEBT-2021,VRA (Energy),Eurobond,04/03/2025,7,22860000,14.35,04/03/2032,Medium-Term Exposure,3280409.9999999995
GHA-DEBT-2022,GRA (Revenue),Eurobond,04/06/2021,10,53040000,11.61,04/06/2031,Medium-Term Exposure,6157944
GHA-DEBT-2023,Central Government,SOE Guaranteed Loan,11/09/2020,3,32750000,11.2,11/09/2023,Short-Term Refinancing Risk,3667999.9999999995
GHA-DEBT-2024,VRA (Energy),Eurobond,31/10/2020,5,32650000,8.37,31/10/2025,Short-Term Refinancing Risk,2732805
GHA-DEBT-2025,COCOBOD (Agric),Domestic Treasury Bond,08/12/2022,7,42160000,11.49,08/12/2029,Medium-Term Exposure,4844184
GHA-DEBT-2026,GRIDCo (Energy),SOE Guaranteed Loan,04/12/2020,7,91840000,6.53,04/12/2027,Medium-Term Exposure,5997152
GHA-DEBT-2027,Central Government,SOE Guaranteed Loan,27/03/2025,30,222820000,11.5,27/03/2055,Long-Term Sovereign Structural Debt,25624300
GHA-DEBT-2028,Central Government,Eurobond,20/10/2023,3,200860000,13.38,20/10/2026,Short-Term Refinancing Risk,26875068
GHA-DEBT-2029,Central Government,Domestic Treasury Bond,12/05/2022,5,68810000,9.58,12/05/2027,Short-Term Refinancing Risk,6591998
GHA-DEBT-2030,VRA (Energy),SOE Guaranteed Loan,31/08/2023,5,80110000,14.22,31/08/2028,Short-Term Refinancing Risk,11391642
GHA-DEBT-2031,Central Government,SOE Guaranteed Loan,07/03/2023,15,63940000,8.45,07/03/2038,Long-Term Sovereign Structural Debt,5402929.999999999
GHA-DEBT-2032,Central Government,Domestic Treasury Bond,05/12/2021,15,136380000,11.6,05/12/2036,Long-Term Sovereign Structural Debt,15820079.999999998
GHA-DEBT-2033,Central Government,SOE Guaranteed Loan,04/07/2020,3,217860000,8.72,04/07/2023,Short-Term Refinancing Risk,18997392
GHA-DEBT-2034,Central Government,Bilateral Debt,27/04/2025,7,247690000,14.02,27/04/2032,Medium-Term Exposure,34726138
GHA-DEBT-2035,Central Government,SOE Guaranteed Loan,23/08/2023,10,122600000,7.65,23/08/2033,Medium-Term Exposure,9378900
GHA-DEBT-2036,COCOBOD (Agric),SOE Guaranteed Loan,21/09/2023,15,120690000,9.18,21/09/2038,Long-Term Sovereign Structural Debt,11079342
GHA-DEBT-2037,Central Government,Domestic Treasury Bond,01/07/2025,7,163840000,13.77,01/07/2032,Medium-Term Exposure,22560768
GHA-DEBT-2038,GRIDCo (Energy),Domestic Treasury Bond,29/11/2021,15,81430000,8.73,29/11/2036,Long-Term Sovereign Structural Debt,7108839
GHA-DEBT-2039,Central Government,Domestic Treasury Bond,04/03/2021,30,216520000,6.96,04/03/2051,Long-Term Sovereign Structural Debt,15069791.999999998
GHA-DEBT-2040,COCOBOD (Agric),Domestic Treasury Bond,09/07/2022,30,154640000,9.5,09/07/2052,Long-Term Sovereign Structural Debt,14690800
GHA-DEBT-2041,Central Government,Eurobond,04/04/2024,3,62050000,8.94,04/04/2027,Short-Term Refinancing Risk,5547270
GHA-DEBT-2042,Unspecified SOE,Domestic Treasury Bond,08/05/2024,7,22490000,9.59,08/05/2031,Medium-Term Exposure,2156791
GHA-DEBT-2043,GRIDCo (Energy),Domestic Treasury Bond,27/11/2022,5,242860000,10.64,27/11/2027,Short-Term Refinancing Risk,25840304.000000004
GHA-DEBT-2044,Central Government,Bilateral Debt,16/04/2023,10,52350000,12.78,16/04/2033,Medium-Term Exposure,6690330
GHA-DEBT-2045,Central Government,Domestic Treasury Bond,04/09/2025,7,216380000,14.25,04/09/2032,Medium-Term Exposure,30834149.999999996
GHA-DEBT-2046,Central Government,Eurobond,01/12/2025,15,183530000,14.48,01/12/2040,Long-Term Sovereign Structural Debt,26575144.000000004
GHA-DEBT-2047,Central Government,Bilateral Debt,24/08/2023,5,207250000,5.65,24/08/2028,Short-Term Refinancing Risk,11709625
GHA-DEBT-2048,COCOBOD (Agric),Domestic Treasury Bond,29/05/2021,3,201550000,10.19,29/05/2024,Short-Term Refinancing Risk,20537944.999999996
GHA-DEBT-2049,GRIDCo (Energy),Bilateral Debt,16/10/2022,15,164390000,9.5,16/10/2037,Long-Term Sovereign Structural Debt,15617050
GHA-DEBT-2050,Central Government,Bilateral Debt,02/08/2024,15,184460000,10.35,02/08/2039,Long-Term Sovereign Structural Debt,19091610
GHA-DEBT-2051,Central Government,Domestic Treasury Bond,28/10/2024,3,91360000,10.37,28/10/2027,Short-Term Refinancing Risk,9474031.999999998
GHA-DEBT-2052,Central Government,Bilateral Debt,13/09/2020,30,218000000,11.81,13/09/2050,Long-Term Sovereign Structural Debt,25745800.000000004
GHA-DEBT-2053,VRA (Energy),Domestic Treasury Bond,25/04/2022,10,200670000,12.35,25/04/2032,Medium-Term Exposure,24782745
GHA-DEBT-2054,VRA (Energy),Domestic Treasury Bond,23/01/2025,30,231230000,6.91,23/01/2055,Long-Term Sovereign Structural Debt,15977992.999999998
GHA-DEBT-2055,Central Government,Bilateral Debt,26/09/2023,5,124190000,6.19,26/09/2028,Short-Term Refinancing Risk,7687361
GHA-DEBT-2056,GRIDCo (Energy),Bilateral Debt,19/11/2020,7,138730000,12.68,19/11/2027,Medium-Term Exposure,17590964
GHA-DEBT-2057,VRA (Energy),Domestic Treasury Bond,24/05/2024,30,228300000,12.07,24/05/2054,Long-Term Sovereign Structural Debt,27555810
GHA-DEBT-2058,Central Government,Eurobond,19/02/2023,3,47800000,9.31,19/02/2026,Short-Term Refinancing Risk,4450180
GHA-DEBT-2059,VRA (Energy),Bilateral Debt,28/07/2021,30,40890000,12.68,28/07/2051,Long-Term Sovereign Structural Debt,5184852
GHA-DEBT-2060,Central Government,SOE Guaranteed Loan,02/07/2020,10,90960000,8.01,02/07/2030,Medium-Term Exposure,7285896
GHA-DEBT-2061,GRIDCo (Energy),Eurobond,04/06/2024,3,109790000,8.58,04/06/2027,Short-Term Refinancing Risk,9419982
GHA-DEBT-2062,GRIDCo (Energy),SOE Guaranteed Loan,01/09/2023,7,132770000,7.17,01/09/2030,Medium-Term Exposure,9519609
GHA-DEBT-2063,Unspecified SOE,Bilateral Debt,20/06/2023,3,128430000,9.84,20/06/2026,Short-Term Refinancing Risk,12637512
GHA-DEBT-2064,GRA (Revenue),SOE Guaranteed Loan,15/04/2025,7,204360000,10.51,15/04/2032,Medium-Term Exposure,21478236
GHA-DEBT-2065,GRIDCo (Energy),SOE Guaranteed Loan,18/04/2024,10,138510000,13.38,18/04/2034,Medium-Term Exposure,18532638
GHA-DEBT-2066,VRA (Energy),SOE Guaranteed Loan,30/08/2024,5,217600000,12.45,30/08/2029,Short-Term Refinancing Risk,27091200
GHA-DEBT-2067,Central Government,Domestic Treasury Bond,05/01/2024,15,177440000,8.44,05/01/2039,Long-Term Sovereign Structural Debt,14975935.999999998
GHA-DEBT-2068,Central Government,Domestic Treasury Bond,21/11/2022,10,115990000,6.4,21/11/2032,Medium-Term Exposure,7423360
GHA-DEBT-2069,COCOBOD (Agric),Eurobond,31/03/2025,5,127020000,11.1,31/03/2030,Short-Term Refinancing Risk,14099220
GHA-DEBT-2070,COCOBOD (Agric),Bilateral Debt,19/01/2024,30,76670000,13.19,19/01/2054,Long-Term Sovereign Structural Debt,10112773
GHA-DEBT-2071,Central Government,Eurobond,10/04/2022,15,133280000,12.29,10/04/2037,Long-Term Sovereign Structural Debt,16380112
GHA-DEBT-2072,COCOBOD (Agric),Domestic Treasury Bond,02/06/2023,10,55340000,12.49,02/06/2033,Medium-Term Exposure,6911966
GHA-DEBT-2073,Central Government,Domestic Treasury Bond,21/11/2024,3,105850000,9.23,21/11/2027,Short-Term Refinancing Risk,9769955
GHA-DEBT-2074,GRIDCo (Energy),Bilateral Debt,27/11/2024,3,199750000,10.72,27/11/2027,Short-Term Refinancing Risk,21413200
GHA-DEBT-2075,GRIDCo (Energy),SOE Guaranteed Loan,31/03/2021,30,227220000,8.97,31/03/2051,Long-Term Sovereign Structural Debt,20381634
GHA-DEBT-2076,Central Government,Bilateral Debt,03/03/2024,5,92570000,11.07,03/03/2029,Short-Term Refinancing Risk,10247499
GHA-DEBT-2077,Central Government,Domestic Treasury Bond,26/01/2024,7,23690000,14.16,26/01/2031,Medium-Term Exposure,3354504
GHA-DEBT-2078,Central Government,SOE Guaranteed Loan,29/06/2022,15,1230000,7.69,29/06/2037,Long-Term Sovereign Structural Debt,94587.00000000001
GHA-DEBT-2079,VRA (Energy),Eurobond,11/01/2020,10,81840000,8.92,11/01/2030,Medium-Term Exposure,7300128
GHA-DEBT-2080,GRA (Revenue),Domestic Treasury Bond,07/12/2023,10,191910000,12.02,07/12/2033,Medium-Term Exposure,23067582
GHA-DEBT-2081,VRA (Energy),SOE Guaranteed Loan,02/09/2020,7,155070000,6.86,02/09/2027,Medium-Term Exposure,10637802.000000002
GHA-DEBT-2082,GRIDCo (Energy),SOE Guaranteed Loan,21/06/2020,15,220880000,12.86,21/06/2035,Long-Term Sovereign Structural Debt,28405168
GHA-DEBT-2083,GRIDCo (Energy),Bilateral Debt,15/04/2024,15,197030000,12.33,15/04/2039,Long-Term Sovereign Structural Debt,24293799
GHA-DEBT-2084,GRA (Revenue),Eurobond,19/07/2021,7,103070000,12.25,19/07/2028,Medium-Term Exposure,12626075
GHA-DEBT-2085,Central Government,Bilateral Debt,05/10/2023,10,78700000,6.89,05/10/2033,Medium-Term Exposure,5422430
GHA-DEBT-2086,GRA (Revenue),Domestic Treasury Bond,05/04/2023,15,41680000,5.88,05/04/2038,Long-Term Sovereign Structural Debt,2450784
GHA-DEBT-2087,Central Government,Eurobond,04/03/2024,30,87670000,8.59,04/03/2054,Long-Term Sovereign Structural Debt,7530853
GHA-DEBT-2088,Central Government,Bilateral Debt,31/05/2020,7,99120000,11.99,31/05/2027,Medium-Term Exposure,11884488
GHA-DEBT-2089,Central Government,Bilateral Debt,17/03/2024,15,47250000,13.71,17/03/2039,Long-Term Sovereign Structural Debt,6477975
GHA-DEBT-2090,Central Government,Domestic Treasury Bond,22/11/2023,3,184660000,13.21,22/11/2026,Short-Term Refinancing Risk,24393586
GHA-DEBT-2091,VRA (Energy),SOE Guaranteed Loan,09/01/2025,7,92220000,5.82,09/01/2032,Medium-Term Exposure,5367204
GHA-DEBT-2092,COCOBOD (Agric),Domestic Treasury Bond,09/10/2022,7,160870000,8.82,09/10/2029,Medium-Term Exposure,14188734
GHA-DEBT-2093,VRA (Energy),Bilateral Debt,19/02/2024,7,25270000,8.8,19/02/2031,Medium-Term Exposure,2223760
GHA-DEBT-2094,Central Government,Eurobond,14/06/2023,5,144990000,13.81,14/06/2028,Short-Term Refinancing Risk,20023119
GHA-DEBT-2095,Central Government,SOE Guaranteed Loan,23/07/2024,15,182240000,14.36,23/07/2039,Long-Term Sovereign Structural Debt,26169664
GHA-DEBT-2096,GRIDCo (Energy),SOE Guaranteed Loan,05/06/2023,10,117980000,11.55,05/06/2033,Medium-Term Exposure,13626690
GHA-DEBT-2097,Central Government,SOE Guaranteed Loan,01/09/2021,15,210530000,8.14,01/09/2036,Long-Term Sovereign Structural Debt,17137142
GHA-DEBT-2098,Central Government,Bilateral Debt,23/02/2025,7,89330000,12.74,23/02/2032,Medium-Term Exposure,11380642.000000002
GHA-DEBT-2099,Central Government,Bilateral Debt,28/05/2020,15,83820000,12.61,28/05/2035,Long-Term Sovereign Structural Debt,10569702
GHA-DEBT-2100,Central Government,Domestic Treasury Bond,25/07/2025,3,111930000,10.64,25/07/2028,Short-Term Refinancing Risk,11909352.000000002
GHA-DEBT-2101,Central Government,Bilateral Debt,07/11/2023,5,214830000,7.14,07/11/2028,Short-Term Refinancing Risk,15338861.999999998
GHA-DEBT-2102,Central Government,Domestic Treasury Bond,23/07/2025,10,41840000,13.2,23/07/2035,Medium-Term Exposure,5522880
GHA-DEBT-2103,Central Government,Eurobond,29/09/2022,10,16040000,13.51,29/09/2032,Medium-Term Exposure,2167004
GHA-DEBT-2104,COCOBOD (Agric),Domestic Treasury Bond,24/09/2021,15,163380000,8.36,24/09/2036,Long-Term Sovereign Structural Debt,13658567.999999998
GHA-DEBT-2105,VRA (Energy),Domestic Treasury Bond,15/11/2025,10,94800000,5.72,15/11/2035,Medium-Term Exposure,5422560
GHA-DEBT-2106,Central Government,SOE Guaranteed Loan,29/05/2021,5,75060000,11.67,29/05/2026,Short-Term Refinancing Risk,8759502
GHA-DEBT-2107,Central Government,SOE Guaranteed Loan,28/05/2025,10,176240000,6.08,28/05/2035,Medium-Term Exposure,10715392
GHA-DEBT-2108,Central Government,Bilateral Debt,28/09/2025,3,223160000,12.23,28/09/2028,Short-Term Refinancing Risk,27292468
GHA-DEBT-2109,GRIDCo (Energy),Eurobond,15/04/2025,30,40730000,14.42,15/04/2055,Long-Term Sovereign Structural Debt,5873266
GHA-DEBT-2110,GRA (Revenue),SOE Guaranteed Loan,10/08/2021,7,235100000,13.38,10/08/2028,Medium-Term Exposure,31456380
GHA-DEBT-2111,Central Government,Bilateral Debt,26/10/2020,7,154880000,13.43,26/10/2027,Medium-Term Exposure,20800384
GHA-DEBT-2112,Central Government,Domestic Treasury Bond,19/09/2020,5,50300000,10.45,19/09/2025,Short-Term Refinancing Risk,5256350
GHA-DEBT-2113,Central Government,Domestic Treasury Bond,14/11/2025,5,23210000,11.22,14/11/2030,Short-Term Refinancing Risk,2604162
GHA-DEBT-2114,COCOBOD (Agric),SOE Guaranteed Loan,25/03/2022,15,140000000,9.36,25/03/2037,Long-Term Sovereign Structural Debt,13103999.999999998
GHA-DEBT-2115,COCOBOD (Agric),Bilateral Debt,23/09/2024,30,101440000,8.99,23/09/2054,Long-Term Sovereign Structural Debt,9119456
GHA-DEBT-2116,Unspecified SOE,SOE Guaranteed Loan,07/04/2023,5,31110000,14.46,07/04/2028,Short-Term Refinancing Risk,4498506
GHA-DEBT-2117,COCOBOD (Agric),Domestic Treasury Bond,23/04/2022,7,27430000,10.05,23/04/2029,Medium-Term Exposure,2756715
GHA-DEBT-2118,Central Government,Eurobond,28/05/2020,15,43800000,12.53,28/05/2035,Long-Term Sovereign Structural Debt,5488140
GHA-DEBT-2119,Central Government,SOE Guaranteed Loan,31/01/2025,30,241590000,9.69,31/01/2055,Long-Term Sovereign Structural Debt,23410071
GHA-DEBT-2120,VRA (Energy),SOE Guaranteed Loan,02/10/2025,5,30750000,13.24,02/10/2030,Short-Term Refinancing Risk,4071299.9999999995
GHA-DEBT-2121,Central Government,Eurobond,19/02/2023,30,217650000,14.41,19/02/2053,Long-Term Sovereign Structural Debt,31363365
GHA-DEBT-2122,Central Government,SOE Guaranteed Loan,06/04/2021,15,128520000,6.75,06/04/2036,Long-Term Sovereign Structural Debt,8675100
GHA-DEBT-2123,Central Government,Domestic Treasury Bond,31/07/2025,3,248890000,7.87,31/07/2028,Short-Term Refinancing Risk,19587643
GHA-DEBT-2124,Central Government,SOE Guaranteed Loan,17/09/2020,5,194260000,5.85,17/09/2025,Short-Term Refinancing Risk,11364210
GHA-DEBT-2125,Central Government,SOE Guaranteed Loan,16/03/2020,7,142760000,10.6,16/03/2027,Medium-Term Exposure,15132560
GHA-DEBT-2126,GRIDCo (Energy),SOE Guaranteed Loan,23/04/2025,30,136410000,6.6,23/04/2055,Long-Term Sovereign Structural Debt,9003060
GHA-DEBT-2127,Central Government,Domestic Treasury Bond,16/11/2025,10,113490000,10.32,16/11/2035,Medium-Term Exposure,11712168
GHA-DEBT-2128,Central Government,SOE Guaranteed Loan,05/02/2024,30,148560000,11.63,05/02/2054,Long-Term Sovereign Structural Debt,17277528.000000004
GHA-DEBT-2129,VRA (Energy),Eurobond,21/07/2024,5,225940000,11.31,21/07/2029,Short-Term Refinancing Risk,25553814
GHA-DEBT-2130,Central Government,SOE Guaranteed Loan,19/08/2025,10,113390000,12.92,19/08/2035,Medium-Term Exposure,14649988.000000002
GHA-DEBT-2131,VRA (Energy),SOE Guaranteed Loan,15/01/2022,7,49150000,6.92,15/01/2029,Medium-Term Exposure,3401180
GHA-DEBT-2132,Central Government,Bilateral Debt,07/03/2022,5,7430000,12.36,07/03/2027,Short-Term Refinancing Risk,918347.9999999999
GHA-DEBT-2133,Central Government,Domestic Treasury Bond,15/03/2020,30,138590000,9.69,15/03/2050,Long-Term Sovereign Structural Debt,13429371
GHA-DEBT-2134,Central Government,Domestic Treasury Bond,11/01/2021,7,163850000,8,11/01/2028,Medium-Term Exposure,13108000
GHA-DEBT-2135,Central Government,Eurobond,04/12/2023,30,169040000,12.5,04/12/2053,Long-Term Sovereign Structural Debt,21130000
GHA-DEBT-2136,Central Government,Eurobond,29/05/2025,7,166330000,8.64,29/05/2032,Medium-Term Exposure,14370912
GHA-DEBT-2137,Central Government,Bilateral Debt,22/10/2024,15,14890000,12.41,22/10/2039,Long-Term Sovereign Structural Debt,1847849
GHA-DEBT-2138,Unspecified SOE,Eurobond,10/06/2022,5,18140000,8.98,10/06/2027,Short-Term Refinancing Risk,1628972
GHA-DEBT-2139,Central Government,Eurobond,04/10/2022,30,200430000,10.81,04/10/2052,Long-Term Sovereign Structural Debt,21666483
GHA-DEBT-2140,VRA (Energy),Eurobond,15/09/2025,3,94850000,8.95,15/09/2028,Short-Term Refinancing Risk,8489075
GHA-DEBT-2141,COCOBOD (Agric),Bilateral Debt,04/12/2023,30,114150000,13.57,04/12/2053,Long-Term Sovereign Structural Debt,15490155.000000002
GHA-DEBT-2142,Central Government,SOE Guaranteed Loan,03/10/2025,5,60870000,6.41,03/10/2030,Short-Term Refinancing Risk,3901767.0000000005
GHA-DEBT-2143,COCOBOD (Agric),SOE Guaranteed Loan,21/07/2022,30,102290000,11.21,21/07/2052,Long-Term Sovereign Structural Debt,11466709
GHA-DEBT-2144,Central Government,Eurobond,07/11/2021,30,177070000,12.54,07/11/2051,Long-Term Sovereign Structural Debt,22204577.999999996
GHA-DEBT-2145,COCOBOD (Agric),Eurobond,09/01/2022,3,14500000,12.19,09/01/2025,Short-Term Refinancing Risk,1767550
GHA-DEBT-2146,Central Government,Eurobond,28/09/2022,7,184110000,7.88,28/09/2029,Medium-Term Exposure,14507868
GHA-DEBT-2147,Central Government,SOE Guaranteed Loan,24/05/2020,5,59740000,13.18,24/05/2025,Short-Term Refinancing Risk,7873732
GHA-DEBT-2148,VRA (Energy),SOE Guaranteed Loan,10/11/2023,5,20940000,6.06,10/11/2028,Short-Term Refinancing Risk,1268963.9999999998
GHA-DEBT-2149,Central Government,Eurobond,14/12/2021,15,65210000,10.47,14/12/2036,Long-Term Sovereign Structural Debt,6827487
GHA-DEBT-2150,Central Government,Domestic Treasury Bond,09/10/2025,15,140650000,10.33,09/10/2040,Long-Term Sovereign Structural Debt,14529145
GHA-DEBT-2151,Central Government,SOE Guaranteed Loan,29/07/2024,7,24330000,10.22,29/07/2031,Medium-Term Exposure,2486526.0000000005
GHA-DEBT-2152,Central Government,Eurobond,02/12/2024,30,141320000,12.31,02/12/2054,Long-Term Sovereign Structural Debt,17396492
GHA-DEBT-2153,VRA (Energy),SOE Guaranteed Loan,05/03/2020,15,239070000,9.86,05/03/2035,Long-Term Sovereign Structural Debt,23572302
GHA-DEBT-2154,GRA (Revenue),Domestic Treasury Bond,02/05/2021,10,27170000,12.45,02/05/2031,Medium-Term Exposure,3382665
GHA-DEBT-2155,Central Government,SOE Guaranteed Loan,26/10/2022,7,155720000,7.81,26/10/2029,Medium-Term Exposure,12161732
GHA-DEBT-2156,Central Government,Bilateral Debt,15/07/2021,15,93390000,7.24,15/07/2036,Long-Term Sovereign Structural Debt,6761436.000000001
GHA-DEBT-2157,Central Government,Bilateral Debt,18/01/2022,15,6520000,12.32,18/01/2037,Long-Term Sovereign Structural Debt,803264
GHA-DEBT-2158,GRIDCo (Energy),Eurobond,19/08/2020,3,22720000,10.52,19/08/2023,Short-Term Refinancing Risk,2390144
GHA-DEBT-2159,Central Government,Domestic Treasury Bond,18/10/2025,7,53680000,10.91,18/10/2032,Medium-Term Exposure,5856488
GHA-DEBT-2160,COCOBOD (Agric),Eurobond,29/09/2020,7,24930000,9.54,29/09/2027,Medium-Term Exposure,2378321.9999999995
GHA-DEBT-2161,GRA (Revenue),Bilateral Debt,23/09/2023,10,224640000,5.94,23/09/2033,Medium-Term Exposure,13343616
GHA-DEBT-2162,VRA (Energy),Bilateral Debt,04/09/2025,10,115310000,13.11,04/09/2035,Medium-Term Exposure,15117141
GHA-DEBT-2163,COCOBOD (Agric),SOE Guaranteed Loan,08/09/2025,10,249560000,11.6,08/09/2035,Medium-Term Exposure,28948959.999999996
GHA-DEBT-2164,Central Government,Domestic Treasury Bond,02/02/2024,3,243570000,13.18,02/02/2027,Short-Term Refinancing Risk,32102526
GHA-DEBT-2165,Central Government,Domestic Treasury Bond,19/09/2025,7,128190000,8.22,19/09/2032,Medium-Term Exposure,10537218.000000002
GHA-DEBT-2166,GRA (Revenue),Eurobond,06/03/2021,10,212390000,11.28,06/03/2031,Medium-Term Exposure,23957592
GHA-DEBT-2167,Central Government,Domestic Treasury Bond,04/08/2021,3,80300000,9.39,04/08/2024,Short-Term Refinancing Risk,7540170.000000001
GHA-DEBT-2168,COCOBOD (Agric),Eurobond,02/11/2025,3,242520000,10.18,02/11/2028,Short-Term Refinancing Risk,24688536
GHA-DEBT-2169,Central Government,Eurobond,15/02/2022,5,228220000,13.65,15/02/2027,Short-Term Refinancing Risk,31152030.000000004
GHA-DEBT-2170,Central Government,Eurobond,18/07/2023,15,136180000,7.5,18/07/2038,Long-Term Sovereign Structural Debt,10213500
GHA-DEBT-2171,VRA (Energy),Domestic Treasury Bond,24/12/2021,7,84490000,14.14,24/12/2028,Medium-Term Exposure,11946886
GHA-DEBT-2172,GRA (Revenue),Bilateral Debt,13/03/2021,30,135830000,11.74,13/03/2051,Long-Term Sovereign Structural Debt,15946442
GHA-DEBT-2173,Central Government,Bilateral Debt,11/10/2022,3,165160000,13.65,11/10/2025,Short-Term Refinancing Risk,22544340
GHA-DEBT-2174,VRA (Energy),Bilateral Debt,11/04/2023,3,198050000,10.89,11/04/2026,Short-Term Refinancing Risk,21567645.000000004
GHA-DEBT-2175,COCOBOD (Agric),Eurobond,03/12/2022,7,182680000,10.89,03/12/2029,Medium-Term Exposure,19893852.000000004
GHA-DEBT-2176,Unspecified SOE,Bilateral Debt,02/03/2021,10,108180000,12.58,02/03/2031,Medium-Term Exposure,13609044
GHA-DEBT-2177,GRIDCo (Energy),Bilateral Debt,06/04/2020,15,13990000,9.49,06/04/2035,Long-Term Sovereign Structural Debt,1327651
GHA-DEBT-2178,Unspecified SOE,Bilateral Debt,28/12/2025,15,234280000,11.61,28/12/2040,Long-Term Sovereign Structural Debt,27199908
GHA-DEBT-2179,Unspecified SOE,Domestic Treasury Bond,03/06/2024,7,37900000,11.07,03/06/2031,Medium-Term Exposure,4195530
GHA-DEBT-2180,VRA (Energy),SOE Guaranteed Loan,07/02/2020,15,155710000,8.13,07/02/2035,Long-Term Sovereign Structural Debt,12659223.000000002
GHA-DEBT-2181,COCOBOD (Agric),SOE Guaranteed Loan,03/11/2025,3,151580000,11.48,03/11/2028,Short-Term Refinancing Risk,17401384
GHA-DEBT-2182,GRIDCo (Energy),Bilateral Debt,09/04/2025,30,3640000,12.74,09/04/2055,Long-Term Sovereign Structural Debt,463736.00000000006
GHA-DEBT-2183,Central Government,SOE Guaranteed Loan,12/12/2024,15,131460000,11.36,12/12/2039,Long-Term Sovereign Structural Debt,14933855.999999998
GHA-DEBT-2184,Central Government,Domestic Treasury Bond,21/09/2024,30,93570000,9.56,21/09/2054,Long-Term Sovereign Structural Debt,8945292
GHA-DEBT-2185,Central Government,SOE Guaranteed Loan,03/03/2023,7,218710000,8.67,03/03/2030,Medium-Term Exposure,18962157
GHA-DEBT-2186,Central Government,SOE Guaranteed Loan,02/02/2020,10,18120000,8.59,02/02/2030,Medium-Term Exposure,1556508
GHA-DEBT-2187,Central Government,Eurobond,23/07/2025,30,185140000,9.64,23/07/2055,Long-Term Sovereign Structural Debt,17847496
GHA-DEBT-2188,Central Government,Domestic Treasury Bond,15/05/2020,15,239020000,5.6,15/05/2035,Long-Term Sovereign Structural Debt,13385119.999999998
GHA-DEBT-2189,VRA (Energy),SOE Guaranteed Loan,13/05/2020,10,134940000,5.53,13/05/2030,Medium-Term Exposure,7462182
GHA-DEBT-2190,Central Government,Bilateral Debt,04/11/2022,5,94210000,11.7,04/11/2027,Short-Term Refinancing Risk,11022570
GHA-DEBT-2191,Central Government,Eurobond,14/04/2024,15,83270000,13.96,14/04/2039,Long-Term Sovereign Structural Debt,11624492
GHA-DEBT-2192,Central Government,Eurobond,10/05/2023,15,226140000,6.17,10/05/2038,Long-Term Sovereign Structural Debt,13952838
GHA-DEBT-2193,Central Government,SOE Guaranteed Loan,18/05/2021,5,227860000,13.96,18/05/2026,Short-Term Refinancing Risk,31809256
GHA-DEBT-2194,Central Government,Domestic Treasury Bond,02/05/2025,3,33070000,13.88,02/05/2028,Short-Term Refinancing Risk,4590116
GHA-DEBT-2195,COCOBOD (Agric),Bilateral Debt,26/08/2022,30,28550000,6.28,26/08/2052,Long-Term Sovereign Structural Debt,1792940.0000000002
GHA-DEBT-2196,Central Government,SOE Guaranteed Loan,26/07/2024,30,149650000,7.07,26/07/2054,Long-Term Sovereign Structural Debt,10580255
GHA-DEBT-2197,VRA (Energy),Eurobond,28/05/2025,7,208860000,13.4,28/05/2032,Medium-Term Exposure,27987240
GHA-DEBT-2198,COCOBOD (Agric),Domestic Treasury Bond,12/10/2020,30,26180000,5.77,12/10/2050,Long-Term Sovereign Structural Debt,1510585.9999999998
GHA-DEBT-2199,Central Government,Eurobond,20/09/2020,7,226540000,6.14,20/09/2027,Medium-Term Exposure,13909556
GHA-DEBT-2200,Central Government,Bilateral Debt,07/03/2025,15,4830000,8.84,07/03/2040,Long-Term Sovereign Structural Debt,426971.99999999994
GHA-DEBT-2201,VRA (Energy),Bilateral Debt,30/05/2024,15,142520000,6.88,30/05/2039,Long-Term Sovereign Structural Debt,9805376
GHA-DEBT-2202,Central Government,Eurobond,23/08/2020,30,34980000,13.27,23/08/2050,Long-Term Sovereign Structural Debt,4641845.999999999
GHA-DEBT-2203,Central Government,SOE Guaranteed Loan,26/09/2025,15,14170000,10.09,26/09/2040,Long-Term Sovereign Structural Debt,1429753
GHA-DEBT-2204,Central Government,Bilateral Debt,03/07/2022,30,189010000,9.79,03/07/2052,Long-Term Sovereign Structural Debt,18504078.999999996
GHA-DEBT-2205,GRA (Revenue),Eurobond,04/11/2021,30,215090000,9.41,04/11/2051,Long-Term Sovereign Structural Debt,20239969
GHA-DEBT-2206,Central Government,Bilateral Debt,01/12/2022,3,77270000,13.04,01/12/2025,Short-Term Refinancing Risk,10076008
GHA-DEBT-2207,COCOBOD (Agric),Domestic Treasury Bond,23/04/2020,7,41990000,6.78,23/04/2027,Medium-Term Exposure,2846922
GHA-DEBT-2208,Central Government,SOE Guaranteed Loan,07/10/2023,30,238680000,7.07,07/10/2053,Long-Term Sovereign Structural Debt,16874676
GHA-DEBT-2209,GRIDCo (Energy),SOE Guaranteed Loan,04/03/2022,15,229000000,5.94,04/03/2037,Long-Term Sovereign Structural Debt,13602600
GHA-DEBT-2210,Central Government,Domestic Treasury Bond,27/09/2021,15,232980000,13.63,27/09/2036,Long-Term Sovereign Structural Debt,31755174
GHA-DEBT-2211,Central Government,Domestic Treasury Bond,23/03/2021,3,115460000,13.13,23/03/2024,Short-Term Refinancing Risk,15159898
GHA-DEBT-2212,GRIDCo (Energy),Domestic Treasury Bond,24/11/2024,7,139120000,13.27,24/11/2031,Medium-Term Exposure,18461223.999999996
GHA-DEBT-2213,Central Government,Domestic Treasury Bond,19/02/2021,3,155240000,7.49,19/02/2024,Short-Term Refinancing Risk,11627476.000000002
GHA-DEBT-2214,Central Government,SOE Guaranteed Loan,09/04/2024,30,161150000,12.73,09/04/2054,Long-Term Sovereign Structural Debt,20514395
GHA-DEBT-2215,Central Government,Domestic Treasury Bond,15/05/2022,5,28030000,11.28,15/05/2027,Short-Term Refinancing Risk,3161784
GHA-DEBT-2216,VRA (Energy),Eurobond,14/08/2025,15,47300000,8.52,14/08/2040,Long-Term Sovereign Structural Debt,4029960
GHA-DEBT-2217,Central Government,Domestic Treasury Bond,24/06/2024,5,95910000,13.29,24/06/2029,Short-Term Refinancing Risk,12746439
GHA-DEBT-2218,Central Government,Bilateral Debt,19/01/2024,3,20790000,8.82,19/01/2027,Short-Term Refinancing Risk,1833678
GHA-DEBT-2219,GRA (Revenue),Domestic Treasury Bond,18/04/2021,7,50680000,6.63,18/04/2028,Medium-Term Exposure,3360084
GHA-DEBT-2220,Central Government,Bilateral Debt,27/11/2025,7,198640000,10.32,27/11/2032,Medium-Term Exposure,20499648
GHA-DEBT-2221,Central Government,SOE Guaranteed Loan,26/02/2020,3,125280000,7.43,26/02/2023,Short-Term Refinancing Risk,9308303.999999998
GHA-DEBT-2222,Central Government,Domestic Treasury Bond,22/09/2021,3,236860000,13.2,22/09/2024,Short-Term Refinancing Risk,31265520
GHA-DEBT-2223,Central Government,Bilateral Debt,27/01/2023,7,157930000,12.68,27/01/2030,Medium-Term Exposure,20025524
GHA-DEBT-2224,Central Government,SOE Guaranteed Loan,30/07/2024,3,221220000,8.37,30/07/2027,Short-Term Refinancing Risk,18516114
GHA-DEBT-2225,Central Government,Bilateral Debt,20/03/2024,15,147460000,10.6,20/03/2039,Long-Term Sovereign Structural Debt,15630760
GHA-DEBT-2226,Central Government,Eurobond,13/10/2020,5,203840000,8.57,13/10/2025,Short-Term Refinancing Risk,17469088
GHA-DEBT-2227,COCOBOD (Agric),Bilateral Debt,05/07/2025,5,249450000,6.2,05/07/2030,Short-Term Refinancing Risk,15465900
GHA-DEBT-2228,Central Government,Eurobond,22/12/2020,5,54240000,6.92,22/12/2025,Short-Term Refinancing Risk,3753408
GHA-DEBT-2229,GRIDCo (Energy),Bilateral Debt,27/05/2021,30,189200000,9.39,27/05/2051,Long-Term Sovereign Structural Debt,17765880.000000004
GHA-DEBT-2230,GRIDCo (Energy),Eurobond,28/01/2025,3,40910000,9.96,28/01/2028,Short-Term Refinancing Risk,4074636.0000000005
GHA-DEBT-2231,Central Government,Bilateral Debt,26/09/2024,7,184230000,13.96,26/09/2031,Medium-Term Exposure,25718508
GHA-DEBT-2232,Central Government,Bilateral Debt,12/04/2022,15,122430000,9.89,12/04/2037,Long-Term Sovereign Structural Debt,12108327
GHA-DEBT-2233,Unspecified SOE,Eurobond,18/10/2025,5,50600000,7.58,18/10/2030,Short-Term Refinancing Risk,3835480.0000000005
GHA-DEBT-2234,Central Government,Domestic Treasury Bond,04/03/2024,15,182740000,6.01,04/03/2039,Long-Term Sovereign Structural Debt,10982674
GHA-DEBT-2235,Central Government,Bilateral Debt,26/03/2020,10,5160000,12.5,26/03/2030,Medium-Term Exposure,645000
GHA-DEBT-2236,VRA (Energy),Domestic Treasury Bond,18/03/2020,15,149760000,12.95,18/03/2035,Long-Term Sovereign Structural Debt,19393920
GHA-DEBT-2237,Central Government,Bilateral Debt,05/03/2025,30,216410000,7.63,05/03/2055,Long-Term Sovereign Structural Debt,16512082.999999998
GHA-DEBT-2238,Central Government,Bilateral Debt,31/07/2024,5,188120000,8.16,31/07/2029,Short-Term Refinancing Risk,15350592.000000002
GHA-DEBT-2239,GRIDCo (Energy),Domestic Treasury Bond,27/12/2021,3,33620000,10.97,27/12/2024,Short-Term Refinancing Risk,3688114
GHA-DEBT-2240,Central Government,SOE Guaranteed Loan,13/09/2022,3,138100000,8.56,13/09/2025,Short-Term Refinancing Risk,11821360.000000002
GHA-DEBT-2241,Central Government,Bilateral Debt,29/03/2024,5,207150000,6.72,29/03/2029,Short-Term Refinancing Risk,13920480
GHA-DEBT-2242,COCOBOD (Agric),Bilateral Debt,29/07/2025,10,19880000,9.35,29/07/2035,Medium-Term Exposure,1858780
GHA-DEBT-2243,Central Government,SOE Guaranteed Loan,30/05/2020,15,29150000,6.4,30/05/2035,Long-Term Sovereign Structural Debt,1865600
GHA-DEBT-2244,Central Government,SOE Guaranteed Loan,20/02/2022,3,237350000,8.05,20/02/2025,Short-Term Refinancing Risk,19106675
GHA-DEBT-2245,Central Government,Bilateral Debt,28/09/2020,7,179800000,9.17,28/09/2027,Medium-Term Exposure,16487660
GHA-DEBT-2246,Central Government,SOE Guaranteed Loan,11/01/2020,10,61710000,9.18,11/01/2030,Medium-Term Exposure,5664978
GHA-DEBT-2247,Central Government,Eurobond,08/10/2021,15,41630000,10.02,08/10/2036,Long-Term Sovereign Structural Debt,4171326
GHA-DEBT-2248,Central Government,Domestic Treasury Bond,23/04/2025,10,98690000,14.01,23/04/2035,Medium-Term Exposure,13826469
GHA-DEBT-2249,VRA (Energy),SOE Guaranteed Loan,06/03/2023,15,247680000,6.24,06/03/2038,Long-Term Sovereign Structural Debt,15455232.000000002
GHA-DEBT-2250,Central Government,Domestic Treasury Bond,22/05/2022,3,58340000,8.89,22/05/2025,Short-Term Refinancing Risk,5186426
GHA-DEBT-2251,Central Government,Bilateral Debt,08/10/2025,30,98680000,6.83,08/10/2055,Long-Term Sovereign Structural Debt,6739844
GHA-DEBT-2252,Central Government,Bilateral Debt,14/09/2020,30,237210000,8.45,14/09/2050,Long-Term Sovereign Structural Debt,20044244.999999996
GHA-DEBT-2253,Unspecified SOE,SOE Guaranteed Loan,07/12/2022,10,181650000,7.75,07/12/2032,Medium-Term Exposure,14077875
GHA-DEBT-2254,GRIDCo (Energy),Bilateral Debt,23/03/2025,7,39790000,10.47,23/03/2032,Medium-Term Exposure,4166013
GHA-DEBT-2255,Central Government,Bilateral Debt,08/05/2025,3,187200000,8.32,08/05/2028,Short-Term Refinancing Risk,15575040
GHA-DEBT-2256,VRA (Energy),Bilateral Debt,28/08/2021,5,228610000,13.01,28/08/2026,Short-Term Refinancing Risk,29742161
GHA-DEBT-2257,GRA (Revenue),Eurobond,25/05/2022,30,26060000,12.9,25/05/2052,Long-Term Sovereign Structural Debt,3361740
GHA-DEBT-2258,GRIDCo (Energy),SOE Guaranteed Loan,12/07/2020,7,120390000,5.78,12/07/2027,Medium-Term Exposure,6958542.000000001
GHA-DEBT-2259,Central Government,Domestic Treasury Bond,16/02/2023,30,59630000,7.99,16/02/2053,Long-Term Sovereign Structural Debt,4764437
GHA-DEBT-2260,Central Government,Domestic Treasury Bond,16/06/2022,15,147610000,5.56,16/06/2037,Long-Term Sovereign Structural Debt,8207115.999999999
GHA-DEBT-2261,Unspecified SOE,Domestic Treasury Bond,04/02/2021,3,75580000,8.5,04/02/2024,Short-Term Refinancing Risk,6424300
GHA-DEBT-2262,VRA (Energy),Bilateral Debt,24/05/2025,30,222380000,13.78,24/05/2055,Long-Term Sovereign Structural Debt,30643964
GHA-DEBT-2263,Central Government,Bilateral Debt,07/04/2021,30,236680000,11.64,07/04/2051,Long-Term Sovereign Structural Debt,27549552
GHA-DEBT-2264,Central Government,Bilateral Debt,29/11/2023,5,103790000,11.58,29/11/2028,Short-Term Refinancing Risk,12018882
GHA-DEBT-2265,Unspecified SOE,Eurobond,18/12/2022,15,51850000,6.7,18/12/2037,Long-Term Sovereign Structural Debt,3473950
GHA-DEBT-2266,COCOBOD (Agric),Eurobond,26/11/2025,30,160990000,11.71,26/11/2055,Long-Term Sovereign Structural Debt,18851929
GHA-DEBT-2267,Central Government,Domestic Treasury Bond,16/10/2023,5,227420000,10.68,16/10/2028,Short-Term Refinancing Risk,24288456
GHA-DEBT-2268,VRA (Energy),Eurobond,23/05/2022,3,225400000,9.88,23/05/2025,Short-Term Refinancing Risk,22269520.000000004
GHA-DEBT-2269,GRIDCo (Energy),Bilateral Debt,20/10/2021,5,234270000,10.85,20/10/2026,Short-Term Refinancing Risk,25418295
GHA-DEBT-2270,GRIDCo (Energy),Eurobond,08/06/2020,15,231990000,6.3,08/06/2035,Long-Term Sovereign Structural Debt,14615370
GHA-DEBT-2271,Central Government,SOE Guaranteed Loan,25/06/2025,7,162370000,9.3,25/06/2032,Medium-Term Exposure,15100410.000000002
GHA-DEBT-2272,VRA (Energy),Eurobond,13/12/2022,3,5060000,9.18,13/12/2025,Short-Term Refinancing Risk,464507.99999999994
GHA-DEBT-2273,GRA (Revenue),SOE Guaranteed Loan,08/04/2020,5,18680000,8.57,08/04/2025,Short-Term Refinancing Risk,1600876
GHA-DEBT-2274,Central Government,Bilateral Debt,04/06/2022,3,211260000,10.8,04/06/2025,Short-Term Refinancing Risk,22816080.000000004
GHA-DEBT-2275,GRA (Revenue),Bilateral Debt,19/11/2023,3,113720000,11.06,19/11/2026,Short-Term Refinancing Risk,12577432
GHA-DEBT-2276,Central Government,SOE Guaranteed Loan,17/01/2023,30,1920000,11.18,17/01/2053,Long-Term Sovereign Structural Debt,214656
GHA-DEBT-2277,COCOBOD (Agric),Bilateral Debt,20/04/2022,5,39950000,6.05,20/04/2027,Short-Term Refinancing Risk,2416975
GHA-DEBT-2278,VRA (Energy),SOE Guaranteed Loan,12/11/2021,3,113350000,13.05,12/11/2024,Short-Term Refinancing Risk,14792175
GHA-DEBT-2279,Central Government,Domestic Treasury Bond,21/07/2023,30,2130000,8.73,21/07/2053,Long-Term Sovereign Structural Debt,185949
GHA-DEBT-2280,Central Government,Bilateral Debt,23/01/2025,5,43070000,8.55,23/01/2030,Short-Term Refinancing Risk,3682485.0000000005
GHA-DEBT-2281,Central Government,Bilateral Debt,14/02/2020,7,47810000,6.93,14/02/2027,Medium-Term Exposure,3313233
GHA-DEBT-2282,Central Government,Bilateral Debt,09/06/2024,3,231050000,13.02,09/06/2027,Short-Term Refinancing Risk,30082709.999999996
GHA-DEBT-2283,Unspecified SOE,Bilateral Debt,17/10/2020,30,97100000,8.46,17/10/2050,Long-Term Sovereign Structural Debt,8214660.000000001
GHA-DEBT-2284,Central Government,Bilateral Debt,04/11/2021,30,231040000,13.63,04/11/2051,Long-Term Sovereign Structural Debt,31490752
GHA-DEBT-2285,Central Government,Bilateral Debt,17/09/2024,10,164910000,9.03,17/09/2034,Medium-Term Exposure,14891372.999999998
GHA-DEBT-2286,Central Government,Domestic Treasury Bond,28/11/2025,30,89480000,7.24,28/11/2055,Long-Term Sovereign Structural Debt,6478352.000000001
GHA-DEBT-2287,Central Government,Bilateral Debt,14/05/2023,30,16120000,11.25,14/05/2053,Long-Term Sovereign Structural Debt,1813500
GHA-DEBT-2288,VRA (Energy),SOE Guaranteed Loan,31/03/2023,7,122080000,12.89,31/03/2030,Medium-Term Exposure,15736112.000000002
GHA-DEBT-2289,VRA (Energy),Domestic Treasury Bond,08/04/2022,3,233550000,5.7,08/04/2025,Short-Term Refinancing Risk,13312350
GHA-DEBT-2290,Unspecified SOE,Eurobond,24/11/2023,15,243240000,12.46,24/11/2038,Long-Term Sovereign Structural Debt,30307704
GHA-DEBT-2291,Central Government,Eurobond,21/05/2020,5,240680000,8.11,21/05/2025,Short-Term Refinancing Risk,19519147.999999996
GHA-DEBT-2292,GRA (Revenue),SOE Guaranteed Loan,02/06/2025,3,197190000,13.73,02/06/2028,Short-Term Refinancing Risk,27074187
GHA-DEBT-2293,VRA (Energy),SOE Guaranteed Loan,04/12/2025,30,83040000,13.55,04/12/2055,Long-Term Sovereign Structural Debt,11251920
GHA-DEBT-2294,Unspecified SOE,SOE Guaranteed Loan,13/09/2020,30,84050000,11.63,13/09/2050,Long-Term Sovereign Structural Debt,9775015.000000002
GHA-DEBT-2295,Central Government,Domestic Treasury Bond,29/11/2025,7,118910000,14.45,29/11/2032,Medium-Term Exposure,17182495
GHA-DEBT-2296,Central Government,Domestic Treasury Bond,26/08/2025,5,175650000,13.46,26/08/2030,Short-Term Refinancing Risk,23642490
GHA-DEBT-2297,Central Government,Domestic Treasury Bond,21/02/2021,7,41180000,13.26,21/02/2028,Medium-Term Exposure,5460468
GHA-DEBT-2298,COCOBOD (Agric),Domestic Treasury Bond,09/07/2022,15,110500000,7.93,09/07/2037,Long-Term Sovereign Structural Debt,8762650
GHA-DEBT-2299,Central Government,SOE Guaranteed Loan,05/08/2020,3,28350000,5.92,05/08/2023,Short-Term Refinancing Risk,1678320
GHA-DEBT-2300,Central Government,Domestic Treasury Bond,12/03/2023,10,137030000,10.15,12/03/2033,Medium-Term Exposure,13908545.000000002
GHA-DEBT-2301,Central Government,Bilateral Debt,13/11/2025,5,184230000,10.82,13/11/2030,Short-Term Refinancing Risk,19933686
GHA-DEBT-2302,Central Government,Bilateral Debt,15/10/2020,30,134640000,11.45,15/10/2050,Long-Term Sovereign Structural Debt,15416279.999999998
GHA-DEBT-2303,Central Government,Eurobond,25/03/2024,5,49410000,10.96,25/03/2029,Short-Term Refinancing Risk,5415336
GHA-DEBT-2304,Central Government,SOE Guaranteed Loan,24/12/2024,5,235610000,7.95,24/12/2029,Short-Term Refinancing Risk,18730995
GHA-DEBT-2305,Central Government,SOE Guaranteed Loan,18/12/2022,5,231430000,8.36,18/12/2027,Short-Term Refinancing Risk,19347548
GHA-DEBT-2306,Central Government,Eurobond,08/04/2024,3,217670000,12.81,08/04/2027,Short-Term Refinancing Risk,27883527
GHA-DEBT-2307,GRIDCo (Energy),Domestic Treasury Bond,03/01/2020,7,55710000,7.3,03/01/2027,Medium-Term Exposure,4066829.9999999995
GHA-DEBT-2308,VRA (Energy),Domestic Treasury Bond,11/10/2021,10,194350000,6.54,11/10/2031,Medium-Term Exposure,12710490
GHA-DEBT-2309,Central Government,Bilateral Debt,05/08/2025,15,129310000,7.77,05/08/2040,Long-Term Sovereign Structural Debt,10047386.999999998
GHA-DEBT-2310,Central Government,SOE Guaranteed Loan,14/07/2022,15,112940000,10.86,14/07/2037,Long-Term Sovereign Structural Debt,12265283.999999998
GHA-DEBT-2311,Central Government,Bilateral Debt,12/08/2025,7,202920000,7.62,12/08/2032,Medium-Term Exposure,15462504
GHA-DEBT-2312,GRIDCo (Energy),Domestic Treasury Bond,13/12/2025,7,61900000,10.89,13/12/2032,Medium-Term Exposure,6740910.000000001
GHA-DEBT-2313,VRA (Energy),SOE Guaranteed Loan,14/05/2021,10,124960000,11.4,14/05/2031,Medium-Term Exposure,14245440
GHA-DEBT-2314,Central Government,Bilateral Debt,20/09/2025,15,72380000,14.34,20/09/2040,Long-Term Sovereign Structural Debt,10379292
GHA-DEBT-2315,GRA (Revenue),Eurobond,09/06/2023,30,45350000,7.09,09/06/2053,Long-Term Sovereign Structural Debt,3215315
GHA-DEBT-2316,GRIDCo (Energy),Eurobond,13/06/2020,5,124810000,13.72,13/06/2025,Short-Term Refinancing Risk,17123932.000000004
GHA-DEBT-2317,Central Government,Bilateral Debt,09/01/2020,5,214580000,9.77,09/01/2025,Short-Term Refinancing Risk,20964466
GHA-DEBT-2318,Central Government,Bilateral Debt,01/09/2022,10,21780000,9.18,01/09/2032,Medium-Term Exposure,1999403.9999999998
GHA-DEBT-2319,Central Government,Eurobond,22/10/2021,15,204870000,10.93,22/10/2036,Long-Term Sovereign Structural Debt,22392291
GHA-DEBT-2320,VRA (Energy),Eurobond,23/08/2025,3,176500000,8.99,23/08/2028,Short-Term Refinancing Risk,15867350.000000002
GHA-DEBT-2321,Central Government,Domestic Treasury Bond,23/12/2024,15,38940000,12.7,23/12/2039,Long-Term Sovereign Structural Debt,4945380
GHA-DEBT-2322,Central Government,SOE Guaranteed Loan,07/08/2021,5,16190000,10.07,07/08/2026,Short-Term Refinancing Risk,1630333
GHA-DEBT-2323,VRA (Energy),Domestic Treasury Bond,02/11/2025,5,42750000,12.31,02/11/2030,Short-Term Refinancing Risk,5262525
GHA-DEBT-2324,Central Government,Eurobond,31/05/2023,3,219140000,10.96,31/05/2026,Short-Term Refinancing Risk,24017744
GHA-DEBT-2325,Central Government,Domestic Treasury Bond,19/09/2021,10,35450000,9.57,19/09/2031,Medium-Term Exposure,3392565.0000000005
GHA-DEBT-2326,GRIDCo (Energy),Bilateral Debt,16/09/2021,30,40350000,10.76,16/09/2051,Long-Term Sovereign Structural Debt,4341660
GHA-DEBT-2327,Central Government,Eurobond,07/11/2020,10,142630000,8.33,07/11/2030,Medium-Term Exposure,11881079
GHA-DEBT-2328,VRA (Energy),SOE Guaranteed Loan,29/03/2023,3,29170000,12.88,29/03/2026,Short-Term Refinancing Risk,3757096
GHA-DEBT-2329,Central Government,Eurobond,24/09/2020,7,99600000,8.61,24/09/2027,Medium-Term Exposure,8575560
GHA-DEBT-2330,VRA (Energy),Domestic Treasury Bond,14/07/2020,3,6900000,13.83,14/07/2023,Short-Term Refinancing Risk,954270
GHA-DEBT-2331,GRIDCo (Energy),Bilateral Debt,23/07/2021,5,98290000,7.37,23/07/2026,Short-Term Refinancing Risk,7243973
GHA-DEBT-2332,GRIDCo (Energy),Bilateral Debt,05/12/2020,30,113240000,7.88,05/12/2050,Long-Term Sovereign Structural Debt,8923312
GHA-DEBT-2333,Central Government,Eurobond,08/04/2022,5,200930000,12.76,08/04/2027,Short-Term Refinancing Risk,25638668
GHA-DEBT-2334,Central Government,SOE Guaranteed Loan,21/10/2023,7,200500000,6.7,21/10/2030,Medium-Term Exposure,13433500
GHA-DEBT-2335,Central Government,Eurobond,11/09/2021,10,213180000,10.07,11/09/2031,Medium-Term Exposure,21467226
GHA-DEBT-2336,Central Government,Bilateral Debt,07/07/2022,3,64190000,12.89,07/07/2025,Short-Term Refinancing Risk,8274091.000000001
GHA-DEBT-2337,Unspecified SOE,SOE Guaranteed Loan,31/01/2024,30,138110000,11.23,31/01/2054,Long-Term Sovereign Structural Debt,15509753.000000002
GHA-DEBT-2338,VRA (Energy),Eurobond,03/09/2021,3,51130000,7.83,03/09/2024,Short-Term Refinancing Risk,4003478.9999999995
GHA-DEBT-2339,Central Government,Eurobond,06/12/2022,15,10510000,13.6,06/12/2037,Long-Term Sovereign Structural Debt,1429360
GHA-DEBT-2340,Central Government,SOE Guaranteed Loan,19/02/2025,10,152870000,10.18,19/02/2035,Medium-Term Exposure,15562166
GHA-DEBT-2341,VRA (Energy),Eurobond,31/07/2022,10,48770000,10.78,31/07/2032,Medium-Term Exposure,5257406
GHA-DEBT-2342,COCOBOD (Agric),Bilateral Debt,31/03/2022,7,138400000,8.82,31/03/2029,Medium-Term Exposure,12206880
GHA-DEBT-2343,Central Government,Bilateral Debt,20/08/2021,5,159430000,11.52,20/08/2026,Short-Term Refinancing Risk,18366336
GHA-DEBT-2344,Central Government,Eurobond,19/03/2021,7,44770000,10.33,19/03/2028,Medium-Term Exposure,4624741
GHA-DEBT-2345,GRIDCo (Energy),Eurobond,03/03/2025,3,45810000,12.82,03/03/2028,Short-Term Refinancing Risk,5872842
GHA-DEBT-2346,COCOBOD (Agric),SOE Guaranteed Loan,07/07/2020,30,32980000,12.08,07/07/2050,Long-Term Sovereign Structural Debt,3983984
GHA-DEBT-2347,GRIDCo (Energy),Bilateral Debt,12/10/2021,30,82540000,9.39,12/10/2051,Long-Term Sovereign Structural Debt,7750506.000000001
GHA-DEBT-2348,Central Government,Domestic Treasury Bond,28/10/2024,10,121210000,8.09,28/10/2034,Medium-Term Exposure,9805889
GHA-DEBT-2349,VRA (Energy),Eurobond,22/02/2021,3,161120000,7.74,22/02/2024,Short-Term Refinancing Risk,12470688
GHA-DEBT-2350,VRA (Energy),Eurobond,04/03/2024,5,26740000,7.53,04/03/2029,Short-Term Refinancing Risk,2013522.0000000002
GHA-DEBT-2351,COCOBOD (Agric),Domestic Treasury Bond,13/09/2023,10,227040000,11.81,13/09/2033,Medium-Term Exposure,26813424.000000004
GHA-DEBT-2352,Central Government,SOE Guaranteed Loan,11/08/2022,3,151600000,11.35,11/08/2025,Short-Term Refinancing Risk,17206600
GHA-DEBT-2353,Central Government,Eurobond,20/08/2022,3,91240000,10.2,20/08/2025,Short-Term Refinancing Risk,9306480
GHA-DEBT-2354,Unspecified SOE,Domestic Treasury Bond,17/07/2023,30,5610000,8.33,17/07/2053,Long-Term Sovereign Structural Debt,467313
GHA-DEBT-2355,Central Government,Bilateral Debt,07/11/2025,15,134930000,10.58,07/11/2040,Long-Term Sovereign Structural Debt,14275594
GHA-DEBT-2356,VRA (Energy),Bilateral Debt,25/09/2023,7,208700000,14.3,25/09/2030,Medium-Term Exposure,29844100.000000004
GHA-DEBT-2357,COCOBOD (Agric),Bilateral Debt,19/01/2023,5,70790000,13.92,19/01/2028,Short-Term Refinancing Risk,9853968
GHA-DEBT-2358,VRA (Energy),Domestic Treasury Bond,17/04/2025,30,194120000,6.1,17/04/2055,Long-Term Sovereign Structural Debt,11841320
GHA-DEBT-2359,Central Government,Eurobond,27/10/2020,30,206670000,14.03,27/10/2050,Long-Term Sovereign Structural Debt,28995800.999999996
GHA-DEBT-2360,Central Government,Bilateral Debt,15/12/2022,7,17740000,9.41,15/12/2029,Medium-Term Exposure,1669334
GHA-DEBT-2361,GRIDCo (Energy),Domestic Treasury Bond,19/04/2025,5,110420000,9.17,19/04/2030,Short-Term Refinancing Risk,10125514
GHA-DEBT-2362,Central Government,Bilateral Debt,21/01/2022,3,98270000,11.73,21/01/2025,Short-Term Refinancing Risk,11527071
GHA-DEBT-2363,Central Government,Bilateral Debt,30/12/2025,15,241100000,12.96,30/12/2040,Long-Term Sovereign Structural Debt,31246560.000000004
GHA-DEBT-2364,Central Government,Eurobond,05/10/2022,15,215770000,14.38,05/10/2037,Long-Term Sovereign Structural Debt,31027726.000000004
GHA-DEBT-2365,Central Government,SOE Guaranteed Loan,12/02/2025,15,101540000,12.24,12/02/2040,Long-Term Sovereign Structural Debt,12428496
GHA-DEBT-2366,Central Government,Eurobond,04/09/2020,5,241110000,12.68,04/09/2025,Short-Term Refinancing Risk,30572748
GHA-DEBT-2367,Unspecified SOE,Eurobond,02/08/2022,15,21910000,12.95,02/08/2037,Long-Term Sovereign Structural Debt,2837345
GHA-DEBT-2368,Central Government,Eurobond,01/10/2023,10,118640000,9.2,01/10/2033,Medium-Term Exposure,10914880
GHA-DEBT-2369,VRA (Energy),SOE Guaranteed Loan,20/12/2020,15,241420000,12.45,20/12/2035,Long-Term Sovereign Structural Debt,30056790
GHA-DEBT-2370,GRIDCo (Energy),Eurobond,11/08/2023,7,100150000,14.32,11/08/2030,Medium-Term Exposure,14341480
GHA-DEBT-2371,Central Government,Eurobond,12/11/2021,10,196420000,10.26,12/11/2031,Medium-Term Exposure,20152692
GHA-DEBT-2372,VRA (Energy),Eurobond,01/08/2021,30,193570000,11.52,01/08/2051,Long-Term Sovereign Structural Debt,22299264
GHA-DEBT-2373,Central Government,Domestic Treasury Bond,28/07/2021,7,210590000,9.21,28/07/2028,Medium-Term Exposure,19395339.000000004
GHA-DEBT-2374,Central Government,Domestic Treasury Bond,20/02/2024,3,26750000,11.81,20/02/2027,Short-Term Refinancing Risk,3159175.0000000005
GHA-DEBT-2375,Central Government,Eurobond,03/06/2023,5,48090000,7.88,03/06/2028,Short-Term Refinancing Risk,3789491.9999999995
GHA-DEBT-2376,GRA (Revenue),Eurobond,14/07/2020,3,193810000,9.12,14/07/2023,Short-Term Refinancing Risk,17675471.999999996
GHA-DEBT-2377,Central Government,SOE Guaranteed Loan,28/02/2022,5,26730000,6.63,28/02/2027,Short-Term Refinancing Risk,1772199
GHA-DEBT-2378,GRIDCo (Energy),Domestic Treasury Bond,03/12/2024,30,6470000,11.76,03/12/2054,Long-Term Sovereign Structural Debt,760872
GHA-DEBT-2379,GRA (Revenue),Domestic Treasury Bond,27/07/2023,3,110340000,11.81,27/07/2026,Short-Term Refinancing Risk,13031154.000000002
GHA-DEBT-2380,Central Government,Domestic Treasury Bond,23/02/2022,3,125660000,9.59,23/02/2025,Short-Term Refinancing Risk,12050794
GHA-DEBT-2381,Central Government,Eurobond,07/05/2022,30,162340000,12.17,07/05/2052,Long-Term Sovereign Structural Debt,19756778
GHA-DEBT-2382,Central Government,SOE Guaranteed Loan,02/12/2023,30,188890000,6.84,02/12/2053,Long-Term Sovereign Structural Debt,12920076
GHA-DEBT-2383,VRA (Energy),Bilateral Debt,16/08/2023,10,91510000,8.34,16/08/2033,Medium-Term Exposure,7631934
GHA-DEBT-2384,Central Government,Eurobond,21/01/2025,5,7300000,10.57,21/01/2030,Short-Term Refinancing Risk,771610
GHA-DEBT-2385,COCOBOD (Agric),Eurobond,13/12/2020,30,30520000,9.93,13/12/2050,Long-Term Sovereign Structural Debt,3030636
GHA-DEBT-2386,VRA (Energy),Eurobond,10/08/2022,3,237610000,10.27,10/08/2025,Short-Term Refinancing Risk,24402547
GHA-DEBT-2387,VRA (Energy),Domestic Treasury Bond,19/08/2025,5,208530000,12.07,19/08/2030,Short-Term Refinancing Risk,25169571
GHA-DEBT-2388,Central Government,Eurobond,08/01/2023,30,76290000,10.64,08/01/2053,Long-Term Sovereign Structural Debt,8117256.000000001
GHA-DEBT-2389,Central Government,Eurobond,30/10/2024,7,10550000,10.52,30/10/2031,Medium-Term Exposure,1109860
GHA-DEBT-2390,COCOBOD (Agric),Eurobond,05/05/2020,5,203950000,6.27,05/05/2025,Short-Term Refinancing Risk,12787664.999999998
GHA-DEBT-2391,Central Government,Bilateral Debt,06/12/2024,3,147710000,6.78,06/12/2027,Short-Term Refinancing Risk,10014738
GHA-DEBT-2392,Central Government,Bilateral Debt,09/02/2020,5,104090000,9.4,09/02/2025,Short-Term Refinancing Risk,9784460
GHA-DEBT-2393,Central Government,Eurobond,04/11/2023,15,196390000,10.17,04/11/2038,Long-Term Sovereign Structural Debt,19972863
GHA-DEBT-2394,COCOBOD (Agric),Bilateral Debt,13/09/2022,3,112030000,7.5,13/09/2025,Short-Term Refinancing Risk,8402250
GHA-DEBT-2395,GRA (Revenue),Eurobond,04/07/2021,15,190940000,14.19,04/07/2036,Long-Term Sovereign Structural Debt,27094386
GHA-DEBT-2396,VRA (Energy),Eurobond,17/06/2025,10,72640000,13.22,17/06/2035,Medium-Term Exposure,9603008
GHA-DEBT-2397,Central Government,SOE Guaranteed Loan,22/01/2023,30,158170000,6.65,22/01/2053,Long-Term Sovereign Structural Debt,10518305
GHA-DEBT-2398,Central Government,Bilateral Debt,08/05/2023,7,11710000,10.3,08/05/2030,Medium-Term Exposure,1206130
GHA-DEBT-2399,Central Government,SOE Guaranteed Loan,04/01/2021,7,229880000,9.56,04/01/2028,Medium-Term Exposure,21976528
GHA-DEBT-2400,Central Government,Eurobond,05/08/2024,10,221530000,8.49,05/08/2034,Medium-Term Exposure,18807897
GHA-DEBT-2401,Central Government,Eurobond,25/11/2020,15,42300000,13.29,25/11/2035,Long-Term Sovereign Structural Debt,5621670
GHA-DEBT-2402,GRIDCo (Energy),Eurobond,07/04/2023,5,64890000,12.35,07/04/2028,Short-Term Refinancing Risk,8013915
GHA-DEBT-2403,Central Government,SOE Guaranteed Loan,21/05/2023,7,98650000,8.93,21/05/2030,Medium-Term Exposure,8809444.999999998
GHA-DEBT-2404,COCOBOD (Agric),SOE Guaranteed Loan,04/07/2025,10,216720000,12.43,04/07/2035,Medium-Term Exposure,26938296
GHA-DEBT-2405,VRA (Energy),SOE Guaranteed Loan,07/12/2025,30,147480000,9.27,07/12/2055,Long-Term Sovereign Structural Debt,13671395.999999998
GHA-DEBT-2406,GRA (Revenue),Eurobond,25/02/2024,3,52220000,7.99,25/02/2027,Short-Term Refinancing Risk,4172378
GHA-DEBT-2407,Central Government,Domestic Treasury Bond,27/06/2021,3,154850000,9.83,27/06/2024,Short-Term Refinancing Risk,15221755
GHA-DEBT-2408,GRIDCo (Energy),Bilateral Debt,14/01/2020,3,84190000,9.24,14/01/2023,Short-Term Refinancing Risk,7779156
GHA-DEBT-2409,COCOBOD (Agric),Eurobond,18/05/2020,7,110000000,6.6,18/05/2027,Medium-Term Exposure,7260000
GHA-DEBT-2410,Central Government,SOE Guaranteed Loan,26/01/2025,7,136570000,9.08,26/01/2032,Medium-Term Exposure,12400556
GHA-DEBT-2411,GRIDCo (Energy),Bilateral Debt,14/02/2024,7,98360000,12.25,14/02/2031,Medium-Term Exposure,12049100
GHA-DEBT-2412,Central Government,Domestic Treasury Bond,30/12/2020,7,78160000,13.13,30/12/2027,Medium-Term Exposure,10262408
GHA-DEBT-2413,Unspecified SOE,SOE Guaranteed Loan,30/05/2025,30,45340000,10.76,30/05/2055,Long-Term Sovereign Structural Debt,4878584
GHA-DEBT-2414,Central Government,Eurobond,30/08/2025,10,48630000,12.55,30/08/2035,Medium-Term Exposure,6103065
GHA-DEBT-2415,VRA (Energy),SOE Guaranteed Loan,14/05/2022,7,50040000,13.07,14/05/2029,Medium-Term Exposure,6540228.000000001
GHA-DEBT-2416,GRA (Revenue),Domestic Treasury Bond,05/10/2024,30,107100000,5.5,05/10/2054,Long-Term Sovereign Structural Debt,5890500
GHA-DEBT-2417,Central Government,SOE Guaranteed Loan,06/11/2023,15,143390000,8.24,06/11/2038,Long-Term Sovereign Structural Debt,11815336
GHA-DEBT-2418,Central Government,Bilateral Debt,15/05/2024,7,241670000,12.21,15/05/2031,Medium-Term Exposure,29507907.000000004
GHA-DEBT-2419,Central Government,Domestic Treasury Bond,18/10/2023,30,220980000,12.69,18/10/2053,Long-Term Sovereign Structural Debt,28042361.999999996
GHA-DEBT-2420,Central Government,SOE Guaranteed Loan,23/06/2025,5,153070000,8.2,23/06/2030,Short-Term Refinancing Risk,12551739.999999998
GHA-DEBT-2421,COCOBOD (Agric),Bilateral Debt,06/10/2024,5,202620000,12.47,06/10/2029,Short-Term Refinancing Risk,25266714
GHA-DEBT-2422,GRA (Revenue),SOE Guaranteed Loan,12/05/2022,7,3040000,11.45,12/05/2029,Medium-Term Exposure,348080
GHA-DEBT-2423,Central Government,Eurobond,11/10/2023,15,188810000,6.94,11/10/2038,Long-Term Sovereign Structural Debt,13103414
GHA-DEBT-2424,Central Government,SOE Guaranteed Loan,06/01/2022,5,121770000,8.44,06/01/2027,Short-Term Refinancing Risk,10277387.999999998
GHA-DEBT-2425,VRA (Energy),SOE Guaranteed Loan,15/11/2020,7,110610000,8.79,15/11/2027,Medium-Term Exposure,9722619
GHA-DEBT-2426,Central Government,Domestic Treasury Bond,11/12/2025,30,11260000,10.11,11/12/2055,Long-Term Sovereign Structural Debt,1138386
GHA-DEBT-2427,Central Government,Eurobond,21/06/2020,10,5020000,10.45,21/06/2030,Medium-Term Exposure,524590
GHA-DEBT-2428,GRIDCo (Energy),Bilateral Debt,01/12/2021,30,198520000,7.48,01/12/2051,Long-Term Sovereign Structural Debt,14849296.000000002
GHA-DEBT-2429,COCOBOD (Agric),SOE Guaranteed Loan,26/07/2020,5,172040000,11.06,26/07/2025,Short-Term Refinancing Risk,19027624
GHA-DEBT-2430,GRIDCo (Energy),SOE Guaranteed Loan,16/02/2025,30,112340000,10.94,16/02/2055,Long-Term Sovereign Structural Debt,12289996
GHA-DEBT-2431,GRIDCo (Energy),Eurobond,19/01/2020,10,169510000,5.73,19/01/2030,Medium-Term Exposure,9712923
GHA-DEBT-2432,GRIDCo (Energy),Eurobond,11/05/2020,3,189440000,9.35,11/05/2023,Short-Term Refinancing Risk,17712640
GHA-DEBT-2433,VRA (Energy),Domestic Treasury Bond,28/01/2021,10,227530000,12.15,28/01/2031,Medium-Term Exposure,27644895
GHA-DEBT-2434,Central Government,Domestic Treasury Bond,20/05/2025,7,184620000,13.29,20/05/2032,Medium-Term Exposure,24535998
GHA-DEBT-2435,Central Government,Domestic Treasury Bond,29/07/2025,30,144770000,10.14,29/07/2055,Long-Term Sovereign Structural Debt,14679678
GHA-DEBT-2436,VRA (Energy),Domestic Treasury Bond,03/03/2020,15,201790000,8.26,03/03/2035,Long-Term Sovereign Structural Debt,16667853.999999998
GHA-DEBT-2437,VRA (Energy),SOE Guaranteed Loan,23/11/2024,30,91450000,9.97,23/11/2054,Long-Term Sovereign Structural Debt,9117565.000000002
GHA-DEBT-2438,Central Government,Bilateral Debt,29/11/2020,7,217010000,9.42,29/11/2027,Medium-Term Exposure,20442342
GHA-DEBT-2439,COCOBOD (Agric),Eurobond,25/01/2024,10,231180000,8.88,25/01/2034,Medium-Term Exposure,20528784
GHA-DEBT-2440,Central Government,SOE Guaranteed Loan,05/10/2021,7,48330000,6.69,05/10/2028,Medium-Term Exposure,3233277
GHA-DEBT-2441,COCOBOD (Agric),Eurobond,27/03/2025,10,170000000,8.39,27/03/2035,Medium-Term Exposure,14263000
GHA-DEBT-2442,GRA (Revenue),SOE Guaranteed Loan,05/07/2023,10,151920000,10.83,05/07/2033,Medium-Term Exposure,16452936.000000002
GHA-DEBT-2443,VRA (Energy),Bilateral Debt,24/04/2024,3,133040000,11.27,24/04/2027,Short-Term Refinancing Risk,14993608
GHA-DEBT-2444,Central Government,Eurobond,29/12/2023,10,12730000,6.03,29/12/2033,Medium-Term Exposure,767619
GHA-DEBT-2445,Central Government,SOE Guaranteed Loan,13/04/2025,15,18950000,7.29,13/04/2040,Long-Term Sovereign Structural Debt,1381455.0000000002
GHA-DEBT-2446,GRA (Revenue),Eurobond,06/04/2023,7,185710000,7.61,06/04/2030,Medium-Term Exposure,14132531
GHA-DEBT-2447,GRIDCo (Energy),Bilateral Debt,16/04/2020,15,103660000,6.73,16/04/2035,Long-Term Sovereign Structural Debt,6976318
GHA-DEBT-2448,Central Government,Bilateral Debt,10/02/2022,3,219200000,8.02,10/02/2025,Short-Term Refinancing Risk,17579840
GHA-DEBT-2449,Central Government,Domestic Treasury Bond,05/10/2024,3,6530000,14.06,05/10/2027,Short-Term Refinancing Risk,918118
GHA-DEBT-2450,Central Government,Eurobond,03/02/2025,5,211480000,12.03,03/02/2030,Short-Term Refinancing Risk,25441043.999999996
GHA-DEBT-2451,Central Government,Eurobond,02/03/2025,10,25990000,9.27,02/03/2035,Medium-Term Exposure,2409272.9999999995
GHA-DEBT-2452,Central Government,Domestic Treasury Bond,12/04/2020,15,97480000,8.19,12/04/2035,Long-Term Sovereign Structural Debt,7983612
GHA-DEBT-2453,COCOBOD (Agric),SOE Guaranteed Loan,27/09/2020,5,225110000,5.58,27/09/2025,Short-Term Refinancing Risk,12561138
GHA-DEBT-2454,Central Government,SOE Guaranteed Loan,30/07/2023,10,45990000,7.22,30/07/2033,Medium-Term Exposure,3320478
GHA-DEBT-2455,Central Government,Eurobond,04/05/2025,10,62310000,14.46,04/05/2035,Medium-Term Exposure,9010026
GHA-DEBT-2456,Central Government,Bilateral Debt,27/04/2021,10,196410000,6.65,27/04/2031,Medium-Term Exposure,13061265
GHA-DEBT-2457,VRA (Energy),Domestic Treasury Bond,15/07/2025,15,17650000,11.16,15/07/2040,Long-Term Sovereign Structural Debt,1969740
GHA-DEBT-2458,VRA (Energy),SOE Guaranteed Loan,06/10/2025,30,65090000,9.57,06/10/2055,Long-Term Sovereign Structural Debt,6229113.000000001
GHA-DEBT-2459,Central Government,Eurobond,18/04/2020,10,58580000,12.75,18/04/2030,Medium-Term Exposure,7468950
GHA-DEBT-2460,Central Government,Domestic Treasury Bond,22/05/2024,30,93670000,12.62,22/05/2054,Long-Term Sovereign Structural Debt,11821153.999999998
GHA-DEBT-2461,GRIDCo (Energy),SOE Guaranteed Loan,01/06/2023,7,192890000,5.6,01/06/2030,Medium-Term Exposure,10801839.999999998
GHA-DEBT-2462,Central Government,Eurobond,29/04/2025,15,133450000,5.75,29/04/2040,Long-Term Sovereign Structural Debt,7673375
GHA-DEBT-2463,GRIDCo (Energy),Domestic Treasury Bond,28/08/2025,7,96100000,11.35,28/08/2032,Medium-Term Exposure,10907349.999999998
GHA-DEBT-2464,Central Government,SOE Guaranteed Loan,04/02/2022,30,112820000,9.08,04/02/2052,Long-Term Sovereign Structural Debt,10244056
GHA-DEBT-2465,Central Government,Domestic Treasury Bond,28/07/2024,15,241310000,5.62,28/07/2039,Long-Term Sovereign Structural Debt,13561622
GHA-DEBT-2466,Central Government,SOE Guaranteed Loan,04/11/2020,7,121790000,10.19,04/11/2027,Medium-Term Exposure,12410400.999999998
GHA-DEBT-2467,COCOBOD (Agric),Domestic Treasury Bond,02/09/2024,3,154270000,14.33,02/09/2027,Short-Term Refinancing Risk,22106891
GHA-DEBT-2468,VRA (Energy),Domestic Treasury Bond,20/07/2025,10,49120000,10.26,20/07/2035,Medium-Term Exposure,5039712
GHA-DEBT-2469,VRA (Energy),Domestic Treasury Bond,13/08/2022,30,98560000,7.23,13/08/2052,Long-Term Sovereign Structural Debt,7125888
GHA-DEBT-2470,Central Government,Bilateral Debt,08/02/2020,7,28590000,14.12,08/02/2027,Medium-Term Exposure,4036908
GHA-DEBT-2471,Central Government,Bilateral Debt,19/09/2025,7,143740000,13.05,19/09/2032,Medium-Term Exposure,18758070
GHA-DEBT-2472,Central Government,Eurobond,12/08/2021,5,151760000,9.87,12/08/2026,Short-Term Refinancing Risk,14978712
GHA-DEBT-2473,VRA (Energy),Eurobond,21/07/2024,15,56350000,9.77,21/07/2039,Long-Term Sovereign Structural Debt,5505395
GHA-DEBT-2474,Unspecified SOE,Domestic Treasury Bond,03/09/2025,30,218990000,10.09,03/09/2055,Long-Term Sovereign Structural Debt,22096091
GHA-DEBT-2475,Central Government,SOE Guaranteed Loan,30/03/2025,10,189560000,12.07,30/03/2035,Medium-Term Exposure,22879892
GHA-DEBT-2476,Central Government,Eurobond,22/12/2024,30,103980000,11.25,22/12/2054,Long-Term Sovereign Structural Debt,11697750
GHA-DEBT-2477,COCOBOD (Agric),Domestic Treasury Bond,08/01/2025,30,239550000,10.72,08/01/2055,Long-Term Sovereign Structural Debt,25679760
GHA-DEBT-2478,Central Government,Eurobond,13/02/2020,15,62120000,7.8,13/02/2035,Long-Term Sovereign Structural Debt,4845360
GHA-DEBT-2479,Central Government,Eurobond,10/08/2025,10,157470000,12.43,10/08/2035,Medium-Term Exposure,19573521
GHA-DEBT-2480,Central Government,Eurobond,28/05/2022,5,48570000,8.06,28/05/2027,Short-Term Refinancing Risk,3914742.0000000005
GHA-DEBT-2481,VRA (Energy),Domestic Treasury Bond,09/02/2025,7,173410000,10.49,09/02/2032,Medium-Term Exposure,18190709
GHA-DEBT-2482,Central Government,Eurobond,27/09/2022,15,93820000,11.09,27/09/2037,Long-Term Sovereign Structural Debt,10404638
GHA-DEBT-2483,Central Government,Domestic Treasury Bond,07/01/2024,15,206850000,9.76,07/01/2039,Long-Term Sovereign Structural Debt,20188560
GHA-DEBT-2484,Central Government,Eurobond,21/02/2022,3,22910000,6.56,21/02/2025,Short-Term Refinancing Risk,1502895.9999999998
GHA-DEBT-2485,Central Government,Domestic Treasury Bond,21/09/2023,3,154920000,12.51,21/09/2026,Short-Term Refinancing Risk,19380492
GHA-DEBT-2486,VRA (Energy),Eurobond,25/11/2025,7,118880000,7.2,25/11/2032,Medium-Term Exposure,8559360.000000002
GHA-DEBT-2487,Central Government,SOE Guaranteed Loan,22/11/2024,3,206450000,14.45,22/11/2027,Short-Term Refinancing Risk,29832024.999999996
GHA-DEBT-2488,Central Government,SOE Guaranteed Loan,01/06/2020,30,182280000,7.01,01/06/2050,Long-Term Sovereign Structural Debt,12777828
GHA-DEBT-2489,Central Government,Eurobond,24/02/2024,7,9990000,5.81,24/02/2031,Medium-Term Exposure,580419
GHA-DEBT-2490,VRA (Energy),Eurobond,08/01/2025,7,220690000,10.57,08/01/2032,Medium-Term Exposure,23326933
GHA-DEBT-2491,Central Government,Bilateral Debt,03/11/2025,30,11520000,9.55,03/11/2055,Long-Term Sovereign Structural Debt,1100160
GHA-DEBT-2492,Central Government,SOE Guaranteed Loan,24/12/2023,5,72640000,11.94,24/12/2028,Short-Term Refinancing Risk,8673216
GHA-DEBT-2493,Central Government,SOE Guaranteed Loan,03/03/2022,30,16990000,12.03,03/03/2052,Long-Term Sovereign Structural Debt,2043896.9999999998
GHA-DEBT-2494,VRA (Energy),Eurobond,18/01/2023,30,96620000,14.2,18/01/2053,Long-Term Sovereign Structural Debt,13720039.999999998
GHA-DEBT-2495,Central Government,Domestic Treasury Bond,06/02/2022,5,127030000,11.23,06/02/2027,Short-Term Refinancing Risk,14265469.000000002
GHA-DEBT-2496,COCOBOD (Agric),Domestic Treasury Bond,20/10/2024,30,52900000,9.45,20/10/2054,Long-Term Sovereign Structural Debt,4999049.999999999
GHA-DEBT-2497,VRA (Energy),Eurobond,01/05/2025,7,76250000,7.65,01/05/2032,Medium-Term Exposure,5833125
GHA-DEBT-2498,Central Government,Eurobond,06/10/2022,15,116440000,11.78,06/10/2037,Long-Term Sovereign Structural Debt,13716631.999999998
GHA-DEBT-2499,Central Government,Domestic Treasury Bond,10/10/2024,15,201780000,5.53,10/10/2039,Long-Term Sovereign Structural Debt,11158434
GHA-DEBT-2500,Central Government,Bilateral Debt,07/05/2020,5,154710000,6.73,07/05/2025,Short-Term Refinancing Risk,10411983
GHA-DEBT-2501,Central Government,Bilateral Debt,12/07/2022,5,164860000,11.3,12/07/2027,Short-Term Refinancing Risk,18629180
GHA-DEBT-2502,VRA (Energy),Domestic Treasury Bond,31/01/2023,15,204280000,8.07,31/01/2038,Long-Term Sovereign Structural Debt,16485396.000000002
GHA-DEBT-2503,Central Government,Bilateral Debt,28/04/2022,5,140770000,13.16,28/04/2027,Short-Term Refinancing Risk,18525332
GHA-DEBT-2504,Central Government,Bilateral Debt,26/04/2024,5,133500000,12.64,26/04/2029,Short-Term Refinancing Risk,16874400
GHA-DEBT-2505,GRIDCo (Energy),Eurobond,02/01/2021,5,218860000,7.93,02/01/2026,Short-Term Refinancing Risk,17355598
GHA-DEBT-2506,Unspecified SOE,SOE Guaranteed Loan,22/08/2024,3,87640000,13.76,22/08/2027,Short-Term Refinancing Risk,12059264
GHA-DEBT-2507,Central Government,SOE Guaranteed Loan,30/06/2021,7,110740000,10.57,30/06/2028,Medium-Term Exposure,11705218
GHA-DEBT-2508,Central Government,Eurobond,06/02/2022,7,179690000,7.36,06/02/2029,Medium-Term Exposure,13225184
GHA-DEBT-2509,Central Government,Bilateral Debt,08/12/2022,15,87610000,12.33,08/12/2037,Long-Term Sovereign Structural Debt,10802313
GHA-DEBT-2510,Central Government,Bilateral Debt,13/05/2023,15,220050000,8.76,13/05/2038,Long-Term Sovereign Structural Debt,19276380
GHA-DEBT-2511,Central Government,SOE Guaranteed Loan,24/08/2020,5,25630000,11.77,24/08/2025,Short-Term Refinancing Risk,3016651
GHA-DEBT-2512,VRA (Energy),Domestic Treasury Bond,03/02/2025,10,155860000,7.35,03/02/2035,Medium-Term Exposure,11455710
GHA-DEBT-2513,Central Government,SOE Guaranteed Loan,11/10/2023,30,30900000,11.29,11/10/2053,Long-Term Sovereign Structural Debt,3488609.9999999995
GHA-DEBT-2514,Central Government,Domestic Treasury Bond,13/03/2020,30,228620000,10.52,13/03/2050,Long-Term Sovereign Structural Debt,24050824
GHA-DEBT-2515,GRIDCo (Energy),Domestic Treasury Bond,26/04/2024,15,130980000,10.85,26/04/2039,Long-Term Sovereign Structural Debt,14211330
GHA-DEBT-2516,GRIDCo (Energy),Bilateral Debt,03/01/2022,30,229230000,7.13,03/01/2052,Long-Term Sovereign Structural Debt,16344099
GHA-DEBT-2517,Central Government,Bilateral Debt,03/06/2025,15,210440000,9.88,03/06/2040,Long-Term Sovereign Structural Debt,20791472.000000004
GHA-DEBT-2518,Central Government,Bilateral Debt,16/05/2022,10,147370000,14.45,16/05/2032,Medium-Term Exposure,21294965
GHA-DEBT-2519,Central Government,Domestic Treasury Bond,07/01/2024,3,163440000,9.95,07/01/2027,Short-Term Refinancing Risk,16262279.999999998
GHA-DEBT-2520,VRA (Energy),Eurobond,01/05/2023,7,184350000,11.59,01/05/2030,Medium-Term Exposure,21366165
GHA-DEBT-2521,Central Government,Domestic Treasury Bond,15/04/2025,3,127530000,12.97,15/04/2028,Short-Term Refinancing Risk,16540641.000000002
GHA-DEBT-2522,Unspecified SOE,Bilateral Debt,26/04/2024,10,1600000,11.89,26/04/2034,Medium-Term Exposure,190240
GHA-DEBT-2523,Central Government,SOE Guaranteed Loan,05/01/2022,10,44760000,6.61,05/01/2032,Medium-Term Exposure,2958636.0000000005
GHA-DEBT-2524,Unspecified SOE,SOE Guaranteed Loan,21/08/2025,15,186420000,11.15,21/08/2040,Long-Term Sovereign Structural Debt,20785830
GHA-DEBT-2525,COCOBOD (Agric),SOE Guaranteed Loan,13/08/2022,3,241840000,14.43,13/08/2025,Short-Term Refinancing Risk,34897511.99999999
GHA-DEBT-2526,VRA (Energy),Eurobond,13/03/2024,10,244300000,13.1,13/03/2034,Medium-Term Exposure,32003300
GHA-DEBT-2527,Central Government,SOE Guaranteed Loan,26/10/2021,7,92120000,6.18,26/10/2028,Medium-Term Exposure,5693015.999999999
GHA-DEBT-2528,Central Government,Eurobond,25/03/2025,5,61730000,11.07,25/03/2030,Short-Term Refinancing Risk,6833511
GHA-DEBT-2529,GRA (Revenue),Domestic Treasury Bond,09/03/2021,7,74650000,11.28,09/03/2028,Medium-Term Exposure,8420520
GHA-DEBT-2530,VRA (Energy),Bilateral Debt,26/01/2023,5,142920000,7.41,26/01/2028,Short-Term Refinancing Risk,10590372
GHA-DEBT-2531,GRIDCo (Energy),Eurobond,27/05/2022,15,80340000,9.93,27/05/2037,Long-Term Sovereign Structural Debt,7977762
GHA-DEBT-2532,VRA (Energy),SOE Guaranteed Loan,20/01/2022,7,42260000,13.29,20/01/2029,Medium-Term Exposure,5616354
GHA-DEBT-2533,Central Government,Eurobond,15/08/2023,15,44870000,14.1,15/08/2038,Long-Term Sovereign Structural Debt,6326669.999999999
GHA-DEBT-2534,Central Government,Bilateral Debt,10/04/2021,10,194900000,13.53,10/04/2031,Medium-Term Exposure,26369970
GHA-DEBT-2535,Central Government,Eurobond,06/03/2024,10,215230000,10.5,06/03/2034,Medium-Term Exposure,22599150
GHA-DEBT-2536,Central Government,Domestic Treasury Bond,26/04/2020,5,105260000,9.94,26/04/2025,Short-Term Refinancing Risk,10462843.999999998
GHA-DEBT-2537,VRA (Energy),Domestic Treasury Bond,16/12/2021,30,141880000,13.11,16/12/2051,Long-Term Sovereign Structural Debt,18600468
GHA-DEBT-2538,Central Government,Bilateral Debt,21/02/2021,5,114490000,10.59,21/02/2026,Short-Term Refinancing Risk,12124491
GHA-DEBT-2539,Central Government,Bilateral Debt,30/06/2023,5,151450000,13.3,30/06/2028,Short-Term Refinancing Risk,20142850
GHA-DEBT-2540,Central Government,Eurobond,23/12/2025,15,228260000,12.8,23/12/2040,Long-Term Sovereign Structural Debt,29217280
GHA-DEBT-2541,GRIDCo (Energy),Bilateral Debt,11/01/2023,10,223920000,5.66,11/01/2033,Medium-Term Exposure,12673872.000000002
GHA-DEBT-2542,Central Government,Domestic Treasury Bond,30/04/2023,30,180690000,10.56,30/04/2053,Long-Term Sovereign Structural Debt,19080864
GHA-DEBT-2543,Central Government,SOE Guaranteed Loan,07/06/2021,30,53710000,10.92,07/06/2051,Long-Term Sovereign Structural Debt,5865132
GHA-DEBT-2544,Central Government,Domestic Treasury Bond,20/08/2025,10,48830000,14,20/08/2035,Medium-Term Exposure,6836200.000000001
GHA-DEBT-2545,Central Government,Eurobond,24/06/2020,3,65430000,10.43,24/06/2023,Short-Term Refinancing Risk,6824349
GHA-DEBT-2546,COCOBOD (Agric),Eurobond,29/10/2020,5,100530000,5.59,29/10/2025,Short-Term Refinancing Risk,5619627
GHA-DEBT-2547,VRA (Energy),Domestic Treasury Bond,08/10/2020,10,39640000,12,08/10/2030,Medium-Term Exposure,4756800
GHA-DEBT-2548,COCOBOD (Agric),Bilateral Debt,12/07/2025,7,171310000,8.39,12/07/2032,Medium-Term Exposure,14372909
GHA-DEBT-2549,Central Government,Eurobond,17/05/2022,3,36080000,6.78,17/05/2025,Short-Term Refinancing Risk,2446224
GHA-DEBT-2550,Central Government,SOE Guaranteed Loan,15/04/2020,7,93050000,13.16,15/04/2027,Medium-Term Exposure,12245380
GHA-DEBT-2551,Central Government,Eurobond,05/06/2022,30,75390000,8,05/06/2052,Long-Term Sovereign Structural Debt,6031200
GHA-DEBT-2552,COCOBOD (Agric),Eurobond,02/06/2023,5,64960000,8.18,02/06/2028,Short-Term Refinancing Risk,5313728
GHA-DEBT-2553,Central Government,Eurobond,10/03/2024,30,21020000,11.01,10/03/2054,Long-Term Sovereign Structural Debt,2314302
GHA-DEBT-2554,Unspecified SOE,Bilateral Debt,16/07/2022,15,206750000,6.03,16/07/2037,Long-Term Sovereign Structural Debt,12467025
GHA-DEBT-2555,Central Government,Bilateral Debt,24/03/2025,10,147620000,10.36,24/03/2035,Medium-Term Exposure,15293432
GHA-DEBT-2556,Unspecified SOE,SOE Guaranteed Loan,13/11/2023,3,80340000,13.41,13/11/2026,Short-Term Refinancing Risk,10773594
GHA-DEBT-2557,Central Government,Domestic Treasury Bond,01/08/2020,3,226840000,10.97,01/08/2023,Short-Term Refinancing Risk,24884348
GHA-DEBT-2558,Central Government,Bilateral Debt,28/11/2021,5,172970000,12.33,28/11/2026,Short-Term Refinancing Risk,21327201
GHA-DEBT-2559,Central Government,Bilateral Debt,31/12/2020,10,123960000,13.55,31/12/2030,Medium-Term Exposure,16796580
GHA-DEBT-2560,COCOBOD (Agric),Domestic Treasury Bond,31/05/2021,30,57230000,5.53,31/05/2051,Long-Term Sovereign Structural Debt,3164819
GHA-DEBT-2561,Central Government,Eurobond,01/11/2023,3,188190000,6.05,01/11/2026,Short-Term Refinancing Risk,11385495
GHA-DEBT-2562,GRIDCo (Energy),Domestic Treasury Bond,15/06/2020,7,82480000,11.83,15/06/2027,Medium-Term Exposure,9757384
GHA-DEBT-2563,Central Government,Bilateral Debt,18/02/2024,15,87030000,6.47,18/02/2039,Long-Term Sovereign Structural Debt,5630840.999999999
GHA-DEBT-2564,GRA (Revenue),Bilateral Debt,26/04/2022,30,90960000,8.03,26/04/2052,Long-Term Sovereign Structural Debt,7304088
GHA-DEBT-2565,VRA (Energy),Eurobond,17/03/2021,7,101410000,8.28,17/03/2028,Medium-Term Exposure,8396748
GHA-DEBT-2566,Central Government,Domestic Treasury Bond,08/01/2025,30,186550000,10.64,08/01/2055,Long-Term Sovereign Structural Debt,19848920
GHA-DEBT-2567,GRIDCo (Energy),Bilateral Debt,22/10/2020,5,234490000,10.33,22/10/2025,Short-Term Refinancing Risk,24222817
GHA-DEBT-2568,Central Government,Bilateral Debt,03/09/2022,3,231650000,6.96,03/09/2025,Short-Term Refinancing Risk,16122839.999999998
GHA-DEBT-2569,COCOBOD (Agric),Eurobond,29/05/2024,30,55940000,9.94,29/05/2054,Long-Term Sovereign Structural Debt,5560435.999999999
GHA-DEBT-2570,Central Government,Bilateral Debt,31/01/2021,7,61780000,12.18,31/01/2028,Medium-Term Exposure,7524803.999999999
GHA-DEBT-2571,Central Government,Eurobond,02/10/2024,15,78440000,8.58,02/10/2039,Long-Term Sovereign Structural Debt,6730152
GHA-DEBT-2572,VRA (Energy),Bilateral Debt,06/12/2025,5,138330000,13.45,06/12/2030,Short-Term Refinancing Risk,18605384.999999996
GHA-DEBT-2573,Unspecified SOE,Domestic Treasury Bond,04/04/2020,3,102050000,11.93,04/04/2023,Short-Term Refinancing Risk,12174565
GHA-DEBT-2574,GRIDCo (Energy),Eurobond,20/04/2023,15,240580000,7.72,20/04/2038,Long-Term Sovereign Structural Debt,18572775.999999996
GHA-DEBT-2575,GRIDCo (Energy),Eurobond,29/09/2025,7,189790000,12.58,29/09/2032,Medium-Term Exposure,23875582
GHA-DEBT-2576,Central Government,Eurobond,16/07/2023,15,24830000,8.2,16/07/2038,Long-Term Sovereign Structural Debt,2036059.9999999998
GHA-DEBT-2577,Central Government,Domestic Treasury Bond,16/09/2024,7,169110000,12.99,16/09/2031,Medium-Term Exposure,21967389.000000004
GHA-DEBT-2578,Central Government,SOE Guaranteed Loan,27/11/2025,10,218960000,12.74,27/11/2035,Medium-Term Exposure,27895504.000000004
GHA-DEBT-2579,Central Government,SOE Guaranteed Loan,06/05/2022,7,180360000,9.39,06/05/2029,Medium-Term Exposure,16935804.000000004
GHA-DEBT-2580,Central Government,Domestic Treasury Bond,22/10/2025,30,99690000,11.21,22/10/2055,Long-Term Sovereign Structural Debt,11175249
GHA-DEBT-2581,Central Government,SOE Guaranteed Loan,11/08/2021,3,97060000,8.39,11/08/2024,Short-Term Refinancing Risk,8143334
GHA-DEBT-2582,Central Government,Bilateral Debt,11/02/2023,30,147660000,14.45,11/02/2053,Long-Term Sovereign Structural Debt,21336870
GHA-DEBT-2583,COCOBOD (Agric),Eurobond,10/08/2020,10,241730000,10.08,10/08/2030,Medium-Term Exposure,24366384
GHA-DEBT-2584,Central Government,Domestic Treasury Bond,29/04/2024,15,238460000,11.49,29/04/2039,Long-Term Sovereign Structural Debt,27399054
GHA-DEBT-2585,Central Government,Bilateral Debt,23/11/2024,15,132100000,9.9,23/11/2039,Long-Term Sovereign Structural Debt,13077900
GHA-DEBT-2586,GRA (Revenue),Domestic Treasury Bond,03/09/2024,30,146620000,12.95,03/09/2054,Long-Term Sovereign Structural Debt,18987290
GHA-DEBT-2587,VRA (Energy),Domestic Treasury Bond,24/11/2024,3,234340000,7.53,24/11/2027,Short-Term Refinancing Risk,17645802
GHA-DEBT-2588,Central Government,Eurobond,19/01/2023,30,139440000,8.56,19/01/2053,Long-Term Sovereign Structural Debt,11936064.000000002
GHA-DEBT-2589,VRA (Energy),SOE Guaranteed Loan,20/09/2024,7,135200000,8.11,20/09/2031,Medium-Term Exposure,10964719.999999998
GHA-DEBT-2590,GRIDCo (Energy),Bilateral Debt,01/08/2021,10,203420000,9.47,01/08/2031,Medium-Term Exposure,19263874
GHA-DEBT-2591,VRA (Energy),Eurobond,13/02/2020,30,18560000,14.26,13/02/2050,Long-Term Sovereign Structural Debt,2646656
GHA-DEBT-2592,Central Government,Eurobond,18/06/2024,30,121210000,8.62,18/06/2054,Long-Term Sovereign Structural Debt,10448302
GHA-DEBT-2593,Central Government,SOE Guaranteed Loan,23/08/2020,15,73930000,7.75,23/08/2035,Long-Term Sovereign Structural Debt,5729575
GHA-DEBT-2594,Central Government,Domestic Treasury Bond,14/02/2023,5,157830000,14.38,14/02/2028,Short-Term Refinancing Risk,22695954
GHA-DEBT-2595,GRIDCo (Energy),Eurobond,04/09/2020,15,167750000,13.87,04/09/2035,Long-Term Sovereign Structural Debt,23266925
GHA-DEBT-2596,Central Government,Domestic Treasury Bond,22/07/2023,7,173930000,10.09,22/07/2030,Medium-Term Exposure,17549537
GHA-DEBT-2597,Central Government,Domestic Treasury Bond,08/02/2023,7,246590000,10.12,08/02/2030,Medium-Term Exposure,24954908
GHA-DEBT-2598,COCOBOD (Agric),Bilateral Debt,11/04/2021,5,234420000,6.43,11/04/2026,Short-Term Refinancing Risk,15073206
GHA-DEBT-2599,Central Government,SOE Guaranteed Loan,11/11/2020,15,172820000,11.06,11/11/2035,Long-Term Sovereign Structural Debt,19113892
GHA-DEBT-2600,Central Government,Bilateral Debt,12/04/2023,15,98950000,6.32,12/04/2038,Long-Term Sovereign Structural Debt,6253640.000000001
GHA-DEBT-2601,Central Government,Domestic Treasury Bond,29/11/2022,30,15470000,5.76,29/11/2052,Long-Term Sovereign Structural Debt,891072
GHA-DEBT-2602,Central Government,Eurobond,03/10/2025,5,118370000,12.04,03/10/2030,Short-Term Refinancing Risk,14251748
GHA-DEBT-2603,Central Government,Bilateral Debt,23/09/2024,5,2110000,9.12,23/09/2029,Short-Term Refinancing Risk,192431.99999999997
GHA-DEBT-2604,Central Government,Eurobond,02/08/2025,15,179970000,6.33,02/08/2040,Long-Term Sovereign Structural Debt,11392101
GHA-DEBT-2605,COCOBOD (Agric),Domestic Treasury Bond,25/09/2025,5,103110000,8.1,25/09/2030,Short-Term Refinancing Risk,8351910
GHA-DEBT-2606,Central Government,Eurobond,07/08/2024,5,62920000,10.42,07/08/2029,Short-Term Refinancing Risk,6556264
GHA-DEBT-2607,Central Government,Eurobond,02/06/2022,10,200970000,13.6,02/06/2032,Medium-Term Exposure,27331920.000000004
GHA-DEBT-2608,Central Government,Bilateral Debt,08/01/2020,15,193870000,12.91,08/01/2035,Long-Term Sovereign Structural Debt,25028617
GHA-DEBT-2609,Central Government,SOE Guaranteed Loan,27/09/2021,15,56410000,6.83,27/09/2036,Long-Term Sovereign Structural Debt,3852803
GHA-DEBT-2610,Central Government,Domestic Treasury Bond,03/12/2023,10,132080000,13.79,03/12/2033,Medium-Term Exposure,18213832
GHA-DEBT-2611,Central Government,Bilateral Debt,10/02/2023,15,95830000,7.54,10/02/2038,Long-Term Sovereign Structural Debt,7225581.999999999
GHA-DEBT-2612,Central Government,Domestic Treasury Bond,05/05/2022,30,222070000,11.82,05/05/2052,Long-Term Sovereign Structural Debt,26248674
GHA-DEBT-2613,VRA (Energy),Bilateral Debt,05/03/2025,15,184940000,5.73,05/03/2040,Long-Term Sovereign Structural Debt,10597062
GHA-DEBT-2614,Central Government,Eurobond,03/12/2021,10,107660000,9.37,03/12/2031,Medium-Term Exposure,10087742
GHA-DEBT-2615,Central Government,Bilateral Debt,10/01/2024,3,111330000,7.88,10/01/2027,Short-Term Refinancing Risk,8772804
GHA-DEBT-2616,Central Government,Eurobond,16/02/2024,7,66940000,8.79,16/02/2031,Medium-Term Exposure,5884025.999999999
GHA-DEBT-2617,COCOBOD (Agric),Eurobond,18/11/2022,3,87040000,11.05,18/11/2025,Short-Term Refinancing Risk,9617920
GHA-DEBT-2618,Central Government,Bilateral Debt,08/01/2020,15,206480000,8.15,08/01/2035,Long-Term Sovereign Structural Debt,16828120
GHA-DEBT-2619,Central Government,Bilateral Debt,12/12/2020,3,66410000,8.58,12/12/2023,Short-Term Refinancing Risk,5697978
GHA-DEBT-2620,VRA (Energy),Bilateral Debt,14/05/2022,15,229580000,8.1,14/05/2037,Long-Term Sovereign Structural Debt,18595980
GHA-DEBT-2621,Central Government,Domestic Treasury Bond,29/06/2023,10,238270000,5.84,29/06/2033,Medium-Term Exposure,13914968
GHA-DEBT-2622,Central Government,SOE Guaranteed Loan,17/08/2022,15,107520000,8.15,17/08/2037,Long-Term Sovereign Structural Debt,8762880
GHA-DEBT-2623,Central Government,Eurobond,15/02/2025,3,84150000,13.42,15/02/2028,Short-Term Refinancing Risk,11292929.999999998
GHA-DEBT-2624,VRA (Energy),Bilateral Debt,08/02/2023,30,91700000,5.7,08/02/2053,Long-Term Sovereign Structural Debt,5226900
GHA-DEBT-2625,Central Government,SOE Guaranteed Loan,16/06/2021,7,146870000,14.46,16/06/2028,Medium-Term Exposure,21237402
GHA-DEBT-2626,GRIDCo (Energy),Eurobond,05/09/2025,3,120970000,10.81,05/09/2028,Short-Term Refinancing Risk,13076857
GHA-DEBT-2627,VRA (Energy),SOE Guaranteed Loan,30/04/2020,15,154910000,6.88,30/04/2035,Long-Term Sovereign Structural Debt,10657808
GHA-DEBT-2628,Central Government,Bilateral Debt,05/10/2024,10,20780000,9.06,05/10/2034,Medium-Term Exposure,1882668
GHA-DEBT-2629,COCOBOD (Agric),Eurobond,24/02/2024,5,223860000,9.8,24/02/2029,Short-Term Refinancing Risk,21938280
GHA-DEBT-2630,Unspecified SOE,Bilateral Debt,29/10/2021,5,249500000,7.02,29/10/2026,Short-Term Refinancing Risk,17514900
GHA-DEBT-2631,Central Government,SOE Guaranteed Loan,19/02/2020,7,172170000,8.73,19/02/2027,Medium-Term Exposure,15030441
GHA-DEBT-2632,Central Government,Eurobond,13/11/2023,15,92270000,12.7,13/11/2038,Long-Term Sovereign Structural Debt,11718290
GHA-DEBT-2633,Central Government,SOE Guaranteed Loan,01/06/2023,30,218270000,14.21,01/06/2053,Long-Term Sovereign Structural Debt,31016167
GHA-DEBT-2634,Central Government,SOE Guaranteed Loan,02/04/2025,7,204420000,7.07,02/04/2032,Medium-Term Exposure,14452494
GHA-DEBT-2635,GRA (Revenue),Eurobond,10/09/2023,15,26960000,8.41,10/09/2038,Long-Term Sovereign Structural Debt,2267336
GHA-DEBT-2636,Central Government,Eurobond,07/01/2023,7,66260000,10.09,07/01/2030,Medium-Term Exposure,6685634
GHA-DEBT-2637,Central Government,Bilateral Debt,25/04/2022,15,71170000,7.33,25/04/2037,Long-Term Sovereign Structural Debt,5216761
GHA-DEBT-2638,Central Government,Eurobond,26/04/2023,10,249110000,9.86,26/04/2033,Medium-Term Exposure,24562246
GHA-DEBT-2639,GRIDCo (Energy),Bilateral Debt,05/09/2024,30,6870000,7.81,05/09/2054,Long-Term Sovereign Structural Debt,536547
GHA-DEBT-2640,Central Government,Eurobond,02/07/2020,7,192480000,13.02,02/07/2027,Medium-Term Exposure,25060895.999999996
GHA-DEBT-2641,VRA (Energy),Eurobond,06/01/2021,3,156580000,13.73,06/01/2024,Short-Term Refinancing Risk,21498434
GHA-DEBT-2642,GRIDCo (Energy),Domestic Treasury Bond,24/04/2021,3,3950000,13.48,24/04/2024,Short-Term Refinancing Risk,532460
GHA-DEBT-2643,Central Government,Eurobond,09/12/2025,5,185360000,9.74,09/12/2030,Short-Term Refinancing Risk,18054064
GHA-DEBT-2644,GRA (Revenue),Eurobond,23/10/2023,30,35690000,12.33,23/10/2053,Long-Term Sovereign Structural Debt,4400577
GHA-DEBT-2645,Central Government,Eurobond,13/12/2020,7,47900000,5.63,13/12/2027,Medium-Term Exposure,2696770
GHA-DEBT-2646,Central Government,Eurobond,15/02/2021,10,21930000,10.69,15/02/2031,Medium-Term Exposure,2344317
GHA-DEBT-2647,Central Government,Domestic Treasury Bond,29/12/2024,3,161140000,12.48,29/12/2027,Short-Term Refinancing Risk,20110272
GHA-DEBT-2648,Central Government,SOE Guaranteed Loan,07/07/2025,30,142690000,10.92,07/07/2055,Long-Term Sovereign Structural Debt,15581748
GHA-DEBT-2649,Central Government,SOE Guaranteed Loan,11/06/2025,3,248750000,6.05,11/06/2028,Short-Term Refinancing Risk,15049375
GHA-DEBT-2650,GRIDCo (Energy),Bilateral Debt,12/08/2022,10,174360000,11.12,12/08/2032,Medium-Term Exposure,19388832
GHA-DEBT-2651,Central Government,Domestic Treasury Bond,18/05/2022,30,242200000,13.83,18/05/2052,Long-Term Sovereign Structural Debt,33496260
GHA-DEBT-2652,GRIDCo (Energy),Eurobond,06/09/2021,7,202920000,10.29,06/09/2028,Medium-Term Exposure,20880468
GHA-DEBT-2653,Central Government,Domestic Treasury Bond,11/02/2023,10,112540000,11.9,11/02/2033,Medium-Term Exposure,13392260.000000002
GHA-DEBT-2654,Central Government,Eurobond,20/01/2023,3,51850000,12.98,20/01/2026,Short-Term Refinancing Risk,6730130
GHA-DEBT-2655,Central Government,Eurobond,21/10/2022,10,199290000,8.27,21/10/2032,Medium-Term Exposure,16481283
GHA-DEBT-2656,Central Government,SOE Guaranteed Loan,25/08/2023,15,173940000,9.85,25/08/2038,Long-Term Sovereign Structural Debt,17133090
GHA-DEBT-2657,Central Government,Eurobond,23/10/2023,10,74670000,5.69,23/10/2033,Medium-Term Exposure,4248723
GHA-DEBT-2658,Central Government,Eurobond,08/04/2024,30,214090000,6.08,08/04/2054,Long-Term Sovereign Structural Debt,13016672
GHA-DEBT-2659,VRA (Energy),Eurobond,16/12/2024,10,61040000,8.85,16/12/2034,Medium-Term Exposure,5402040
GHA-DEBT-2660,COCOBOD (Agric),Bilateral Debt,04/09/2025,30,149280000,8.94,04/09/2055,Long-Term Sovereign Structural Debt,13345631.999999998
GHA-DEBT-2661,Central Government,Domestic Treasury Bond,05/03/2020,10,155060000,7.88,05/03/2030,Medium-Term Exposure,12218728
GHA-DEBT-2662,VRA (Energy),SOE Guaranteed Loan,17/11/2024,10,233340000,12.53,17/11/2034,Medium-Term Exposure,29237502
GHA-DEBT-2663,Central Government,Eurobond,24/10/2023,15,121270000,5.57,24/10/2038,Long-Term Sovereign Structural Debt,6754739
GHA-DEBT-2664,COCOBOD (Agric),Bilateral Debt,13/08/2023,15,240420000,7.05,13/08/2038,Long-Term Sovereign Structural Debt,16949610
GHA-DEBT-2665,COCOBOD (Agric),Bilateral Debt,30/06/2020,15,212980000,9.08,30/06/2035,Long-Term Sovereign Structural Debt,19338584
GHA-DEBT-2666,Central Government,Eurobond,27/08/2023,3,223890000,13.6,27/08/2026,Short-Term Refinancing Risk,30449040.000000004
GHA-DEBT-2667,Central Government,Bilateral Debt,15/02/2024,15,98970000,13.28,15/02/2039,Long-Term Sovereign Structural Debt,13143216
GHA-DEBT-2668,GRA (Revenue),SOE Guaranteed Loan,24/02/2020,7,236970000,6.64,24/02/2027,Medium-Term Exposure,15734808
GHA-DEBT-2669,Central Government,Domestic Treasury Bond,17/07/2023,15,181290000,12.66,17/07/2038,Long-Term Sovereign Structural Debt,22951314
GHA-DEBT-2670,VRA (Energy),Bilateral Debt,29/06/2020,3,204290000,10.08,29/06/2023,Short-Term Refinancing Risk,20592432
GHA-DEBT-2671,GRA (Revenue),SOE Guaranteed Loan,20/07/2024,30,38480000,12.87,20/07/2054,Long-Term Sovereign Structural Debt,4952375.999999999
GHA-DEBT-2672,Central Government,Domestic Treasury Bond,20/06/2022,15,240660000,5.69,20/06/2037,Long-Term Sovereign Structural Debt,13693554.000000002
GHA-DEBT-2673,VRA (Energy),SOE Guaranteed Loan,17/02/2021,3,113370000,7.87,17/02/2024,Short-Term Refinancing Risk,8922219
GHA-DEBT-2674,GRIDCo (Energy),SOE Guaranteed Loan,23/08/2021,15,206630000,8.13,23/08/2036,Long-Term Sovereign Structural Debt,16799019.000000004
GHA-DEBT-2675,GRIDCo (Energy),Eurobond,17/08/2021,10,222010000,12.75,17/08/2031,Medium-Term Exposure,28306275
GHA-DEBT-2676,Central Government,SOE Guaranteed Loan,06/09/2021,30,77100000,8.17,06/09/2051,Long-Term Sovereign Structural Debt,6299070
GHA-DEBT-2677,VRA (Energy),SOE Guaranteed Loan,22/12/2024,30,177700000,5.93,22/12/2054,Long-Term Sovereign Structural Debt,10537610
GHA-DEBT-2678,VRA (Energy),Eurobond,24/01/2023,15,72240000,8.63,24/01/2038,Long-Term Sovereign Structural Debt,6234312
GHA-DEBT-2679,Central Government,Eurobond,03/12/2022,5,102160000,8.32,03/12/2027,Short-Term Refinancing Risk,8499712
GHA-DEBT-2680,Central Government,Eurobond,18/05/2022,5,26480000,9.25,18/05/2027,Short-Term Refinancing Risk,2449400
GHA-DEBT-2681,Central Government,Eurobond,23/07/2024,7,230930000,13.64,23/07/2031,Medium-Term Exposure,31498852
GHA-DEBT-2682,Central Government,Bilateral Debt,17/10/2023,5,3680000,9.19,17/10/2028,Short-Term Refinancing Risk,338192
GHA-DEBT-2683,Central Government,SOE Guaranteed Loan,28/02/2020,5,186530000,13.39,28/02/2025,Short-Term Refinancing Risk,24976367.000000004
GHA-DEBT-2684,VRA (Energy),Domestic Treasury Bond,05/05/2024,15,74980000,11.26,05/05/2039,Long-Term Sovereign Structural Debt,8442748
GHA-DEBT-2685,Central Government,Bilateral Debt,14/07/2020,15,126100000,8.61,14/07/2035,Long-Term Sovereign Structural Debt,10857210
GHA-DEBT-2686,COCOBOD (Agric),Eurobond,15/10/2020,3,212290000,5.61,15/10/2023,Short-Term Refinancing Risk,11909469
GHA-DEBT-2687,VRA (Energy),Domestic Treasury Bond,03/01/2020,7,35150000,10,03/01/2027,Medium-Term Exposure,3515000
GHA-DEBT-2688,COCOBOD (Agric),Domestic Treasury Bond,30/07/2022,5,25770000,9.95,30/07/2027,Short-Term Refinancing Risk,2564115
GHA-DEBT-2689,GRIDCo (Energy),SOE Guaranteed Loan,05/04/2023,5,90520000,11.59,05/04/2028,Short-Term Refinancing Risk,10491268
GHA-DEBT-2690,Central Government,Domestic Treasury Bond,20/06/2024,15,75640000,13.14,20/06/2039,Long-Term Sovereign Structural Debt,9939096.000000002
GHA-DEBT-2691,Central Government,Bilateral Debt,05/03/2022,5,173340000,9.63,05/03/2027,Short-Term Refinancing Risk,16692642.000000002
GHA-DEBT-2692,GRIDCo (Energy),SOE Guaranteed Loan,24/09/2020,7,170330000,6.49,24/09/2027,Medium-Term Exposure,11054417
GHA-DEBT-2693,GRIDCo (Energy),Bilateral Debt,04/07/2025,5,127500000,7.6,04/07/2030,Short-Term Refinancing Risk,9690000
GHA-DEBT-2694,Central Government,Domestic Treasury Bond,25/11/2020,30,215880000,14.49,25/11/2050,Long-Term Sovereign Structural Debt,31281012
GHA-DEBT-2695,Central Government,Bilateral Debt,23/11/2023,5,166010000,6.75,23/11/2028,Short-Term Refinancing Risk,11205675
GHA-DEBT-2696,GRA (Revenue),SOE Guaranteed Loan,30/12/2022,30,224080000,12.79,30/12/2052,Long-Term Sovereign Structural Debt,28659831.999999996
GHA-DEBT-2697,Central Government,SOE Guaranteed Loan,12/04/2022,15,143060000,14.01,12/04/2037,Long-Term Sovereign Structural Debt,20042706
GHA-DEBT-2698,Central Government,Bilateral Debt,01/12/2025,3,109000000,9.69,01/12/2028,Short-Term Refinancing Risk,10562100
GHA-DEBT-2699,GRA (Revenue),Eurobond,02/07/2025,10,218360000,6.59,02/07/2035,Medium-Term Exposure,14389924
GHA-DEBT-2700,Central Government,Domestic Treasury Bond,07/08/2023,10,7060000,7.54,07/08/2033,Medium-Term Exposure,532324
GHA-DEBT-2701,Central Government,SOE Guaranteed Loan,23/08/2020,3,192430000,7.92,23/08/2023,Short-Term Refinancing Risk,15240455.999999998
GHA-DEBT-2702,Central Government,SOE Guaranteed Loan,07/11/2022,7,154430000,9.24,07/11/2029,Medium-Term Exposure,14269332
GHA-DEBT-2703,VRA (Energy),Bilateral Debt,21/09/2023,3,237730000,11.87,21/09/2026,Short-Term Refinancing Risk,28218550.999999996
GHA-DEBT-2704,Central Government,Eurobond,17/07/2025,3,227280000,10.22,17/07/2028,Short-Term Refinancing Risk,23228016.000000004
GHA-DEBT-2705,Central Government,SOE Guaranteed Loan,30/10/2024,7,2910000,7,30/10/2031,Medium-Term Exposure,203700.00000000003
GHA-DEBT-2706,Central Government,Domestic Treasury Bond,07/05/2022,15,207710000,6.62,07/05/2037,Long-Term Sovereign Structural Debt,13750401.999999998
GHA-DEBT-2707,COCOBOD (Agric),Domestic Treasury Bond,02/04/2020,7,220230000,8.71,02/04/2027,Medium-Term Exposure,19182033.000000004
GHA-DEBT-2708,VRA (Energy),Domestic Treasury Bond,19/10/2025,15,16010000,7.44,19/10/2040,Long-Term Sovereign Structural Debt,1191144.0000000002
GHA-DEBT-2709,Central Government,Eurobond,23/09/2023,30,85170000,7.8,23/09/2053,Long-Term Sovereign Structural Debt,6643260
GHA-DEBT-2710,GRA (Revenue),Domestic Treasury Bond,17/09/2024,5,140160000,11.79,17/09/2029,Short-Term Refinancing Risk,16524863.999999998
GHA-DEBT-2711,Central Government,Eurobond,07/08/2022,3,15500000,12.77,07/08/2025,Short-Term Refinancing Risk,1979350.0000000002
GHA-DEBT-2712,GRA (Revenue),Bilateral Debt,15/08/2020,3,179070000,9.28,15/08/2023,Short-Term Refinancing Risk,16617695.999999998
GHA-DEBT-2713,COCOBOD (Agric),SOE Guaranteed Loan,14/08/2025,30,15640000,11.23,14/08/2055,Long-Term Sovereign Structural Debt,1756372.0000000002
GHA-DEBT-2714,COCOBOD (Agric),SOE Guaranteed Loan,02/07/2021,5,113450000,8.09,02/07/2026,Short-Term Refinancing Risk,9178105
GHA-DEBT-2715,COCOBOD (Agric),Domestic Treasury Bond,01/06/2023,10,106010000,6.04,01/06/2033,Medium-Term Exposure,6403004
GHA-DEBT-2716,Central Government,Eurobond,06/09/2021,15,56080000,10.71,06/09/2036,Long-Term Sovereign Structural Debt,6006168.000000001
GHA-DEBT-2717,GRIDCo (Energy),Bilateral Debt,17/07/2020,30,53420000,6.45,17/07/2050,Long-Term Sovereign Structural Debt,3445590
GHA-DEBT-2718,Central Government,SOE Guaranteed Loan,21/06/2022,3,25330000,7.24,21/06/2025,Short-Term Refinancing Risk,1833892.0000000002
GHA-DEBT-2719,Central Government,Domestic Treasury Bond,06/02/2024,30,20790000,8.86,06/02/2054,Long-Term Sovereign Structural Debt,1841994
GHA-DEBT-2720,Central Government,SOE Guaranteed Loan,20/09/2020,7,140500000,14.14,20/09/2027,Medium-Term Exposure,19866700
GHA-DEBT-2721,Central Government,SOE Guaranteed Loan,24/07/2024,30,13880000,9.85,24/07/2054,Long-Term Sovereign Structural Debt,1367179.9999999998
GHA-DEBT-2722,Central Government,SOE Guaranteed Loan,17/09/2020,15,4510000,12.54,17/09/2035,Long-Term Sovereign Structural Debt,565553.9999999999
GHA-DEBT-2723,Central Government,SOE Guaranteed Loan,31/05/2025,3,120540000,14.35,31/05/2028,Short-Term Refinancing Risk,17297490
GHA-DEBT-2724,Central Government,Eurobond,20/07/2021,5,208050000,14.13,20/07/2026,Short-Term Refinancing Risk,29397465
GHA-DEBT-2725,COCOBOD (Agric),Bilateral Debt,19/10/2022,3,178260000,10.2,19/10/2025,Short-Term Refinancing Risk,18182520
GHA-DEBT-2726,COCOBOD (Agric),Bilateral Debt,09/03/2024,15,147230000,10.99,09/03/2039,Long-Term Sovereign Structural Debt,16180577
GHA-DEBT-2727,Central Government,Eurobond,07/11/2021,7,145290000,12.65,07/11/2028,Medium-Term Exposure,18379185
GHA-DEBT-2728,Central Government,SOE Guaranteed Loan,02/02/2020,3,75450000,12.46,02/02/2023,Short-Term Refinancing Risk,9401070
GHA-DEBT-2729,Central Government,Bilateral Debt,24/04/2020,10,71810000,11.4,24/04/2030,Medium-Term Exposure,8186340
GHA-DEBT-2730,Central Government,Domestic Treasury Bond,04/10/2025,15,48350000,7.04,04/10/2040,Long-Term Sovereign Structural Debt,3403840
GHA-DEBT-2731,GRIDCo (Energy),Eurobond,13/04/2024,10,214610000,14.15,13/04/2034,Medium-Term Exposure,30367315.000000004
GHA-DEBT-2732,Central Government,Eurobond,08/05/2021,10,181470000,5.62,08/05/2031,Medium-Term Exposure,10198614
GHA-DEBT-2733,GRA (Revenue),SOE Guaranteed Loan,23/10/2023,15,95780000,7.57,23/10/2038,Long-Term Sovereign Structural Debt,7250546
GHA-DEBT-2734,VRA (Energy),Eurobond,07/08/2021,3,242410000,10.53,07/08/2024,Short-Term Refinancing Risk,25525772.999999996
GHA-DEBT-2735,GRA (Revenue),SOE Guaranteed Loan,20/08/2024,10,47200000,5.87,20/08/2034,Medium-Term Exposure,2770640
GHA-DEBT-2736,COCOBOD (Agric),Domestic Treasury Bond,11/05/2024,5,182600000,12.08,11/05/2029,Short-Term Refinancing Risk,22058080
GHA-DEBT-2737,Central Government,SOE Guaranteed Loan,31/05/2023,15,237400000,11.25,31/05/2038,Long-Term Sovereign Structural Debt,26707500
GHA-DEBT-2738,Central Government,SOE Guaranteed Loan,23/04/2021,5,113780000,13.45,23/04/2026,Short-Term Refinancing Risk,15303409.999999998
GHA-DEBT-2739,Central Government,SOE Guaranteed Loan,01/12/2021,5,1380000,14.43,01/12/2026,Short-Term Refinancing Risk,199133.99999999997
GHA-DEBT-2740,Central Government,Domestic Treasury Bond,19/08/2024,15,206520000,7.29,19/08/2039,Long-Term Sovereign Structural Debt,15055308.000000002
GHA-DEBT-2741,Central Government,Domestic Treasury Bond,03/03/2023,7,202480000,5.53,03/03/2030,Medium-Term Exposure,11197144
GHA-DEBT-2742,Central Government,Bilateral Debt,05/10/2024,10,59020000,9.49,05/10/2034,Medium-Term Exposure,5600998
GHA-DEBT-2743,Central Government,Eurobond,16/09/2025,10,228550000,8.71,16/09/2035,Medium-Term Exposure,19906705.000000004
GHA-DEBT-2744,VRA (Energy),Eurobond,08/05/2025,30,215480000,12.66,08/05/2055,Long-Term Sovereign Structural Debt,27279767.999999996
GHA-DEBT-2745,Central Government,SOE Guaranteed Loan,23/11/2023,3,150000000,9.16,23/11/2026,Short-Term Refinancing Risk,13740000
GHA-DEBT-2746,GRIDCo (Energy),SOE Guaranteed Loan,30/05/2023,15,130190000,12.93,30/05/2038,Long-Term Sovereign Structural Debt,16833567
GHA-DEBT-2747,VRA (Energy),Bilateral Debt,13/03/2025,7,114470000,13.83,13/03/2032,Medium-Term Exposure,15831201
GHA-DEBT-2748,Central Government,Eurobond,28/11/2025,30,91080000,13.58,28/11/2055,Long-Term Sovereign Structural Debt,12368664
GHA-DEBT-2749,COCOBOD (Agric),Bilateral Debt,20/09/2020,5,151410000,12.28,20/09/2025,Short-Term Refinancing Risk,18593148
GHA-DEBT-2750,VRA (Energy),Domestic Treasury Bond,19/01/2020,30,190510000,7.6,19/01/2050,Long-Term Sovereign Structural Debt,14478760
GHA-DEBT-2751,GRIDCo (Energy),Domestic Treasury Bond,16/09/2025,5,184290000,8.39,16/09/2030,Short-Term Refinancing Risk,15461931
GHA-DEBT-2752,GRIDCo (Energy),Domestic Treasury Bond,20/02/2024,15,239200000,5.59,20/02/2039,Long-Term Sovereign Structural Debt,13371280
GHA-DEBT-2753,VRA (Energy),Bilateral Debt,19/06/2025,10,82620000,8.02,19/06/2035,Medium-Term Exposure,6626123.999999999
GHA-DEBT-2754,Central Government,SOE Guaranteed Loan,26/11/2023,10,191830000,12.33,26/11/2033,Medium-Term Exposure,23652639
GHA-DEBT-2755,Central Government,Eurobond,09/06/2023,3,188090000,11.86,09/06/2026,Short-Term Refinancing Risk,22307474
GHA-DEBT-2756,VRA (Energy),Bilateral Debt,04/03/2021,3,191300000,11.77,04/03/2024,Short-Term Refinancing Risk,22516010
GHA-DEBT-2757,Central Government,Eurobond,18/07/2025,5,75530000,12.7,18/07/2030,Short-Term Refinancing Risk,9592310
GHA-DEBT-2758,Central Government,Domestic Treasury Bond,23/10/2023,7,110190000,10.51,23/10/2030,Medium-Term Exposure,11580969
GHA-DEBT-2759,VRA (Energy),Bilateral Debt,26/10/2023,3,233200000,8.32,26/10/2026,Short-Term Refinancing Risk,19402240
GHA-DEBT-2760,Central Government,Bilateral Debt,20/01/2021,7,240230000,9.89,20/01/2028,Medium-Term Exposure,23758747
GHA-DEBT-2761,Central Government,SOE Guaranteed Loan,06/09/2020,3,145890000,13.45,06/09/2023,Short-Term Refinancing Risk,19622204.999999996
GHA-DEBT-2762,Central Government,Bilateral Debt,20/06/2024,15,60840000,7.11,20/06/2039,Long-Term Sovereign Structural Debt,4325724
GHA-DEBT-2763,Central Government,SOE Guaranteed Loan,03/09/2023,30,38830000,13.01,03/09/2053,Long-Term Sovereign Structural Debt,5051783
GHA-DEBT-2764,VRA (Energy),Bilateral Debt,05/04/2023,7,113350000,10.92,05/04/2030,Medium-Term Exposure,12377820
GHA-DEBT-2765,Central Government,Domestic Treasury Bond,08/10/2022,5,83700000,13.29,08/10/2027,Short-Term Refinancing Risk,11123730
GHA-DEBT-2766,Central Government,Bilateral Debt,02/01/2021,30,84230000,12.8,02/01/2051,Long-Term Sovereign Structural Debt,10781440
GHA-DEBT-2767,Unspecified SOE,Eurobond,28/04/2022,10,77370000,7.77,28/04/2032,Medium-Term Exposure,6011648.999999999
GHA-DEBT-2768,GRIDCo (Energy),Domestic Treasury Bond,17/10/2021,10,48580000,6.35,17/10/2031,Medium-Term Exposure,3084830
GHA-DEBT-2769,GRA (Revenue),SOE Guaranteed Loan,12/05/2020,30,169010000,14.39,12/05/2050,Long-Term Sovereign Structural Debt,24320539
GHA-DEBT-2770,COCOBOD (Agric),SOE Guaranteed Loan,11/10/2020,15,137880000,6.58,11/10/2035,Long-Term Sovereign Structural Debt,9072504
GHA-DEBT-2771,VRA (Energy),SOE Guaranteed Loan,18/05/2022,10,189140000,6.53,18/05/2032,Medium-Term Exposure,12350842
GHA-DEBT-2772,Central Government,Domestic Treasury Bond,09/02/2020,5,153510000,12.22,09/02/2025,Short-Term Refinancing Risk,18758922
GHA-DEBT-2773,COCOBOD (Agric),Domestic Treasury Bond,09/05/2025,3,58410000,10.45,09/05/2028,Short-Term Refinancing Risk,6103845
GHA-DEBT-2774,Central Government,SOE Guaranteed Loan,02/01/2022,15,86290000,9.55,02/01/2037,Long-Term Sovereign Structural Debt,8240695
GHA-DEBT-2775,Central Government,Bilateral Debt,26/09/2021,7,38930000,8.41,26/09/2028,Medium-Term Exposure,3274013.0000000005
GHA-DEBT-2776,Central Government,Domestic Treasury Bond,24/10/2022,3,198070000,7.12,24/10/2025,Short-Term Refinancing Risk,14102584
GHA-DEBT-2777,GRIDCo (Energy),Bilateral Debt,30/11/2020,7,16550000,8.72,30/11/2027,Medium-Term Exposure,1443160
GHA-DEBT-2778,COCOBOD (Agric),SOE Guaranteed Loan,03/08/2020,7,43530000,5.51,03/08/2027,Medium-Term Exposure,2398503
GHA-DEBT-2779,Central Government,Domestic Treasury Bond,14/08/2021,10,146410000,8.54,14/08/2031,Medium-Term Exposure,12503413.999999998
GHA-DEBT-2780,GRA (Revenue),SOE Guaranteed Loan,07/09/2020,3,89200000,14.29,07/09/2023,Short-Term Refinancing Risk,12746680
GHA-DEBT-2781,VRA (Energy),Domestic Treasury Bond,06/06/2024,30,92930000,7.15,06/06/2054,Long-Term Sovereign Structural Debt,6644495.000000001
GHA-DEBT-2782,Central Government,Bilateral Debt,06/07/2020,5,199570000,11.45,06/07/2025,Short-Term Refinancing Risk,22850765
GHA-DEBT-2783,COCOBOD (Agric),Eurobond,17/11/2022,10,41580000,14.06,17/11/2032,Medium-Term Exposure,5846148
GHA-DEBT-2784,Central Government,Bilateral Debt,30/08/2022,15,13510000,6.46,30/08/2037,Long-Term Sovereign Structural Debt,872746.0000000001
GHA-DEBT-2785,Central Government,Eurobond,13/10/2025,10,141150000,9.53,13/10/2035,Medium-Term Exposure,13451595
GHA-DEBT-2786,Central Government,Bilateral Debt,28/02/2023,7,180600000,7.26,28/02/2030,Medium-Term Exposure,13111560
GHA-DEBT-2787,VRA (Energy),Domestic Treasury Bond,23/03/2024,5,138710000,14.42,23/03/2029,Short-Term Refinancing Risk,20001982
GHA-DEBT-2788,Central Government,Domestic Treasury Bond,03/01/2025,30,61760000,9.38,03/01/2055,Long-Term Sovereign Structural Debt,5793088.000000001
GHA-DEBT-2789,COCOBOD (Agric),Bilateral Debt,02/12/2024,15,145990000,11.33,02/12/2039,Long-Term Sovereign Structural Debt,16540667
GHA-DEBT-2790,Central Government,Eurobond,23/12/2023,5,150980000,8.67,23/12/2028,Short-Term Refinancing Risk,13089966
GHA-DEBT-2791,Central Government,SOE Guaranteed Loan,03/11/2022,3,21090000,10.17,03/11/2025,Short-Term Refinancing Risk,2144853
GHA-DEBT-2792,Central Government,SOE Guaranteed Loan,11/08/2023,30,121490000,8.96,11/08/2053,Long-Term Sovereign Structural Debt,10885504.000000002
GHA-DEBT-2793,Central Government,SOE Guaranteed Loan,25/07/2020,7,106320000,6.36,25/07/2027,Medium-Term Exposure,6761952
GHA-DEBT-2794,Central Government,Bilateral Debt,07/07/2021,3,141930000,11.23,07/07/2024,Short-Term Refinancing Risk,15938739.000000002
GHA-DEBT-2795,Central Government,Bilateral Debt,23/12/2025,5,169810000,13.22,23/12/2030,Short-Term Refinancing Risk,22448882.000000004
GHA-DEBT-2796,Central Government,SOE Guaranteed Loan,08/12/2022,3,156900000,8.03,08/12/2025,Short-Term Refinancing Risk,12599070
GHA-DEBT-2797,Central Government,Domestic Treasury Bond,16/08/2022,10,139970000,12.51,16/08/2032,Medium-Term Exposure,17510247
GHA-DEBT-2798,Central Government,Bilateral Debt,21/10/2025,30,126580000,6.59,21/10/2055,Long-Term Sovereign Structural Debt,8341622
GHA-DEBT-2799,Central Government,SOE Guaranteed Loan,26/04/2023,3,146150000,7.21,26/04/2026,Short-Term Refinancing Risk,10537415
GHA-DEBT-2800,Central Government,SOE Guaranteed Loan,23/01/2022,15,169950000,8.14,23/01/2037,Long-Term Sovereign Structural Debt,13833930
GHA-DEBT-2801,Central Government,Eurobond,29/03/2024,15,49190000,11.36,29/03/2039,Long-Term Sovereign Structural Debt,5587984
GHA-DEBT-2802,Central Government,Bilateral Debt,09/05/2022,3,245640000,8.53,09/05/2025,Short-Term Refinancing Risk,20953091.999999996
GHA-DEBT-2803,Central Government,SOE Guaranteed Loan,05/06/2022,5,121640000,9.72,05/06/2027,Short-Term Refinancing Risk,11823408.000000002
GHA-DEBT-2804,Central Government,SOE Guaranteed Loan,13/05/2021,10,248750000,5.65,13/05/2031,Medium-Term Exposure,14054375
GHA-DEBT-2805,Central Government,Eurobond,13/07/2023,3,30370000,6.42,13/07/2026,Short-Term Refinancing Risk,1949753.9999999998
GHA-DEBT-2806,Central Government,SOE Guaranteed Loan,28/09/2024,7,237150000,7.4,28/09/2031,Medium-Term Exposure,17549100.000000004
GHA-DEBT-2807,VRA (Energy),SOE Guaranteed Loan,02/01/2022,15,119510000,10.71,02/01/2037,Long-Term Sovereign Structural Debt,12799521.000000002
GHA-DEBT-2808,GRIDCo (Energy),SOE Guaranteed Loan,15/02/2024,30,79700000,12.59,15/02/2054,Long-Term Sovereign Structural Debt,10034230.000000002
GHA-DEBT-2809,Central Government,SOE Guaranteed Loan,13/10/2021,30,165490000,9.15,13/10/2051,Long-Term Sovereign Structural Debt,15142335
GHA-DEBT-2810,Central Government,SOE Guaranteed Loan,03/09/2024,7,94080000,10.68,03/09/2031,Medium-Term Exposure,10047744
GHA-DEBT-2811,Central Government,Bilateral Debt,25/06/2021,5,70980000,9.34,25/06/2026,Short-Term Refinancing Risk,6629532
GHA-DEBT-2812,GRA (Revenue),SOE Guaranteed Loan,23/01/2021,15,178580000,7.36,23/01/2036,Long-Term Sovereign Structural Debt,13143488
GHA-DEBT-2813,Central Government,Eurobond,19/09/2024,7,97430000,10.43,19/09/2031,Medium-Term Exposure,10161949
GHA-DEBT-2814,Central Government,Bilateral Debt,01/05/2024,5,46230000,10.06,01/05/2029,Short-Term Refinancing Risk,4650738
GHA-DEBT-2815,Central Government,Domestic Treasury Bond,04/04/2021,3,53600000,11.09,04/04/2024,Short-Term Refinancing Risk,5944240
GHA-DEBT-2816,VRA (Energy),Domestic Treasury Bond,13/05/2024,7,48910000,12.55,13/05/2031,Medium-Term Exposure,6138205
GHA-DEBT-2817,COCOBOD (Agric),Eurobond,16/12/2022,15,125360000,6.54,16/12/2037,Long-Term Sovereign Structural Debt,8198544
GHA-DEBT-2818,Central Government,Domestic Treasury Bond,07/02/2025,15,126990000,8.68,07/02/2040,Long-Term Sovereign Structural Debt,11022732
GHA-DEBT-2819,Central Government,Domestic Treasury Bond,02/04/2023,30,195390000,13.73,02/04/2053,Long-Term Sovereign Structural Debt,26827047
GHA-DEBT-2820,VRA (Energy),Domestic Treasury Bond,12/04/2022,7,121290000,13.12,12/04/2029,Medium-Term Exposure,15913247.999999998
GHA-DEBT-2821,Central Government,Domestic Treasury Bond,24/01/2023,10,15350000,8.18,24/01/2033,Medium-Term Exposure,1255630
GHA-DEBT-2822,Central Government,Domestic Treasury Bond,16/03/2025,3,199870000,11.82,16/03/2028,Short-Term Refinancing Risk,23624634
GHA-DEBT-2823,Central Government,Bilateral Debt,04/09/2021,30,43600000,8.92,04/09/2051,Long-Term Sovereign Structural Debt,3889120
GHA-DEBT-2824,Central Government,Bilateral Debt,23/07/2025,15,1350000,12.38,23/07/2040,Long-Term Sovereign Structural Debt,167130
GHA-DEBT-2825,Central Government,SOE Guaranteed Loan,25/10/2022,30,214320000,9.21,25/10/2052,Long-Term Sovereign Structural Debt,19738872.000000004
GHA-DEBT-2826,Central Government,Bilateral Debt,27/11/2021,30,45580000,7.33,27/11/2051,Long-Term Sovereign Structural Debt,3341014
GHA-DEBT-2827,COCOBOD (Agric),Eurobond,19/11/2021,3,146980000,12.5,19/11/2024,Short-Term Refinancing Risk,18372500
GHA-DEBT-2828,Central Government,Domestic Treasury Bond,10/11/2020,3,149310000,11.9,10/11/2023,Short-Term Refinancing Risk,17767890
GHA-DEBT-2829,GRA (Revenue),Bilateral Debt,30/10/2023,15,66890000,11.68,30/10/2038,Long-Term Sovereign Structural Debt,7812752
GHA-DEBT-2830,VRA (Energy),SOE Guaranteed Loan,31/05/2023,3,89830000,12.2,31/05/2026,Short-Term Refinancing Risk,10959260
GHA-DEBT-2831,Central Government,Bilateral Debt,06/01/2022,30,143020000,8.81,06/01/2052,Long-Term Sovereign Structural Debt,12600062.000000002
GHA-DEBT-2832,COCOBOD (Agric),Domestic Treasury Bond,25/11/2020,3,70840000,9.36,25/11/2023,Short-Term Refinancing Risk,6630623.999999999
GHA-DEBT-2833,VRA (Energy),SOE Guaranteed Loan,30/03/2021,5,77400000,6.5,30/03/2026,Short-Term Refinancing Risk,5031000
GHA-DEBT-2834,COCOBOD (Agric),Domestic Treasury Bond,29/10/2024,5,64710000,7.25,29/10/2029,Short-Term Refinancing Risk,4691475
GHA-DEBT-2835,Central Government,SOE Guaranteed Loan,20/07/2020,7,84280000,8.12,20/07/2027,Medium-Term Exposure,6843535.999999999
GHA-DEBT-2836,Central Government,SOE Guaranteed Loan,13/09/2021,7,215340000,6.89,13/09/2028,Medium-Term Exposure,14836926
GHA-DEBT-2837,Central Government,Eurobond,27/01/2021,15,36700000,5.76,27/01/2036,Long-Term Sovereign Structural Debt,2113920
GHA-DEBT-2838,Central Government,Bilateral Debt,11/06/2025,7,113200000,7.68,11/06/2032,Medium-Term Exposure,8693760
GHA-DEBT-2839,Central Government,SOE Guaranteed Loan,26/08/2020,3,232990000,11.71,26/08/2023,Short-Term Refinancing Risk,27283129.000000004
GHA-DEBT-2840,Central Government,SOE Guaranteed Loan,09/05/2022,30,104180000,12.77,09/05/2052,Long-Term Sovereign Structural Debt,13303786
GHA-DEBT-2841,Central Government,SOE Guaranteed Loan,14/09/2021,10,26030000,7.51,14/09/2031,Medium-Term Exposure,1954853
GHA-DEBT-2842,VRA (Energy),Bilateral Debt,24/02/2021,5,208000000,10.56,24/02/2026,Short-Term Refinancing Risk,21964800
GHA-DEBT-2843,Central Government,Domestic Treasury Bond,15/06/2020,30,88930000,7.33,15/06/2050,Long-Term Sovereign Structural Debt,6518569
GHA-DEBT-2844,GRIDCo (Energy),Domestic Treasury Bond,16/11/2021,15,190030000,12.74,16/11/2036,Long-Term Sovereign Structural Debt,24209822.000000004
GHA-DEBT-2845,VRA (Energy),Eurobond,03/07/2020,30,192190000,13.36,03/07/2050,Long-Term Sovereign Structural Debt,25676584
GHA-DEBT-2846,COCOBOD (Agric),SOE Guaranteed Loan,21/01/2023,7,110170000,10.92,21/01/2030,Medium-Term Exposure,12030564
GHA-DEBT-2847,Unspecified SOE,Eurobond,07/12/2023,10,125780000,13.17,07/12/2033,Medium-Term Exposure,16565226.000000002
GHA-DEBT-2848,Central Government,Eurobond,13/01/2020,7,104840000,12.83,13/01/2027,Medium-Term Exposure,13450972
GHA-DEBT-2849,Central Government,Eurobond,10/02/2025,3,10470000,11.29,10/02/2028,Short-Term Refinancing Risk,1182062.9999999998
GHA-DEBT-2850,Central Government,Domestic Treasury Bond,27/02/2024,15,199700000,6.58,27/02/2039,Long-Term Sovereign Structural Debt,13140260
GHA-DEBT-2851,Central Government,Bilateral Debt,15/07/2020,30,40600000,6.63,15/07/2050,Long-Term Sovereign Structural Debt,2691780
GHA-DEBT-2852,Central Government,Eurobond,06/12/2020,7,74970000,6.6,06/12/2027,Medium-Term Exposure,4948020
GHA-DEBT-2853,Central Government,SOE Guaranteed Loan,27/10/2021,7,63410000,12.25,27/10/2028,Medium-Term Exposure,7767725
GHA-DEBT-2854,Central Government,Bilateral Debt,06/06/2023,30,22340000,12.93,06/06/2053,Long-Term Sovereign Structural Debt,2888562
GHA-DEBT-2855,COCOBOD (Agric),Eurobond,22/12/2024,7,138630000,10.42,22/12/2031,Medium-Term Exposure,14445246
GHA-DEBT-2856,Central Government,Bilateral Debt,22/11/2022,3,206190000,8.58,22/11/2025,Short-Term Refinancing Risk,17691102
GHA-DEBT-2857,Central Government,Bilateral Debt,02/10/2025,5,176640000,8.87,02/10/2030,Short-Term Refinancing Risk,15667967.999999998
GHA-DEBT-2858,Central Government,Eurobond,11/11/2022,5,7920000,5.71,11/11/2027,Short-Term Refinancing Risk,452232
GHA-DEBT-2859,Central Government,SOE Guaranteed Loan,19/10/2023,10,171580000,11.6,19/10/2033,Medium-Term Exposure,19903280
GHA-DEBT-2860,Central Government,Bilateral Debt,08/12/2021,15,216500000,14.42,08/12/2036,Long-Term Sovereign Structural Debt,31219300
GHA-DEBT-2861,Central Government,Domestic Treasury Bond,20/01/2021,15,240830000,10.56,20/01/2036,Long-Term Sovereign Structural Debt,25431648
GHA-DEBT-2862,Central Government,SOE Guaranteed Loan,11/03/2024,15,149130000,10.55,11/03/2039,Long-Term Sovereign Structural Debt,15733215.000000002
GHA-DEBT-2863,GRIDCo (Energy),Bilateral Debt,28/12/2023,30,206410000,8.99,28/12/2053,Long-Term Sovereign Structural Debt,18556259
GHA-DEBT-2864,Central Government,SOE Guaranteed Loan,24/08/2022,15,37410000,12.33,24/08/2037,Long-Term Sovereign Structural Debt,4612653
GHA-DEBT-2865,VRA (Energy),Eurobond,11/02/2020,10,59430000,14.4,11/02/2030,Medium-Term Exposure,8557920.000000002
GHA-DEBT-2866,GRIDCo (Energy),Eurobond,10/04/2021,5,17770000,13.19,10/04/2026,Short-Term Refinancing Risk,2343863
GHA-DEBT-2867,VRA (Energy),Eurobond,14/11/2022,3,153040000,12.2,14/11/2025,Short-Term Refinancing Risk,18670880
GHA-DEBT-2868,GRIDCo (Energy),Domestic Treasury Bond,15/02/2022,10,24360000,13.52,15/02/2032,Medium-Term Exposure,3293471.9999999995
GHA-DEBT-2869,GRIDCo (Energy),Bilateral Debt,14/01/2020,3,75500000,11.99,14/01/2023,Short-Term Refinancing Risk,9052450
GHA-DEBT-2870,VRA (Energy),SOE Guaranteed Loan,02/04/2024,30,26430000,9.87,02/04/2054,Long-Term Sovereign Structural Debt,2608641
GHA-DEBT-2871,Central Government,SOE Guaranteed Loan,02/07/2024,15,97170000,8.23,02/07/2039,Long-Term Sovereign Structural Debt,7997091
GHA-DEBT-2872,COCOBOD (Agric),SOE Guaranteed Loan,19/05/2023,15,152520000,11.25,19/05/2038,Long-Term Sovereign Structural Debt,17158500
GHA-DEBT-2873,COCOBOD (Agric),Bilateral Debt,14/04/2021,5,121680000,12.24,14/04/2026,Short-Term Refinancing Risk,14893632.000000002
GHA-DEBT-2874,COCOBOD (Agric),Bilateral Debt,23/01/2021,10,51180000,5.98,23/01/2031,Medium-Term Exposure,3060564.0000000005
GHA-DEBT-2875,Central Government,Eurobond,03/04/2022,15,156750000,11.22,03/04/2037,Long-Term Sovereign Structural Debt,17587350
GHA-DEBT-2876,Central Government,Eurobond,24/04/2021,10,88150000,7.77,24/04/2031,Medium-Term Exposure,6849254.999999999
GHA-DEBT-2877,Central Government,Domestic Treasury Bond,20/04/2024,7,186660000,9.52,20/04/2031,Medium-Term Exposure,17770032
GHA-DEBT-2878,VRA (Energy),Bilateral Debt,29/07/2020,7,126240000,5.82,29/07/2027,Medium-Term Exposure,7347168
GHA-DEBT-2879,Central Government,Domestic Treasury Bond,25/03/2020,15,63890000,9.57,25/03/2035,Long-Term Sovereign Structural Debt,6114273
GHA-DEBT-2880,Central Government,SOE Guaranteed Loan,31/12/2021,10,69220000,13.02,31/12/2031,Medium-Term Exposure,9012443.999999998
GHA-DEBT-2881,VRA (Energy),Domestic Treasury Bond,17/05/2021,5,130660000,8.15,17/05/2026,Short-Term Refinancing Risk,10648790
GHA-DEBT-2882,COCOBOD (Agric),Eurobond,13/01/2020,15,87510000,10.18,13/01/2035,Long-Term Sovereign Structural Debt,8908518
GHA-DEBT-2883,Central Government,Domestic Treasury Bond,24/10/2025,10,155070000,7.93,24/10/2035,Medium-Term Exposure,12297051
GHA-DEBT-2884,Central Government,Bilateral Debt,18/08/2024,15,35680000,13.59,18/08/2039,Long-Term Sovereign Structural Debt,4848912
GHA-DEBT-2885,Central Government,SOE Guaranteed Loan,03/08/2021,15,68090000,12.08,03/08/2036,Long-Term Sovereign Structural Debt,8225272
GHA-DEBT-2886,VRA (Energy),Domestic Treasury Bond,26/02/2023,10,224560000,6.07,26/02/2033,Medium-Term Exposure,13630792
GHA-DEBT-2887,Central Government,Eurobond,21/02/2024,7,187730000,13.26,21/02/2031,Medium-Term Exposure,24892998
GHA-DEBT-2888,Central Government,Eurobond,03/07/2020,3,29010000,7.59,03/07/2023,Short-Term Refinancing Risk,2201859
GHA-DEBT-2889,Central Government,Domestic Treasury Bond,21/11/2021,30,166140000,9.05,21/11/2051,Long-Term Sovereign Structural Debt,15035670.000000002
GHA-DEBT-2890,COCOBOD (Agric),SOE Guaranteed Loan,11/12/2023,30,245010000,9.52,11/12/2053,Long-Term Sovereign Structural Debt,23324952
GHA-DEBT-2891,GRIDCo (Energy),Bilateral Debt,06/05/2023,7,162590000,11.82,06/05/2030,Medium-Term Exposure,19218138
GHA-DEBT-2892,Central Government,Bilateral Debt,22/07/2020,30,109880000,12.07,22/07/2050,Long-Term Sovereign Structural Debt,13262516
GHA-DEBT-2893,COCOBOD (Agric),Bilateral Debt,04/05/2021,30,35560000,10.03,04/05/2051,Long-Term Sovereign Structural Debt,3566668
GHA-DEBT-2894,GRIDCo (Energy),Bilateral Debt,20/06/2022,3,138070000,13.45,20/06/2025,Short-Term Refinancing Risk,18570414.999999996
GHA-DEBT-2895,Central Government,Bilateral Debt,22/03/2021,5,220300000,9.41,22/03/2026,Short-Term Refinancing Risk,20730230
GHA-DEBT-2896,Central Government,Eurobond,26/02/2020,15,107450000,8.5,26/02/2035,Long-Term Sovereign Structural Debt,9133250
GHA-DEBT-2897,Central Government,Eurobond,27/12/2025,10,108600000,9.23,27/12/2035,Medium-Term Exposure,10023780
GHA-DEBT-2898,VRA (Energy),SOE Guaranteed Loan,20/01/2021,30,103270000,8.44,20/01/2051,Long-Term Sovereign Structural Debt,8715987.999999998
GHA-DEBT-2899,Central Government,SOE Guaranteed Loan,12/07/2025,30,81260000,13.62,12/07/2055,Long-Term Sovereign Structural Debt,11067611.999999998
GHA-DEBT-2900,Central Government,Eurobond,26/04/2025,15,59450000,7.42,26/04/2040,Long-Term Sovereign Structural Debt,4411190
GHA-DEBT-2901,Central Government,Eurobond,26/09/2021,10,103890000,9.98,26/09/2031,Medium-Term Exposure,10368222
GHA-DEBT-2902,Central Government,Eurobond,04/12/2021,10,33260000,13.61,04/12/2031,Medium-Term Exposure,4526686
GHA-DEBT-2903,Central Government,Domestic Treasury Bond,17/05/2024,10,67670000,6.72,17/05/2034,Medium-Term Exposure,4547424
GHA-DEBT-2904,GRA (Revenue),Bilateral Debt,02/12/2020,5,133070000,9.48,02/12/2025,Short-Term Refinancing Risk,12615036.000000002
GHA-DEBT-2905,Central Government,Eurobond,22/08/2024,15,82090000,8.32,22/08/2039,Long-Term Sovereign Structural Debt,6829888
GHA-DEBT-2906,VRA (Energy),Domestic Treasury Bond,01/12/2023,3,86300000,11.85,01/12/2026,Short-Term Refinancing Risk,10226550
GHA-DEBT-2907,VRA (Energy),Bilateral Debt,05/09/2025,5,230460000,10.84,05/09/2030,Short-Term Refinancing Risk,24981864
GHA-DEBT-2908,GRIDCo (Energy),Domestic Treasury Bond,26/11/2025,3,184090000,13.14,26/11/2028,Short-Term Refinancing Risk,24189426.000000004
GHA-DEBT-2909,Central Government,Domestic Treasury Bond,24/11/2020,15,89790000,8.18,24/11/2035,Long-Term Sovereign Structural Debt,7344822
GHA-DEBT-2910,Central Government,SOE Guaranteed Loan,12/09/2021,15,4460000,12.85,12/09/2036,Long-Term Sovereign Structural Debt,573110
GHA-DEBT-2911,Central Government,Eurobond,04/09/2023,10,108120000,10.65,04/09/2033,Medium-Term Exposure,11514780
GHA-DEBT-2912,Central Government,Eurobond,27/05/2024,30,37520000,10.46,27/05/2054,Long-Term Sovereign Structural Debt,3924592.0000000005
GHA-DEBT-2913,VRA (Energy),Bilateral Debt,18/01/2025,15,33700000,7.71,18/01/2040,Long-Term Sovereign Structural Debt,2598270
GHA-DEBT-2914,VRA (Energy),Domestic Treasury Bond,26/08/2022,5,230300000,10.57,26/08/2027,Short-Term Refinancing Risk,24342710
GHA-DEBT-2915,Central Government,Bilateral Debt,27/08/2025,30,172580000,14.02,27/08/2055,Long-Term Sovereign Structural Debt,24195716
GHA-DEBT-2916,VRA (Energy),SOE Guaranteed Loan,14/01/2023,3,64900000,13.95,14/01/2026,Short-Term Refinancing Risk,9053549.999999998
GHA-DEBT-2917,Unspecified SOE,Domestic Treasury Bond,12/04/2021,10,207690000,12.82,12/04/2031,Medium-Term Exposure,26625858
GHA-DEBT-2918,VRA (Energy),Bilateral Debt,12/11/2024,30,249510000,5.62,12/11/2054,Long-Term Sovereign Structural Debt,14022462
GHA-DEBT-2919,Central Government,SOE Guaranteed Loan,04/12/2020,30,5490000,11.01,04/12/2050,Long-Term Sovereign Structural Debt,604449
GHA-DEBT-2920,Unspecified SOE,Bilateral Debt,06/01/2024,30,189200000,11.5,06/01/2054,Long-Term Sovereign Structural Debt,21758000
GHA-DEBT-2921,Central Government,Domestic Treasury Bond,14/02/2025,7,5790000,10.56,14/02/2032,Medium-Term Exposure,611424
GHA-DEBT-2922,Central Government,Domestic Treasury Bond,06/10/2025,5,97830000,5.61,06/10/2030,Short-Term Refinancing Risk,5488263
GHA-DEBT-2923,Central Government,Bilateral Debt,22/02/2023,5,7420000,14.29,22/02/2028,Short-Term Refinancing Risk,1060318
GHA-DEBT-2924,Central Government,SOE Guaranteed Loan,21/05/2020,3,114590000,11.21,21/05/2023,Short-Term Refinancing Risk,12845539
GHA-DEBT-2925,Central Government,Domestic Treasury Bond,17/09/2025,7,57900000,5.51,17/09/2032,Medium-Term Exposure,3190290
GHA-DEBT-2926,Central Government,Domestic Treasury Bond,28/09/2020,30,222020000,12.09,28/09/2050,Long-Term Sovereign Structural Debt,26842218
GHA-DEBT-2927,VRA (Energy),SOE Guaranteed Loan,21/03/2023,15,195940000,14.12,21/03/2038,Long-Term Sovereign Structural Debt,27666728
GHA-DEBT-2928,Central Government,Bilateral Debt,07/06/2023,3,111720000,6.63,07/06/2026,Short-Term Refinancing Risk,7407036
GHA-DEBT-2929,Central Government,SOE Guaranteed Loan,06/04/2020,15,21970000,6.68,06/04/2035,Long-Term Sovereign Structural Debt,1467596
GHA-DEBT-2930,Central Government,Domestic Treasury Bond,27/07/2022,3,133260000,9.55,27/07/2025,Short-Term Refinancing Risk,12726330
GHA-DEBT-2931,Central Government,Bilateral Debt,29/07/2022,5,60010000,8.52,29/07/2027,Short-Term Refinancing Risk,5112852
GHA-DEBT-2932,Central Government,Bilateral Debt,04/01/2024,15,74560000,12.09,04/01/2039,Long-Term Sovereign Structural Debt,9014304
GHA-DEBT-2933,Central Government,Bilateral Debt,05/10/2022,15,53820000,11.95,05/10/2037,Long-Term Sovereign Structural Debt,6431490
GHA-DEBT-2934,Unspecified SOE,Eurobond,23/04/2025,7,32200000,8.92,23/04/2032,Medium-Term Exposure,2872240
GHA-DEBT-2935,Central Government,SOE Guaranteed Loan,27/01/2024,3,88940000,12.58,27/01/2027,Short-Term Refinancing Risk,11188652
GHA-DEBT-2936,Central Government,Domestic Treasury Bond,16/04/2021,10,205250000,8.67,16/04/2031,Medium-Term Exposure,17795175
GHA-DEBT-2937,Central Government,Bilateral Debt,01/09/2022,7,134840000,7.9,01/09/2029,Medium-Term Exposure,10652360
GHA-DEBT-2938,Central Government,Bilateral Debt,08/04/2022,7,197610000,10.89,08/04/2029,Medium-Term Exposure,21519729.000000004
GHA-DEBT-2939,VRA (Energy),SOE Guaranteed Loan,12/07/2021,7,69880000,12.67,12/07/2028,Medium-Term Exposure,8853796
GHA-DEBT-2940,VRA (Energy),Eurobond,20/12/2020,15,66700000,5.61,20/12/2035,Long-Term Sovereign Structural Debt,3741870.0000000005
GHA-DEBT-2941,GRIDCo (Energy),SOE Guaranteed Loan,24/01/2023,7,27000000,7.5,24/01/2030,Medium-Term Exposure,2025000
GHA-DEBT-2942,GRIDCo (Energy),Bilateral Debt,26/07/2024,5,159330000,13.92,26/07/2029,Short-Term Refinancing Risk,22178736
GHA-DEBT-2943,Central Government,Eurobond,07/03/2022,7,221180000,5.71,07/03/2029,Medium-Term Exposure,12629378
GHA-DEBT-2944,Central Government,Domestic Treasury Bond,27/10/2021,15,192130000,7.82,27/10/2036,Long-Term Sovereign Structural Debt,15024566.000000002
GHA-DEBT-2945,COCOBOD (Agric),SOE Guaranteed Loan,27/09/2022,3,215220000,11.54,27/09/2025,Short-Term Refinancing Risk,24836387.999999996
GHA-DEBT-2946,VRA (Energy),Bilateral Debt,20/05/2023,15,52580000,6.13,20/05/2038,Long-Term Sovereign Structural Debt,3223154
GHA-DEBT-2947,GRA (Revenue),SOE Guaranteed Loan,20/09/2023,30,218680000,6.27,20/09/2053,Long-Term Sovereign Structural Debt,13711235.999999998
GHA-DEBT-2948,VRA (Energy),Domestic Treasury Bond,04/02/2022,7,194510000,14.49,04/02/2029,Medium-Term Exposure,28184499
GHA-DEBT-2949,Central Government,Eurobond,29/05/2022,15,224790000,5.75,29/05/2037,Long-Term Sovereign Structural Debt,12925425
GHA-DEBT-2950,Central Government,Bilateral Debt,30/12/2020,3,209760000,6.47,30/12/2023,Short-Term Refinancing Risk,13571471.999999998
GHA-DEBT-2951,Central Government,Eurobond,02/06/2020,7,213780000,10.59,02/06/2027,Medium-Term Exposure,22639302
GHA-DEBT-2952,GRIDCo (Energy),SOE Guaranteed Loan,17/07/2022,3,141740000,11.5,17/07/2025,Short-Term Refinancing Risk,16300100
GHA-DEBT-2953,GRIDCo (Energy),Eurobond,08/04/2021,5,71130000,9.89,08/04/2026,Short-Term Refinancing Risk,7034757
GHA-DEBT-2954,GRIDCo (Energy),Eurobond,12/12/2024,3,220170000,5.99,12/12/2027,Short-Term Refinancing Risk,13188183
GHA-DEBT-2955,Central Government,Bilateral Debt,26/02/2024,30,238880000,12.81,26/02/2054,Long-Term Sovereign Structural Debt,30600527.999999996
GHA-DEBT-2956,Central Government,Domestic Treasury Bond,05/12/2022,7,176550000,10.66,05/12/2029,Medium-Term Exposure,18820230
GHA-DEBT-2957,Central Government,Domestic Treasury Bond,23/05/2022,3,44480000,9.12,23/05/2025,Short-Term Refinancing Risk,4056575.9999999995
GHA-DEBT-2958,Central Government,Eurobond,16/03/2021,10,110570000,5.58,16/03/2031,Medium-Term Exposure,6169806
GHA-DEBT-2959,Central Government,Eurobond,31/10/2020,30,191720000,13.68,31/10/2050,Long-Term Sovereign Structural Debt,26227296
GHA-DEBT-2960,Central Government,SOE Guaranteed Loan,23/10/2025,3,170250000,9.28,23/10/2028,Short-Term Refinancing Risk,15799199.999999998
GHA-DEBT-2961,GRIDCo (Energy),Eurobond,30/07/2021,30,146540000,8.03,30/07/2051,Long-Term Sovereign Structural Debt,11767162
GHA-DEBT-2962,Central Government,Domestic Treasury Bond,10/06/2022,7,68760000,8.13,10/06/2029,Medium-Term Exposure,5590188.000000001
GHA-DEBT-2963,GRIDCo (Energy),Eurobond,05/01/2023,15,170350000,9.53,05/01/2038,Long-Term Sovereign Structural Debt,16234355
GHA-DEBT-2964,COCOBOD (Agric),Bilateral Debt,21/11/2022,7,204680000,6.12,21/11/2029,Medium-Term Exposure,12526416
GHA-DEBT-2965,GRA (Revenue),Eurobond,02/09/2023,7,55300000,7.92,02/09/2030,Medium-Term Exposure,4379760
GHA-DEBT-2966,Central Government,Bilateral Debt,29/10/2024,5,249230000,12.71,29/10/2029,Short-Term Refinancing Risk,31677133.000000004
GHA-DEBT-2967,COCOBOD (Agric),SOE Guaranteed Loan,08/02/2021,7,247530000,11.74,08/02/2028,Medium-Term Exposure,29060022
GHA-DEBT-2968,COCOBOD (Agric),Domestic Treasury Bond,19/10/2025,3,64230000,7.79,19/10/2028,Short-Term Refinancing Risk,5003517
GHA-DEBT-2969,Central Government,SOE Guaranteed Loan,20/11/2020,30,218160000,10.33,20/11/2050,Long-Term Sovereign Structural Debt,22535928
GHA-DEBT-2970,COCOBOD (Agric),Eurobond,28/01/2022,7,89430000,5.61,28/01/2029,Medium-Term Exposure,5017023
GHA-DEBT-2971,VRA (Energy),Domestic Treasury Bond,28/03/2023,3,160700000,7.4,28/03/2026,Short-Term Refinancing Risk,11891800.000000002
GHA-DEBT-2972,Central Government,Eurobond,27/05/2024,3,182550000,13.69,27/05/2027,Short-Term Refinancing Risk,24991095
GHA-DEBT-2973,Central Government,Bilateral Debt,11/02/2021,5,99900000,13.91,11/02/2026,Short-Term Refinancing Risk,13896090
GHA-DEBT-2974,Central Government,Bilateral Debt,18/04/2022,30,103700000,5.99,18/04/2052,Long-Term Sovereign Structural Debt,6211630
GHA-DEBT-2975,Central Government,SOE Guaranteed Loan,01/08/2025,3,108280000,9.28,01/08/2028,Short-Term Refinancing Risk,10048384
GHA-DEBT-2976,GRA (Revenue),SOE Guaranteed Loan,05/09/2025,15,108790000,13.24,05/09/2040,Long-Term Sovereign Structural Debt,14403795.999999998
GHA-DEBT-2977,Central Government,Eurobond,02/12/2024,10,183470000,13.41,02/12/2034,Medium-Term Exposure,24603327
GHA-DEBT-2978,VRA (Energy),Domestic Treasury Bond,09/09/2024,7,160140000,14.11,09/09/2031,Medium-Term Exposure,22595754
GHA-DEBT-2979,COCOBOD (Agric),Bilateral Debt,24/01/2021,15,170580000,6.39,24/01/2036,Long-Term Sovereign Structural Debt,10900062
GHA-DEBT-2980,Central Government,Eurobond,05/01/2023,3,190560000,10.72,05/01/2026,Short-Term Refinancing Risk,20428032
GHA-DEBT-2981,Central Government,Domestic Treasury Bond,14/03/2023,5,54980000,12.2,14/03/2028,Short-Term Refinancing Risk,6707560
GHA-DEBT-2982,Central Government,SOE Guaranteed Loan,16/07/2021,3,13440000,7.5,16/07/2024,Short-Term Refinancing Risk,1008000
GHA-DEBT-2983,Central Government,Eurobond,17/02/2021,15,176430000,9.92,17/02/2036,Long-Term Sovereign Structural Debt,17501856
GHA-DEBT-2984,GRA (Revenue),SOE Guaranteed Loan,14/12/2021,30,167120000,6.08,14/12/2051,Long-Term Sovereign Structural Debt,10160896
GHA-DEBT-2985,Central Government,Bilateral Debt,01/06/2024,15,83540000,7.9,01/06/2039,Long-Term Sovereign Structural Debt,6599660
GHA-DEBT-2986,Central Government,Bilateral Debt,17/12/2021,7,126820000,7.13,17/12/2028,Medium-Term Exposure,9042266
GHA-DEBT-2987,Central Government,Bilateral Debt,08/04/2024,7,25010000,5.98,08/04/2031,Medium-Term Exposure,1495598.0000000002
GHA-DEBT-2988,Central Government,Eurobond,22/07/2023,15,108050000,6.29,22/07/2038,Long-Term Sovereign Structural Debt,6796345
GHA-DEBT-2989,Central Government,Domestic Treasury Bond,04/06/2020,30,87620000,7.84,04/06/2050,Long-Term Sovereign Structural Debt,6869408
GHA-DEBT-2990,COCOBOD (Agric),SOE Guaranteed Loan,16/04/2023,10,179950000,11.66,16/04/2033,Medium-Term Exposure,20982170
GHA-DEBT-2991,Central Government,Eurobond,11/05/2023,5,50640000,12.27,11/05/2028,Short-Term Refinancing Risk,6213527.999999999
GHA-DEBT-2992,GRIDCo (Energy),Domestic Treasury Bond,06/06/2025,5,34650000,8.62,06/06/2030,Short-Term Refinancing Risk,2986830
GHA-DEBT-2993,Central Government,SOE Guaranteed Loan,07/09/2025,15,60870000,10.6,07/09/2040,Long-Term Sovereign Structural Debt,6452220
GHA-DEBT-2994,Central Government,Bilateral Debt,21/07/2020,3,154510000,11.37,21/07/2023,Short-Term Refinancing Risk,17567787
GHA-DEBT-2995,Central Government,Bilateral Debt,21/09/2023,10,129900000,13.61,21/09/2033,Medium-Term Exposure,17679390
GHA-DEBT-2996,COCOBOD (Agric),SOE Guaranteed Loan,02/06/2025,3,99940000,13.14,02/06/2028,Short-Term Refinancing Risk,13132116.000000002
GHA-DEBT-2997,VRA (Energy),Bilateral Debt,04/05/2020,30,15740000,9.67,04/05/2050,Long-Term Sovereign Structural Debt,1522058
GHA-DEBT-2998,VRA (Energy),Domestic Treasury Bond,07/03/2023,15,229960000,12.75,07/03/2038,Long-Term Sovereign Structural Debt,29319900
GHA-DEBT-2999,Central Government,Eurobond,03/04/2025,7,136690000,12,03/04/2032,Medium-Term Exposure,16402800
GHA-DEBT-3000,Central Government,Eurobond,27/07/2025,3,65840000,6.66,27/07/2028,Short-Term Refinancing Risk,4384944
GHA-DEBT-3001,Central Government,Bilateral Debt,21/08/2025,15,54240000,9.01,21/08/2040,Long-Term Sovereign Structural Debt,4887024
GHA-DEBT-3002,VRA (Energy),Bilateral Debt,01/09/2021,5,126100000,10.36,01/09/2026,Short-Term Refinancing Risk,13063960
GHA-DEBT-3003,Central Government,SOE Guaranteed Loan,21/10/2023,30,210100000,7.97,21/10/2053,Long-Term Sovereign Structural Debt,16744969.999999998
GHA-DEBT-3004,Central Government,Domestic Treasury Bond,04/03/2024,5,11280000,13.44,04/03/2029,Short-Term Refinancing Risk,1516032
GHA-DEBT-3005,Central Government,Eurobond,11/10/2020,7,5780000,9.09,11/10/2027,Medium-Term Exposure,525402
GHA-DEBT-3006,GRA (Revenue),SOE Guaranteed Loan,17/04/2022,3,227750000,13.59,17/04/2025,Short-Term Refinancing Risk,30951225
GHA-DEBT-3007,Central Government,Eurobond,27/08/2023,5,76370000,12.45,27/08/2028,Short-Term Refinancing Risk,9508065
GHA-DEBT-3008,COCOBOD (Agric),Domestic Treasury Bond,09/11/2025,5,160880000,8.55,09/11/2030,Short-Term Refinancing Risk,13755240.000000002
GHA-DEBT-3009,Central Government,Domestic Treasury Bond,23/06/2025,3,191960000,5.88,23/06/2028,Short-Term Refinancing Risk,11287248
GHA-DEBT-3010,Central Government,Domestic Treasury Bond,18/05/2020,7,189140000,5.77,18/05/2027,Medium-Term Exposure,10913377.999999998
GHA-DEBT-3011,VRA (Energy),Eurobond,13/09/2024,15,109600000,8.72,13/09/2039,Long-Term Sovereign Structural Debt,9557120
GHA-DEBT-3012,Central Government,SOE Guaranteed Loan,20/08/2021,10,76090000,9.49,20/08/2031,Medium-Term Exposure,7220941
GHA-DEBT-3013,VRA (Energy),Bilateral Debt,30/04/2022,10,194980000,8.49,30/04/2032,Medium-Term Exposure,16553802
GHA-DEBT-3014,Central Government,SOE Guaranteed Loan,22/04/2024,10,152290000,14.32,22/04/2034,Medium-Term Exposure,21807928
GHA-DEBT-3015,Central Government,Domestic Treasury Bond,14/11/2025,5,167720000,10.93,14/11/2030,Short-Term Refinancing Risk,18331796
GHA-DEBT-3016,VRA (Energy),SOE Guaranteed Loan,29/08/2021,10,243710000,12.97,29/08/2031,Medium-Term Exposure,31609187.000000004
GHA-DEBT-3017,VRA (Energy),Domestic Treasury Bond,11/08/2021,3,64560000,12.83,11/08/2024,Short-Term Refinancing Risk,8283048
GHA-DEBT-3018,Central Government,Eurobond,02/09/2022,3,139470000,11.71,02/09/2025,Short-Term Refinancing Risk,16331937.000000002
GHA-DEBT-3019,Central Government,Bilateral Debt,09/01/2020,10,9550000,11.75,09/01/2030,Medium-Term Exposure,1122125
GHA-DEBT-3020,Unspecified SOE,Eurobond,25/05/2021,3,142700000,12.83,25/05/2024,Short-Term Refinancing Risk,18308410
GHA-DEBT-3021,COCOBOD (Agric),SOE Guaranteed Loan,05/12/2023,30,33070000,12.02,05/12/2053,Long-Term Sovereign Structural Debt,3975014
GHA-DEBT-3022,COCOBOD (Agric),Eurobond,23/07/2022,10,87650000,6.23,23/07/2032,Medium-Term Exposure,5460595
GHA-DEBT-3023,Central Government,Eurobond,26/07/2022,30,219600000,6.33,26/07/2052,Long-Term Sovereign Structural Debt,13900679.999999998
GHA-DEBT-3024,VRA (Energy),Eurobond,15/01/2023,15,192210000,13.51,15/01/2038,Long-Term Sovereign Structural Debt,25967571
GHA-DEBT-3025,Central Government,SOE Guaranteed Loan,11/11/2024,3,114150000,5.73,11/11/2027,Short-Term Refinancing Risk,6540795
GHA-DEBT-3026,COCOBOD (Agric),Bilateral Debt,24/04/2020,10,144320000,6.9,24/04/2030,Medium-Term Exposure,9958080
GHA-DEBT-3027,Central Government,Bilateral Debt,05/08/2020,7,41590000,7.56,05/08/2027,Medium-Term Exposure,3144204
GHA-DEBT-3028,Central Government,SOE Guaranteed Loan,07/04/2024,5,206130000,7.59,07/04/2029,Short-Term Refinancing Risk,15645266.999999998
GHA-DEBT-3029,Central Government,Bilateral Debt,26/02/2021,5,118500000,11.65,26/02/2026,Short-Term Refinancing Risk,13805250
GHA-DEBT-3030,GRIDCo (Energy),Bilateral Debt,29/03/2024,15,31980000,12.15,29/03/2039,Long-Term Sovereign Structural Debt,3885570
GHA-DEBT-3031,VRA (Energy),SOE Guaranteed Loan,05/05/2021,3,37390000,14.45,05/05/2024,Short-Term Refinancing Risk,5402855
GHA-DEBT-3032,VRA (Energy),SOE Guaranteed Loan,17/09/2023,15,11070000,8.48,17/09/2038,Long-Term Sovereign Structural Debt,938736
GHA-DEBT-3033,Central Government,Eurobond,01/05/2024,30,211160000,11.88,01/05/2054,Long-Term Sovereign Structural Debt,25085808
GHA-DEBT-3034,Central Government,Domestic Treasury Bond,09/11/2025,30,168970000,7.87,09/11/2055,Long-Term Sovereign Structural Debt,13297939.000000002
GHA-DEBT-3035,Central Government,Eurobond,03/11/2024,3,124750000,9.98,03/11/2027,Short-Term Refinancing Risk,12450050
GHA-DEBT-3036,Central Government,SOE Guaranteed Loan,15/04/2022,3,17330000,11.21,15/04/2025,Short-Term Refinancing Risk,1942693
GHA-DEBT-3037,Central Government,Domestic Treasury Bond,10/03/2023,7,35790000,10.72,10/03/2030,Medium-Term Exposure,3836688
GHA-DEBT-3038,VRA (Energy),Domestic Treasury Bond,21/12/2025,30,125920000,7.12,21/12/2055,Long-Term Sovereign Structural Debt,8965504
GHA-DEBT-3039,Central Government,Bilateral Debt,10/02/2023,7,205790000,12.95,10/02/2030,Medium-Term Exposure,26649805
GHA-DEBT-3040,Central Government,SOE Guaranteed Loan,30/06/2020,10,172860000,10.78,30/06/2030,Medium-Term Exposure,18634308
GHA-DEBT-3041,Central Government,Eurobond,08/06/2024,15,132930000,12.33,08/06/2039,Long-Term Sovereign Structural Debt,16390269
GHA-DEBT-3042,GRIDCo (Energy),Bilateral Debt,14/01/2023,7,177180000,12.58,14/01/2030,Medium-Term Exposure,22289244
GHA-DEBT-3043,VRA (Energy),Domestic Treasury Bond,15/03/2022,3,126310000,13.9,15/03/2025,Short-Term Refinancing Risk,17557090
GHA-DEBT-3044,VRA (Energy),SOE Guaranteed Loan,03/08/2021,10,21450000,13.89,03/08/2031,Medium-Term Exposure,2979405
GHA-DEBT-3045,Central Government,SOE Guaranteed Loan,14/05/2022,15,131140000,13.54,14/05/2037,Long-Term Sovereign Structural Debt,17756356
GHA-DEBT-3046,VRA (Energy),Domestic Treasury Bond,16/11/2023,30,169380000,11.77,16/11/2053,Long-Term Sovereign Structural Debt,19936026
GHA-DEBT-3047,COCOBOD (Agric),Domestic Treasury Bond,03/04/2020,10,163780000,10.68,03/04/2030,Medium-Term Exposure,17491704
GHA-DEBT-3048,Central Government,Domestic Treasury Bond,29/01/2025,5,149140000,13.27,29/01/2030,Short-Term Refinancing Risk,19790877.999999996
GHA-DEBT-3049,Unspecified SOE,Eurobond,21/07/2024,5,90920000,7.48,21/07/2029,Short-Term Refinancing Risk,6800816.000000001
GHA-DEBT-3050,GRA (Revenue),Domestic Treasury Bond,18/06/2020,7,98160000,12.65,18/06/2027,Medium-Term Exposure,12417240
GHA-DEBT-3051,Central Government,Bilateral Debt,05/07/2024,10,23020000,12.93,05/07/2034,Medium-Term Exposure,2976486
GHA-DEBT-3052,GRA (Revenue),Bilateral Debt,27/12/2025,30,128930000,11.18,27/12/2055,Long-Term Sovereign Structural Debt,14414374
GHA-DEBT-3053,GRIDCo (Energy),Bilateral Debt,06/12/2020,30,68470000,6.95,06/12/2050,Long-Term Sovereign Structural Debt,4758665
GHA-DEBT-3054,Central Government,SOE Guaranteed Loan,25/10/2020,10,235630000,6.78,25/10/2030,Medium-Term Exposure,15975714
GHA-DEBT-3055,GRIDCo (Energy),Eurobond,24/11/2023,30,214730000,8.7,24/11/2053,Long-Term Sovereign Structural Debt,18681510
GHA-DEBT-3056,Central Government,Domestic Treasury Bond,23/05/2020,3,120440000,13.46,23/05/2023,Short-Term Refinancing Risk,16211224
GHA-DEBT-3057,GRA (Revenue),Bilateral Debt,19/01/2025,15,95000000,5.79,19/01/2040,Long-Term Sovereign Structural Debt,5500500
GHA-DEBT-3058,Central Government,Bilateral Debt,15/03/2020,15,197140000,13.06,15/03/2035,Long-Term Sovereign Structural Debt,25746484
GHA-DEBT-3059,Central Government,SOE Guaranteed Loan,05/07/2021,15,215040000,7.18,05/07/2036,Long-Term Sovereign Structural Debt,15439872
GHA-DEBT-3060,Central Government,Domestic Treasury Bond,03/09/2022,30,179150000,7.67,03/09/2052,Long-Term Sovereign Structural Debt,13740805
GHA-DEBT-3061,COCOBOD (Agric),Eurobond,03/03/2022,7,1940000,12.63,03/03/2029,Medium-Term Exposure,245022
GHA-DEBT-3062,Central Government,Domestic Treasury Bond,14/11/2021,3,212410000,13.76,14/11/2024,Short-Term Refinancing Risk,29227616
GHA-DEBT-3063,Central Government,SOE Guaranteed Loan,05/06/2023,7,229280000,6.72,05/06/2030,Medium-Term Exposure,15407615.999999998
GHA-DEBT-3064,VRA (Energy),SOE Guaranteed Loan,07/07/2022,10,238220000,7.56,07/07/2032,Medium-Term Exposure,18009432
GHA-DEBT-3065,COCOBOD (Agric),SOE Guaranteed Loan,08/11/2025,7,44470000,10.75,08/11/2032,Medium-Term Exposure,4780525
GHA-DEBT-3066,Central Government,Bilateral Debt,05/01/2023,30,121760000,10.13,05/01/2053,Long-Term Sovereign Structural Debt,12334288
GHA-DEBT-3067,Central Government,Bilateral Debt,27/10/2025,3,137940000,6.9,27/10/2028,Short-Term Refinancing Risk,9517860
GHA-DEBT-3068,Central Government,Domestic Treasury Bond,21/10/2021,30,102040000,12.5,21/10/2051,Long-Term Sovereign Structural Debt,12755000
GHA-DEBT-3069,Central Government,SOE Guaranteed Loan,21/02/2024,15,83920000,8.26,21/02/2039,Long-Term Sovereign Structural Debt,6931791.999999999
GHA-DEBT-3070,Central Government,Eurobond,19/06/2021,5,191550000,8.36,19/06/2026,Short-Term Refinancing Risk,16013579.999999998
GHA-DEBT-3071,Central Government,Eurobond,07/11/2024,30,164060000,9.94,07/11/2054,Long-Term Sovereign Structural Debt,16307563.999999998
GHA-DEBT-3072,GRA (Revenue),Domestic Treasury Bond,10/11/2024,5,233090000,7.88,10/11/2029,Short-Term Refinancing Risk,18367492
GHA-DEBT-3073,Central Government,SOE Guaranteed Loan,16/02/2021,30,200260000,10.24,16/02/2051,Long-Term Sovereign Structural Debt,20506624
GHA-DEBT-3074,Central Government,SOE Guaranteed Loan,11/04/2024,5,158030000,12.01,11/04/2029,Short-Term Refinancing Risk,18979403
GHA-DEBT-3075,COCOBOD (Agric),SOE Guaranteed Loan,18/04/2024,10,95920000,12.1,18/04/2034,Medium-Term Exposure,11606320
GHA-DEBT-3076,GRIDCo (Energy),SOE Guaranteed Loan,04/12/2022,15,82930000,9.36,04/12/2037,Long-Term Sovereign Structural Debt,7762247.999999999
GHA-DEBT-3077,Central Government,Bilateral Debt,04/04/2025,30,164620000,8.36,04/04/2055,Long-Term Sovereign Structural Debt,13762231.999999998
GHA-DEBT-3078,Central Government,SOE Guaranteed Loan,20/02/2020,30,170580000,12.83,20/02/2050,Long-Term Sovereign Structural Debt,21885414
GHA-DEBT-3079,VRA (Energy),Domestic Treasury Bond,26/07/2021,3,232480000,9.71,26/07/2024,Short-Term Refinancing Risk,22573808
GHA-DEBT-3080,GRIDCo (Energy),Eurobond,21/12/2024,7,243820000,9.6,21/12/2031,Medium-Term Exposure,23406720
GHA-DEBT-3081,GRIDCo (Energy),Domestic Treasury Bond,24/07/2023,3,118530000,11.26,24/07/2026,Short-Term Refinancing Risk,13346477.999999998
GHA-DEBT-3082,Central Government,Eurobond,12/01/2024,3,128350000,11.62,12/01/2027,Short-Term Refinancing Risk,14914270
GHA-DEBT-3083,Central Government,Bilateral Debt,09/07/2021,10,74760000,5.71,09/07/2031,Medium-Term Exposure,4268796
GHA-DEBT-3084,Central Government,Eurobond,04/11/2022,7,93630000,13.29,04/11/2029,Medium-Term Exposure,12443427
GHA-DEBT-3085,Central Government,Eurobond,27/04/2022,7,22440000,12.4,27/04/2029,Medium-Term Exposure,2782560
GHA-DEBT-3086,VRA (Energy),Eurobond,27/07/2024,7,95120000,6.06,27/07/2031,Medium-Term Exposure,5764271.999999999
GHA-DEBT-3087,Central Government,Domestic Treasury Bond,07/01/2024,10,189440000,7.06,07/01/2034,Medium-Term Exposure,13374464
GHA-DEBT-3088,GRIDCo (Energy),SOE Guaranteed Loan,06/06/2023,5,89000000,11.51,06/06/2028,Short-Term Refinancing Risk,10243900
GHA-DEBT-3089,Unspecified SOE,Bilateral Debt,14/05/2025,5,141670000,6.53,14/05/2030,Short-Term Refinancing Risk,9251051
GHA-DEBT-3090,Central Government,Bilateral Debt,23/03/2023,7,177350000,9.74,23/03/2030,Medium-Term Exposure,17273890
GHA-DEBT-3091,GRA (Revenue),Eurobond,22/04/2021,10,58550000,8.15,22/04/2031,Medium-Term Exposure,4771825
GHA-DEBT-3092,Central Government,Eurobond,22/09/2024,5,43580000,6.86,22/09/2029,Short-Term Refinancing Risk,2989588.0000000005
GHA-DEBT-3093,VRA (Energy),Bilateral Debt,18/12/2021,3,231300000,14.36,18/12/2024,Short-Term Refinancing Risk,33214680
GHA-DEBT-3094,VRA (Energy),SOE Guaranteed Loan,13/05/2025,15,40220000,9.19,13/05/2040,Long-Term Sovereign Structural Debt,3696218
GHA-DEBT-3095,Central Government,Eurobond,21/04/2023,15,168710000,5.78,21/04/2038,Long-Term Sovereign Structural Debt,9751438
GHA-DEBT-3096,Central Government,Eurobond,07/08/2025,30,37950000,9.04,07/08/2055,Long-Term Sovereign Structural Debt,3430680
GHA-DEBT-3097,VRA (Energy),Eurobond,23/11/2024,30,103760000,9.16,23/11/2054,Long-Term Sovereign Structural Debt,9504416
GHA-DEBT-3098,Central Government,Eurobond,29/08/2020,5,209840000,11.41,29/08/2025,Short-Term Refinancing Risk,23942744
GHA-DEBT-3099,Central Government,SOE Guaranteed Loan,25/08/2021,3,71580000,11.15,25/08/2024,Short-Term Refinancing Risk,7981170
GHA-DEBT-3100,GRA (Revenue),SOE Guaranteed Loan,15/12/2024,30,98610000,6.69,15/12/2054,Long-Term Sovereign Structural Debt,6597009
GHA-DEBT-3101,Central Government,SOE Guaranteed Loan,06/09/2021,3,105180000,10.33,06/09/2024,Short-Term Refinancing Risk,10865094
GHA-DEBT-3102,Central Government,Bilateral Debt,12/11/2021,10,209830000,13.8,12/11/2031,Medium-Term Exposure,28956540.000000004
GHA-DEBT-3103,Central Government,Bilateral Debt,30/05/2020,5,86110000,6.01,30/05/2025,Short-Term Refinancing Risk,5175211
GHA-DEBT-3104,VRA (Energy),SOE Guaranteed Loan,07/06/2022,7,140970000,7.43,07/06/2029,Medium-Term Exposure,10474070.999999998
GHA-DEBT-3105,VRA (Energy),Domestic Treasury Bond,11/02/2022,5,216610000,8.83,11/02/2027,Short-Term Refinancing Risk,19126663
GHA-DEBT-3106,Central Government,Eurobond,06/11/2020,30,198500000,6.94,06/11/2050,Long-Term Sovereign Structural Debt,13775900
GHA-DEBT-3107,Central Government,Eurobond,03/04/2022,15,228920000,6.11,03/04/2037,Long-Term Sovereign Structural Debt,13987012
GHA-DEBT-3108,COCOBOD (Agric),Bilateral Debt,13/02/2021,7,240110000,10.54,13/02/2028,Medium-Term Exposure,25307594
GHA-DEBT-3109,Central Government,Eurobond,04/06/2023,7,128420000,6.15,04/06/2030,Medium-Term Exposure,7897830.000000001
GHA-DEBT-3110,Unspecified SOE,Eurobond,23/07/2024,30,37370000,6.3,23/07/2054,Long-Term Sovereign Structural Debt,2354310
GHA-DEBT-3111,Central Government,Bilateral Debt,12/12/2025,7,197730000,13.59,12/12/2032,Medium-Term Exposure,26871507
GHA-DEBT-3112,Central Government,Bilateral Debt,01/01/2023,30,141070000,13.82,01/01/2053,Long-Term Sovereign Structural Debt,19495874
GHA-DEBT-3113,GRA (Revenue),Bilateral Debt,05/02/2021,3,227340000,7.78,05/02/2024,Short-Term Refinancing Risk,17687052
GHA-DEBT-3114,VRA (Energy),SOE Guaranteed Loan,29/06/2021,5,247510000,11.52,29/06/2026,Short-Term Refinancing Risk,28513152
GHA-DEBT-3115,Central Government,SOE Guaranteed Loan,23/03/2025,30,247230000,9.21,23/03/2055,Long-Term Sovereign Structural Debt,22769883.000000004
GHA-DEBT-3116,Central Government,Eurobond,15/12/2021,30,178430000,7.78,15/12/2051,Long-Term Sovereign Structural Debt,13881854.000000002
GHA-DEBT-3117,Central Government,Eurobond,29/09/2024,5,192810000,6.23,29/09/2029,Short-Term Refinancing Risk,12012063
GHA-DEBT-3118,GRA (Revenue),Eurobond,24/05/2020,15,218500000,13.61,24/05/2035,Long-Term Sovereign Structural Debt,29737850
GHA-DEBT-3119,Central Government,Bilateral Debt,09/04/2024,3,56450000,5.82,09/04/2027,Short-Term Refinancing Risk,3285390
GHA-DEBT-3120,Central Government,Domestic Treasury Bond,03/05/2023,30,37830000,11.06,03/05/2053,Long-Term Sovereign Structural Debt,4183998
GHA-DEBT-3121,Unspecified SOE,SOE Guaranteed Loan,19/01/2024,15,115090000,8.62,19/01/2039,Long-Term Sovereign Structural Debt,9920758
GHA-DEBT-3122,Central Government,Domestic Treasury Bond,08/08/2023,5,76510000,10.46,08/08/2028,Short-Term Refinancing Risk,8002946.000000001
GHA-DEBT-3123,VRA (Energy),Domestic Treasury Bond,19/08/2023,10,9730000,5.63,19/08/2033,Medium-Term Exposure,547799
GHA-DEBT-3124,GRIDCo (Energy),SOE Guaranteed Loan,03/12/2023,10,60870000,14.19,03/12/2033,Medium-Term Exposure,8637453
GHA-DEBT-3125,GRA (Revenue),Domestic Treasury Bond,30/08/2024,7,70120000,13.65,30/08/2031,Medium-Term Exposure,9571380
GHA-DEBT-3126,Central Government,Domestic Treasury Bond,25/07/2021,5,57460000,10.75,25/07/2026,Short-Term Refinancing Risk,6176950
GHA-DEBT-3127,Central Government,SOE Guaranteed Loan,13/12/2022,10,115420000,12.67,13/12/2032,Medium-Term Exposure,14623714
GHA-DEBT-3128,Central Government,SOE Guaranteed Loan,13/06/2023,7,52300000,8.66,13/06/2030,Medium-Term Exposure,4529180
GHA-DEBT-3129,GRIDCo (Energy),Domestic Treasury Bond,15/12/2023,10,156060000,6.88,15/12/2033,Medium-Term Exposure,10736928
GHA-DEBT-3130,COCOBOD (Agric),Bilateral Debt,29/11/2022,10,157270000,5.65,29/11/2032,Medium-Term Exposure,8885755
GHA-DEBT-3131,Central Government,SOE Guaranteed Loan,23/01/2023,7,69520000,10.14,23/01/2030,Medium-Term Exposure,7049328
GHA-DEBT-3132,Central Government,Bilateral Debt,19/07/2025,7,232550000,7.4,19/07/2032,Medium-Term Exposure,17208700.000000004
GHA-DEBT-3133,Central Government,Domestic Treasury Bond,23/07/2025,30,15360000,7.2,23/07/2055,Long-Term Sovereign Structural Debt,1105920.0000000002
GHA-DEBT-3134,Central Government,Domestic Treasury Bond,25/01/2022,10,91460000,9.68,25/01/2032,Medium-Term Exposure,8853328
GHA-DEBT-3135,Central Government,Eurobond,14/08/2020,5,82700000,13.8,14/08/2025,Short-Term Refinancing Risk,11412600.000000002
GHA-DEBT-3136,Central Government,Domestic Treasury Bond,11/05/2020,10,24580000,12.35,11/05/2030,Medium-Term Exposure,3035630
GHA-DEBT-3137,COCOBOD (Agric),SOE Guaranteed Loan,20/11/2025,5,94550000,9.49,20/11/2030,Short-Term Refinancing Risk,8972795
GHA-DEBT-3138,Unspecified SOE,Domestic Treasury Bond,06/11/2024,7,87420000,10.31,06/11/2031,Medium-Term Exposure,9013002.000000002
GHA-DEBT-3139,COCOBOD (Agric),Bilateral Debt,13/09/2024,7,15860000,6.75,13/09/2031,Medium-Term Exposure,1070550
GHA-DEBT-3140,GRA (Revenue),Domestic Treasury Bond,27/10/2024,15,84210000,5.95,27/10/2039,Long-Term Sovereign Structural Debt,5010495
GHA-DEBT-3141,Central Government,Eurobond,19/09/2020,15,99110000,6.44,19/09/2035,Long-Term Sovereign Structural Debt,6382684
GHA-DEBT-3142,VRA (Energy),SOE Guaranteed Loan,05/04/2020,30,32860000,11.7,05/04/2050,Long-Term Sovereign Structural Debt,3844619.9999999995
GHA-DEBT-3143,GRA (Revenue),SOE Guaranteed Loan,11/10/2025,10,65490000,8.15,11/10/2035,Medium-Term Exposure,5337435
GHA-DEBT-3144,Central Government,Domestic Treasury Bond,15/11/2025,3,195250000,13.51,15/11/2028,Short-Term Refinancing Risk,26378275
GHA-DEBT-3145,VRA (Energy),Eurobond,04/08/2024,15,108950000,9.93,04/08/2039,Long-Term Sovereign Structural Debt,10818735
GHA-DEBT-3146,VRA (Energy),Eurobond,25/10/2022,5,208620000,14.15,25/10/2027,Short-Term Refinancing Risk,29519730.000000004
GHA-DEBT-3147,Central Government,Domestic Treasury Bond,22/05/2025,5,215400000,9.62,22/05/2030,Short-Term Refinancing Risk,20721480
GHA-DEBT-3148,Central Government,Eurobond,28/07/2024,5,18530000,8.62,28/07/2029,Short-Term Refinancing Risk,1597286
GHA-DEBT-3149,VRA (Energy),Bilateral Debt,30/01/2020,10,238520000,10.65,30/01/2030,Medium-Term Exposure,25402380
GHA-DEBT-3150,GRA (Revenue),Domestic Treasury Bond,11/11/2023,5,142570000,7.79,11/11/2028,Short-Term Refinancing Risk,11106203
GHA-DEBT-3151,Central Government,Eurobond,07/09/2022,5,44750000,8.51,07/09/2027,Short-Term Refinancing Risk,3808225
GHA-DEBT-3152,Central Government,Eurobond,25/06/2022,15,196280000,8.25,25/06/2037,Long-Term Sovereign Structural Debt,16193100
GHA-DEBT-3153,VRA (Energy),Domestic Treasury Bond,20/01/2023,10,107500000,14.45,20/01/2033,Medium-Term Exposure,15533749.999999998
GHA-DEBT-3154,VRA (Energy),Eurobond,05/06/2025,3,102570000,8.32,05/06/2028,Short-Term Refinancing Risk,8533824
GHA-DEBT-3155,VRA (Energy),SOE Guaranteed Loan,27/04/2021,30,158760000,9.68,27/04/2051,Long-Term Sovereign Structural Debt,15367968
GHA-DEBT-3156,Central Government,SOE Guaranteed Loan,18/10/2023,15,57150000,13.76,18/10/2038,Long-Term Sovereign Structural Debt,7863840
GHA-DEBT-3157,Central Government,Domestic Treasury Bond,05/05/2025,3,189820000,5.72,05/05/2028,Short-Term Refinancing Risk,10857704
GHA-DEBT-3158,Central Government,Eurobond,06/03/2021,5,221780000,13.83,06/03/2026,Short-Term Refinancing Risk,30672174
GHA-DEBT-3159,VRA (Energy),SOE Guaranteed Loan,02/04/2020,15,195260000,5.55,02/04/2035,Long-Term Sovereign Structural Debt,10836930
GHA-DEBT-3160,Central Government,Eurobond,02/10/2021,5,173510000,12.73,02/10/2026,Short-Term Refinancing Risk,22087823
GHA-DEBT-3161,Central Government,SOE Guaranteed Loan,10/03/2021,30,194430000,9.27,10/03/2051,Long-Term Sovereign Structural Debt,18023661
GHA-DEBT-3162,Central Government,Domestic Treasury Bond,15/09/2022,30,84860000,5.8,15/09/2052,Long-Term Sovereign Structural Debt,4921880
GHA-DEBT-3163,Central Government,Domestic Treasury Bond,01/12/2024,30,105020000,7.49,01/12/2054,Long-Term Sovereign Structural Debt,7865998.000000001
GHA-DEBT-3164,VRA (Energy),Bilateral Debt,30/09/2022,10,169890000,12.91,30/09/2032,Medium-Term Exposure,21932799
GHA-DEBT-3165,Central Government,Domestic Treasury Bond,24/01/2020,5,31750000,10.51,24/01/2025,Short-Term Refinancing Risk,3336925
GHA-DEBT-3166,Central Government,SOE Guaranteed Loan,15/03/2020,5,82790000,9.29,15/03/2025,Short-Term Refinancing Risk,7691191
GHA-DEBT-3167,VRA (Energy),Eurobond,18/07/2020,15,61940000,9.24,18/07/2035,Long-Term Sovereign Structural Debt,5723256
GHA-DEBT-3168,VRA (Energy),Eurobond,27/08/2023,3,86610000,6.55,27/08/2026,Short-Term Refinancing Risk,5672955
GHA-DEBT-3169,Central Government,Bilateral Debt,19/12/2021,10,75100000,5.86,19/12/2031,Medium-Term Exposure,4400860.000000001
GHA-DEBT-3170,GRA (Revenue),Bilateral Debt,23/07/2020,5,165220000,11.24,23/07/2025,Short-Term Refinancing Risk,18570728
GHA-DEBT-3171,Central Government,Domestic Treasury Bond,02/06/2022,7,98880000,13.99,02/06/2029,Medium-Term Exposure,13833312
GHA-DEBT-3172,GRIDCo (Energy),SOE Guaranteed Loan,11/06/2020,10,137510000,7.7,11/06/2030,Medium-Term Exposure,10588270
GHA-DEBT-3173,Central Government,Domestic Treasury Bond,28/11/2024,5,112690000,14.33,28/11/2029,Short-Term Refinancing Risk,16148477.000000002
GHA-DEBT-3174,Central Government,Bilateral Debt,17/04/2022,3,34270000,8.49,17/04/2025,Short-Term Refinancing Risk,2909523
GHA-DEBT-3175,GRIDCo (Energy),Eurobond,25/09/2023,10,53120000,7.05,25/09/2033,Medium-Term Exposure,3744959.9999999995
GHA-DEBT-3176,GRIDCo (Energy),Eurobond,07/05/2021,10,184370000,8.01,07/05/2031,Medium-Term Exposure,14768037
GHA-DEBT-3177,GRIDCo (Energy),Bilateral Debt,29/08/2021,5,67250000,9.93,29/08/2026,Short-Term Refinancing Risk,6677925
GHA-DEBT-3178,VRA (Energy),SOE Guaranteed Loan,28/05/2025,5,222610000,6.77,28/05/2030,Short-Term Refinancing Risk,15070697
GHA-DEBT-3179,Central Government,Eurobond,21/01/2023,3,66620000,12.32,21/01/2026,Short-Term Refinancing Risk,8207584
GHA-DEBT-3180,Central Government,Eurobond,16/05/2023,5,108330000,8.32,16/05/2028,Short-Term Refinancing Risk,9013056
GHA-DEBT-3181,Central Government,Bilateral Debt,19/11/2020,5,10430000,12.36,19/11/2025,Short-Term Refinancing Risk,1289147.9999999998
GHA-DEBT-3182,Central Government,Eurobond,15/04/2025,10,106310000,13.21,15/04/2035,Medium-Term Exposure,14043551
GHA-DEBT-3183,GRIDCo (Energy),Domestic Treasury Bond,16/06/2024,30,59500000,7.66,16/06/2054,Long-Term Sovereign Structural Debt,4557700
GHA-DEBT-3184,Unspecified SOE,SOE Guaranteed Loan,31/10/2024,3,192830000,9.96,31/10/2027,Short-Term Refinancing Risk,19205868
GHA-DEBT-3185,Central Government,Eurobond,02/07/2020,10,29290000,7.49,02/07/2030,Medium-Term Exposure,2193821.0000000005
GHA-DEBT-3186,Central Government,Bilateral Debt,11/12/2024,15,227370000,14.14,11/12/2039,Long-Term Sovereign Structural Debt,32150118
GHA-DEBT-3187,Central Government,Eurobond,30/06/2023,10,124800000,12.05,30/06/2033,Medium-Term Exposure,15038400.000000002
GHA-DEBT-3188,Central Government,SOE Guaranteed Loan,25/05/2024,30,136730000,11.91,25/05/2054,Long-Term Sovereign Structural Debt,16284543
GHA-DEBT-3189,Central Government,Eurobond,08/03/2024,5,76310000,5.81,08/03/2029,Short-Term Refinancing Risk,4433611
GHA-DEBT-3190,Central Government,Bilateral Debt,10/10/2021,10,231470000,8.52,10/10/2031,Medium-Term Exposure,19721244
GHA-DEBT-3191,Central Government,Domestic Treasury Bond,12/09/2020,10,37840000,11.31,12/09/2030,Medium-Term Exposure,4279704
GHA-DEBT-3192,Central Government,Domestic Treasury Bond,15/07/2021,5,213930000,11.81,15/07/2026,Short-Term Refinancing Risk,25265133.000000004
GHA-DEBT-3193,Central Government,SOE Guaranteed Loan,02/10/2020,5,48570000,13.72,02/10/2025,Short-Term Refinancing Risk,6663804.000000001
GHA-DEBT-3194,VRA (Energy),Eurobond,11/09/2022,5,137130000,13.35,11/09/2027,Short-Term Refinancing Risk,18306855
GHA-DEBT-3195,Central Government,Bilateral Debt,16/10/2023,30,8890000,9.68,16/10/2053,Long-Term Sovereign Structural Debt,860552
GHA-DEBT-3196,GRIDCo (Energy),Domestic Treasury Bond,26/12/2022,10,8300000,13.94,26/12/2032,Medium-Term Exposure,1157020
GHA-DEBT-3197,GRA (Revenue),Eurobond,30/08/2022,30,213730000,11.12,30/08/2052,Long-Term Sovereign Structural Debt,23766776
GHA-DEBT-3198,Central Government,Domestic Treasury Bond,27/09/2021,7,81030000,11.51,27/09/2028,Medium-Term Exposure,9326553
GHA-DEBT-3199,COCOBOD (Agric),Eurobond,23/01/2020,15,209460000,11.88,23/01/2035,Long-Term Sovereign Structural Debt,24883848
GHA-DEBT-3200,VRA (Energy),Domestic Treasury Bond,02/05/2021,7,138090000,11.01,02/05/2028,Medium-Term Exposure,15203709
GHA-DEBT-3201,Central Government,Domestic Treasury Bond,22/01/2023,7,110810000,7.82,22/01/2030,Medium-Term Exposure,8665342
GHA-DEBT-3202,COCOBOD (Agric),SOE Guaranteed Loan,21/04/2022,3,175680000,7.11,21/04/2025,Short-Term Refinancing Risk,12490848
GHA-DEBT-3203,Central Government,Domestic Treasury Bond,26/09/2023,3,224950000,11.07,26/09/2026,Short-Term Refinancing Risk,24901965
GHA-DEBT-3204,GRIDCo (Energy),Bilateral Debt,19/12/2022,5,50300000,10.8,19/12/2027,Short-Term Refinancing Risk,5432400.000000001
GHA-DEBT-3205,Central Government,SOE Guaranteed Loan,22/07/2024,3,77730000,9.2,22/07/2027,Short-Term Refinancing Risk,7151160
GHA-DEBT-3206,Central Government,Eurobond,10/01/2021,3,46990000,9.88,10/01/2024,Short-Term Refinancing Risk,4642612.000000001
GHA-DEBT-3207,Central Government,Bilateral Debt,19/05/2025,7,47840000,5.82,19/05/2032,Medium-Term Exposure,2784288
GHA-DEBT-3208,GRIDCo (Energy),SOE Guaranteed Loan,08/04/2025,7,16940000,14.02,08/04/2032,Medium-Term Exposure,2374988
GHA-DEBT-3209,Central Government,Bilateral Debt,11/10/2023,7,173540000,8.28,11/10/2030,Medium-Term Exposure,14369112
GHA-DEBT-3210,Central Government,Domestic Treasury Bond,23/02/2021,10,101880000,9.02,23/02/2031,Medium-Term Exposure,9189576
GHA-DEBT-3211,Central Government,Eurobond,10/11/2025,5,67460000,11.62,10/11/2030,Short-Term Refinancing Risk,7838852
GHA-DEBT-3212,Central Government,Domestic Treasury Bond,20/02/2021,5,27780000,13.7,20/02/2026,Short-Term Refinancing Risk,3805859.9999999995
GHA-DEBT-3213,Central Government,Bilateral Debt,17/08/2023,5,47320000,6.03,17/08/2028,Short-Term Refinancing Risk,2853396
GHA-DEBT-3214,Central Government,Bilateral Debt,01/07/2024,30,152280000,7.61,01/07/2054,Long-Term Sovereign Structural Debt,11588508
GHA-DEBT-3215,COCOBOD (Agric),Domestic Treasury Bond,05/03/2024,7,243210000,5.67,05/03/2031,Medium-Term Exposure,13790007
GHA-DEBT-3216,Central Government,SOE Guaranteed Loan,23/01/2025,30,24480000,9.39,23/01/2055,Long-Term Sovereign Structural Debt,2298672.0000000005
GHA-DEBT-3217,VRA (Energy),Bilateral Debt,10/06/2021,10,75000000,6.76,10/06/2031,Medium-Term Exposure,5069999.999999999
GHA-DEBT-3218,VRA (Energy),SOE Guaranteed Loan,22/01/2022,30,59470000,12.55,22/01/2052,Long-Term Sovereign Structural Debt,7463485
GHA-DEBT-3219,COCOBOD (Agric),SOE Guaranteed Loan,22/12/2020,10,186360000,7.2,22/12/2030,Medium-Term Exposure,13417920.000000002
GHA-DEBT-3220,Unspecified SOE,SOE Guaranteed Loan,31/10/2025,3,41890000,10.2,31/10/2028,Short-Term Refinancing Risk,4272780
GHA-DEBT-3221,Central Government,Eurobond,18/05/2025,3,196770000,8.34,18/05/2028,Short-Term Refinancing Risk,16410618
GHA-DEBT-3222,Unspecified SOE,Bilateral Debt,13/11/2022,7,39390000,6.22,13/11/2029,Medium-Term Exposure,2450058
GHA-DEBT-3223,VRA (Energy),Domestic Treasury Bond,20/02/2023,15,103020000,6.04,20/02/2038,Long-Term Sovereign Structural Debt,6222408
GHA-DEBT-3224,Central Government,Domestic Treasury Bond,26/03/2023,5,167930000,11,26/03/2028,Short-Term Refinancing Risk,18472300
GHA-DEBT-3225,Central Government,Eurobond,14/10/2025,5,122440000,6.3,14/10/2030,Short-Term Refinancing Risk,7713720
GHA-DEBT-3226,Central Government,Domestic Treasury Bond,11/02/2025,5,7640000,11.49,11/02/2030,Short-Term Refinancing Risk,877836
GHA-DEBT-3227,Central Government,Bilateral Debt,02/08/2022,30,231140000,11.42,02/08/2052,Long-Term Sovereign Structural Debt,26396188
GHA-DEBT-3228,Central Government,Bilateral Debt,02/12/2024,7,77230000,6.91,02/12/2031,Medium-Term Exposure,5336593
GHA-DEBT-3229,Central Government,SOE Guaranteed Loan,26/09/2024,15,39610000,7.98,26/09/2039,Long-Term Sovereign Structural Debt,3160878.0000000005
GHA-DEBT-3230,Central Government,Domestic Treasury Bond,26/10/2021,3,78290000,12.3,26/10/2024,Short-Term Refinancing Risk,9629670.000000002
GHA-DEBT-3231,COCOBOD (Agric),SOE Guaranteed Loan,08/04/2022,15,84790000,10.01,08/04/2037,Long-Term Sovereign Structural Debt,8487479
GHA-DEBT-3232,Central Government,Domestic Treasury Bond,25/05/2023,10,141400000,9.4,25/05/2033,Medium-Term Exposure,13291600
GHA-DEBT-3233,Central Government,Domestic Treasury Bond,11/03/2023,7,132380000,9.23,11/03/2030,Medium-Term Exposure,12218674.000000002
GHA-DEBT-3234,Central Government,SOE Guaranteed Loan,26/06/2022,30,147210000,11.6,26/06/2052,Long-Term Sovereign Structural Debt,17076360
GHA-DEBT-3235,Central Government,Eurobond,11/04/2020,10,77410000,6.48,11/04/2030,Medium-Term Exposure,5016168.000000001
GHA-DEBT-3236,Central Government,Eurobond,23/03/2025,10,80780000,6.41,23/03/2035,Medium-Term Exposure,5177998
GHA-DEBT-3237,COCOBOD (Agric),Eurobond,23/12/2020,3,115670000,11.13,23/12/2023,Short-Term Refinancing Risk,12874071.000000002
GHA-DEBT-3238,Central Government,Eurobond,10/02/2025,15,248960000,13.1,10/02/2040,Long-Term Sovereign Structural Debt,32613760
GHA-DEBT-3239,Central Government,Bilateral Debt,22/12/2023,3,109940000,10.9,22/12/2026,Short-Term Refinancing Risk,11983460
GHA-DEBT-3240,COCOBOD (Agric),Domestic Treasury Bond,17/03/2024,30,77420000,9.52,17/03/2054,Long-Term Sovereign Structural Debt,7370383.999999999
GHA-DEBT-3241,VRA (Energy),Eurobond,10/11/2020,7,62940000,6.53,10/11/2027,Medium-Term Exposure,4109982
GHA-DEBT-3242,COCOBOD (Agric),Domestic Treasury Bond,12/10/2020,5,166730000,12.98,12/10/2025,Short-Term Refinancing Risk,21641554
GHA-DEBT-3243,VRA (Energy),Bilateral Debt,21/01/2024,30,200100000,8,21/01/2054,Long-Term Sovereign Structural Debt,16008000
GHA-DEBT-3244,Central Government,Eurobond,07/12/2020,5,91060000,6.68,07/12/2025,Short-Term Refinancing Risk,6082808
GHA-DEBT-3245,COCOBOD (Agric),Domestic Treasury Bond,03/01/2025,5,16220000,6.34,03/01/2030,Short-Term Refinancing Risk,1028348
GHA-DEBT-3246,GRA (Revenue),Eurobond,15/03/2022,15,227770000,14.1,15/03/2037,Long-Term Sovereign Structural Debt,32115569.999999996
GHA-DEBT-3247,Central Government,Eurobond,06/09/2024,30,175500000,9.15,06/09/2054,Long-Term Sovereign Structural Debt,16058250
GHA-DEBT-3248,VRA (Energy),Eurobond,15/05/2025,10,2630000,11.48,15/05/2035,Medium-Term Exposure,301924
GHA-DEBT-3249,Central Government,SOE Guaranteed Loan,04/08/2021,15,242680000,14.29,04/08/2036,Long-Term Sovereign Structural Debt,34678972
GHA-DEBT-3250,GRA (Revenue),SOE Guaranteed Loan,31/07/2022,10,133840000,7.72,31/07/2032,Medium-Term Exposure,10332447.999999998
GHA-DEBT-3251,Central Government,Eurobond,25/08/2020,7,174600000,9.21,25/08/2027,Medium-Term Exposure,16080660.000000002
GHA-DEBT-3252,VRA (Energy),SOE Guaranteed Loan,30/01/2020,7,214370000,7.49,30/01/2027,Medium-Term Exposure,16056313.000000002
GHA-DEBT-3253,Central Government,Domestic Treasury Bond,07/07/2022,3,200180000,9.94,07/07/2025,Short-Term Refinancing Risk,19897891.999999996
GHA-DEBT-3254,Central Government,SOE Guaranteed Loan,23/04/2024,7,23340000,11.54,23/04/2031,Medium-Term Exposure,2693435.9999999995
GHA-DEBT-3255,Central Government,SOE Guaranteed Loan,02/02/2021,15,230450000,11.41,02/02/2036,Long-Term Sovereign Structural Debt,26294345
GHA-DEBT-3256,VRA (Energy),SOE Guaranteed Loan,12/12/2024,15,148150000,12.53,12/12/2039,Long-Term Sovereign Structural Debt,18563195
GHA-DEBT-3257,Central Government,Domestic Treasury Bond,26/03/2025,7,104680000,8.88,26/03/2032,Medium-Term Exposure,9295584
GHA-DEBT-3258,Central Government,Domestic Treasury Bond,03/04/2020,30,166330000,9.26,03/04/2050,Long-Term Sovereign Structural Debt,15402158
GHA-DEBT-3259,Central Government,SOE Guaranteed Loan,19/07/2020,3,190760000,12.13,19/07/2023,Short-Term Refinancing Risk,23139188
GHA-DEBT-3260,VRA (Energy),Eurobond,26/12/2021,30,142640000,7.01,26/12/2051,Long-Term Sovereign Structural Debt,9999064
GHA-DEBT-3261,Central Government,Eurobond,18/07/2022,3,207190000,6.34,18/07/2025,Short-Term Refinancing Risk,13135846
GHA-DEBT-3262,VRA (Energy),Domestic Treasury Bond,30/07/2022,15,196660000,8.92,30/07/2037,Long-Term Sovereign Structural Debt,17542072
GHA-DEBT-3263,Central Government,Eurobond,30/07/2022,15,193870000,6.63,30/07/2037,Long-Term Sovereign Structural Debt,12853581
GHA-DEBT-3264,Central Government,Domestic Treasury Bond,20/03/2025,30,164460000,13.11,20/03/2055,Long-Term Sovereign Structural Debt,21560706
GHA-DEBT-3265,Central Government,Eurobond,20/11/2023,30,86070000,5.76,20/11/2053,Long-Term Sovereign Structural Debt,4957632
GHA-DEBT-3266,VRA (Energy),SOE Guaranteed Loan,13/11/2020,7,212930000,11.5,13/11/2027,Medium-Term Exposure,24486950
GHA-DEBT-3267,Central Government,Domestic Treasury Bond,13/07/2023,5,60330000,14.29,13/07/2028,Short-Term Refinancing Risk,8621157
GHA-DEBT-3268,Central Government,Eurobond,07/06/2022,7,30880000,12.93,07/06/2029,Medium-Term Exposure,3992784
GHA-DEBT-3269,VRA (Energy),Bilateral Debt,05/01/2020,30,41060000,12.66,05/01/2050,Long-Term Sovereign Structural Debt,5198196
GHA-DEBT-3270,Central Government,Eurobond,14/05/2025,3,230310000,11.59,14/05/2028,Short-Term Refinancing Risk,26692929
GHA-DEBT-3271,COCOBOD (Agric),Bilateral Debt,20/10/2021,30,237710000,5.88,20/10/2051,Long-Term Sovereign Structural Debt,13977348
GHA-DEBT-3272,COCOBOD (Agric),Eurobond,21/04/2024,15,153170000,12.89,21/04/2039,Long-Term Sovereign Structural Debt,19743613.000000004
GHA-DEBT-3273,Central Government,SOE Guaranteed Loan,06/01/2021,10,121460000,12.3,06/01/2031,Medium-Term Exposure,14939580.000000002
GHA-DEBT-3274,GRIDCo (Energy),Domestic Treasury Bond,05/08/2021,5,144330000,9.23,05/08/2026,Short-Term Refinancing Risk,13321659.000000002
GHA-DEBT-3275,Central Government,SOE Guaranteed Loan,23/01/2025,10,164510000,8.89,23/01/2035,Medium-Term Exposure,14624939.000000002
GHA-DEBT-3276,GRA (Revenue),SOE Guaranteed Loan,11/11/2021,15,81180000,7.58,11/11/2036,Long-Term Sovereign Structural Debt,6153444.000000001
GHA-DEBT-3277,Central Government,Eurobond,29/12/2022,30,242170000,11.62,29/12/2052,Long-Term Sovereign Structural Debt,28140154
GHA-DEBT-3278,Central Government,Domestic Treasury Bond,20/09/2023,10,139900000,12.92,20/09/2033,Medium-Term Exposure,18075080
GHA-DEBT-3279,Central Government,SOE Guaranteed Loan,14/02/2021,7,179240000,11.31,14/02/2028,Medium-Term Exposure,20272044
GHA-DEBT-3280,VRA (Energy),Bilateral Debt,22/04/2024,3,131330000,10.83,22/04/2027,Short-Term Refinancing Risk,14223039.000000002
GHA-DEBT-3281,Central Government,Domestic Treasury Bond,29/10/2023,15,170820000,6.54,29/10/2038,Long-Term Sovereign Structural Debt,11171628
GHA-DEBT-3282,Central Government,SOE Guaranteed Loan,15/02/2022,10,62670000,10.42,15/02/2032,Medium-Term Exposure,6530214
GHA-DEBT-3283,COCOBOD (Agric),SOE Guaranteed Loan,31/07/2023,10,40220000,13.85,31/07/2033,Medium-Term Exposure,5570469.999999999
GHA-DEBT-3284,Central Government,Domestic Treasury Bond,14/08/2021,5,160890000,9.89,14/08/2026,Short-Term Refinancing Risk,15912021
GHA-DEBT-3285,Central Government,SOE Guaranteed Loan,11/11/2024,3,49680000,9.11,11/11/2027,Short-Term Refinancing Risk,4525848
GHA-DEBT-3286,Central Government,SOE Guaranteed Loan,23/10/2022,10,246930000,12.17,23/10/2032,Medium-Term Exposure,30051381
GHA-DEBT-3287,Central Government,Domestic Treasury Bond,10/02/2021,5,236060000,9.89,10/02/2026,Short-Term Refinancing Risk,23346334
GHA-DEBT-3288,Central Government,Domestic Treasury Bond,30/12/2023,30,159490000,13.81,30/12/2053,Long-Term Sovereign Structural Debt,22025569
GHA-DEBT-3289,VRA (Energy),Bilateral Debt,29/12/2023,3,70970000,7.96,29/12/2026,Short-Term Refinancing Risk,5649212
GHA-DEBT-3290,Central Government,Eurobond,04/09/2025,10,116100000,13.02,04/09/2035,Medium-Term Exposure,15116219.999999998
GHA-DEBT-3291,Central Government,Domestic Treasury Bond,27/08/2023,7,5460000,13.68,27/08/2030,Medium-Term Exposure,746928
GHA-DEBT-3292,VRA (Energy),Bilateral Debt,12/05/2024,5,68410000,9.97,12/05/2029,Short-Term Refinancing Risk,6820477.000000001
GHA-DEBT-3293,Central Government,Domestic Treasury Bond,28/04/2023,30,194060000,14.06,28/04/2053,Long-Term Sovereign Structural Debt,27284836
GHA-DEBT-3294,Central Government,Domestic Treasury Bond,18/06/2020,15,43030000,12.82,18/06/2035,Long-Term Sovereign Structural Debt,5516446
GHA-DEBT-3295,Central Government,SOE Guaranteed Loan,01/05/2021,10,86560000,8.62,01/05/2031,Medium-Term Exposure,7461472
GHA-DEBT-3296,Central Government,Domestic Treasury Bond,15/09/2022,15,162710000,10.78,15/09/2037,Long-Term Sovereign Structural Debt,17540138
GHA-DEBT-3297,Central Government,Eurobond,21/11/2022,10,47110000,13.46,21/11/2032,Medium-Term Exposure,6341006
GHA-DEBT-3298,GRA (Revenue),Bilateral Debt,08/09/2020,7,80700000,7.07,08/09/2027,Medium-Term Exposure,5705490
GHA-DEBT-3299,Central Government,Eurobond,25/04/2023,10,214260000,14.47,25/04/2033,Medium-Term Exposure,31003422
GHA-DEBT-3300,GRIDCo (Energy),SOE Guaranteed Loan,13/06/2025,5,30870000,6.29,13/06/2030,Short-Term Refinancing Risk,1941723
GHA-DEBT-3301,Central Government,SOE Guaranteed Loan,27/07/2025,5,115120000,11.75,27/07/2030,Short-Term Refinancing Risk,13526600
GHA-DEBT-3302,Central Government,SOE Guaranteed Loan,02/11/2024,30,131450000,11.52,02/11/2054,Long-Term Sovereign Structural Debt,15143040
GHA-DEBT-3303,Central Government,SOE Guaranteed Loan,22/09/2024,5,140510000,9.39,22/09/2029,Short-Term Refinancing Risk,13193889.000000002
GHA-DEBT-3304,COCOBOD (Agric),Domestic Treasury Bond,17/08/2020,30,178410000,12.59,17/08/2050,Long-Term Sovereign Structural Debt,22461819.000000004
GHA-DEBT-3305,Central Government,SOE Guaranteed Loan,05/07/2021,15,52740000,10.18,05/07/2036,Long-Term Sovereign Structural Debt,5368932
GHA-DEBT-3306,COCOBOD (Agric),Eurobond,22/05/2024,10,104490000,11.04,22/05/2034,Medium-Term Exposure,11535696
GHA-DEBT-3307,VRA (Energy),Bilateral Debt,01/04/2025,10,82890000,12.5,01/04/2035,Medium-Term Exposure,10361250
GHA-DEBT-3308,GRIDCo (Energy),Bilateral Debt,06/03/2025,15,97990000,8.7,06/03/2040,Long-Term Sovereign Structural Debt,8525130
GHA-DEBT-3309,VRA (Energy),SOE Guaranteed Loan,05/11/2024,10,154570000,7.35,05/11/2034,Medium-Term Exposure,11360895
GHA-DEBT-3310,Unspecified SOE,SOE Guaranteed Loan,09/08/2020,7,77730000,14.41,09/08/2027,Medium-Term Exposure,11200893
GHA-DEBT-3311,Central Government,SOE Guaranteed Loan,19/07/2024,30,65050000,13.95,19/07/2054,Long-Term Sovereign Structural Debt,9074474.999999998
GHA-DEBT-3312,Unspecified SOE,Bilateral Debt,18/11/2021,15,247590000,6.09,18/11/2036,Long-Term Sovereign Structural Debt,15078230.999999998
GHA-DEBT-3313,Central Government,Bilateral Debt,11/12/2022,15,231040000,13.86,11/12/2037,Long-Term Sovereign Structural Debt,32022144
GHA-DEBT-3314,Unspecified SOE,Domestic Treasury Bond,17/09/2024,30,36310000,12.5,17/09/2054,Long-Term Sovereign Structural Debt,4538750
GHA-DEBT-3315,Central Government,SOE Guaranteed Loan,20/04/2024,15,198720000,11.6,20/04/2039,Long-Term Sovereign Structural Debt,23051520
GHA-DEBT-3316,COCOBOD (Agric),SOE Guaranteed Loan,02/05/2021,30,100300000,13.9,02/05/2051,Long-Term Sovereign Structural Debt,13941700.000000002
GHA-DEBT-3317,Central Government,Bilateral Debt,29/03/2025,30,94840000,6.94,29/03/2055,Long-Term Sovereign Structural Debt,6581896
GHA-DEBT-3318,Central Government,Domestic Treasury Bond,21/11/2020,10,246770000,6.69,21/11/2030,Medium-Term Exposure,16508913
GHA-DEBT-3319,VRA (Energy),Domestic Treasury Bond,15/06/2024,7,147700000,6.45,15/06/2031,Medium-Term Exposure,9526650
GHA-DEBT-3320,GRIDCo (Energy),Domestic Treasury Bond,01/10/2023,5,126290000,7.08,01/10/2028,Short-Term Refinancing Risk,8941332
GHA-DEBT-3321,Central Government,Eurobond,22/02/2024,3,34420000,10.51,22/02/2027,Short-Term Refinancing Risk,3617542
GHA-DEBT-3322,Central Government,SOE Guaranteed Loan,03/01/2020,30,140970000,9.8,03/01/2050,Long-Term Sovereign Structural Debt,13815060
GHA-DEBT-3323,GRIDCo (Energy),SOE Guaranteed Loan,31/10/2025,30,75260000,7.78,31/10/2055,Long-Term Sovereign Structural Debt,5855228.000000001
GHA-DEBT-3324,Central Government,Domestic Treasury Bond,24/12/2020,5,49570000,11.52,24/12/2025,Short-Term Refinancing Risk,5710464
GHA-DEBT-3325,Central Government,Eurobond,28/06/2020,5,122620000,5.55,28/06/2025,Short-Term Refinancing Risk,6805410
GHA-DEBT-3326,VRA (Energy),SOE Guaranteed Loan,27/08/2025,5,117870000,8.52,27/08/2030,Short-Term Refinancing Risk,10042524
GHA-DEBT-3327,VRA (Energy),Eurobond,13/10/2022,3,125680000,13.09,13/10/2025,Short-Term Refinancing Risk,16451511.999999998
GHA-DEBT-3328,Central Government,SOE Guaranteed Loan,22/03/2023,15,141100000,9.4,22/03/2038,Long-Term Sovereign Structural Debt,13263400
GHA-DEBT-3329,COCOBOD (Agric),SOE Guaranteed Loan,23/12/2024,15,21850000,11.87,23/12/2039,Long-Term Sovereign Structural Debt,2593594.9999999995
GHA-DEBT-3330,VRA (Energy),Bilateral Debt,13/07/2020,10,179480000,13.4,13/07/2030,Medium-Term Exposure,24050320
GHA-DEBT-3331,Central Government,Eurobond,28/03/2024,15,232890000,7.29,28/03/2039,Long-Term Sovereign Structural Debt,16977681
GHA-DEBT-3332,GRIDCo (Energy),Domestic Treasury Bond,05/12/2020,3,180970000,9.57,05/12/2023,Short-Term Refinancing Risk,17318829
GHA-DEBT-3333,Central Government,Domestic Treasury Bond,27/11/2023,7,93860000,12.78,27/11/2030,Medium-Term Exposure,11995308
GHA-DEBT-3334,GRIDCo (Energy),SOE Guaranteed Loan,28/10/2025,15,23080000,12.46,28/10/2040,Long-Term Sovereign Structural Debt,2875768
GHA-DEBT-3335,GRIDCo (Energy),Bilateral Debt,26/09/2025,5,189420000,5.68,26/09/2030,Short-Term Refinancing Risk,10759056
GHA-DEBT-3336,VRA (Energy),SOE Guaranteed Loan,13/11/2020,5,32970000,13.07,13/11/2025,Short-Term Refinancing Risk,4309179
GHA-DEBT-3337,GRIDCo (Energy),SOE Guaranteed Loan,13/12/2024,10,129350000,9.23,13/12/2034,Medium-Term Exposure,11939005
GHA-DEBT-3338,COCOBOD (Agric),Bilateral Debt,05/10/2023,3,211610000,6.76,05/10/2026,Short-Term Refinancing Risk,14304835.999999998
GHA-DEBT-3339,VRA (Energy),SOE Guaranteed Loan,11/12/2024,15,227790000,6.37,11/12/2039,Long-Term Sovereign Structural Debt,14510223.000000002
GHA-DEBT-3340,VRA (Energy),SOE Guaranteed Loan,25/09/2021,15,182910000,10.78,25/09/2036,Long-Term Sovereign Structural Debt,19717698
GHA-DEBT-3341,Central Government,SOE Guaranteed Loan,04/07/2021,3,169040000,8.72,04/07/2024,Short-Term Refinancing Risk,14740288
GHA-DEBT-3342,GRIDCo (Energy),SOE Guaranteed Loan,18/10/2023,7,138360000,13.53,18/10/2030,Medium-Term Exposure,18720108
GHA-DEBT-3343,Central Government,Domestic Treasury Bond,21/08/2024,3,74960000,6.58,21/08/2027,Short-Term Refinancing Risk,4932368
GHA-DEBT-3344,Central Government,Eurobond,22/06/2020,30,104580000,14.11,22/06/2050,Long-Term Sovereign Structural Debt,14756238
GHA-DEBT-3345,COCOBOD (Agric),SOE Guaranteed Loan,09/10/2021,30,123550000,6.71,09/10/2051,Long-Term Sovereign Structural Debt,8290204.999999999
GHA-DEBT-3346,Central Government,Eurobond,24/06/2023,5,150900000,8.61,24/06/2028,Short-Term Refinancing Risk,12992490
GHA-DEBT-3347,COCOBOD (Agric),SOE Guaranteed Loan,16/03/2024,10,6610000,6.57,16/03/2034,Medium-Term Exposure,434277.00000000006
GHA-DEBT-3348,COCOBOD (Agric),Bilateral Debt,10/05/2023,30,135210000,7.58,10/05/2053,Long-Term Sovereign Structural Debt,10248918
GHA-DEBT-3349,Central Government,Eurobond,17/01/2023,10,139280000,12.11,17/01/2033,Medium-Term Exposure,16866808
GHA-DEBT-3350,Central Government,SOE Guaranteed Loan,11/03/2020,10,43470000,13.97,11/03/2030,Medium-Term Exposure,6072759.000000001
GHA-DEBT-3351,Central Government,Domestic Treasury Bond,15/10/2021,5,85450000,8.01,15/10/2026,Short-Term Refinancing Risk,6844545
GHA-DEBT-3352,Central Government,SOE Guaranteed Loan,23/08/2025,30,185810000,12.8,23/08/2055,Long-Term Sovereign Structural Debt,23783680
GHA-DEBT-3353,Central Government,Domestic Treasury Bond,12/02/2023,30,129270000,10.55,12/02/2053,Long-Term Sovereign Structural Debt,13637985.000000002
GHA-DEBT-3354,COCOBOD (Agric),Bilateral Debt,08/09/2021,7,90980000,12.17,08/09/2028,Medium-Term Exposure,11072266
GHA-DEBT-3355,Central Government,SOE Guaranteed Loan,01/05/2020,7,183340000,12.53,01/05/2027,Medium-Term Exposure,22972502
GHA-DEBT-3356,GRIDCo (Energy),SOE Guaranteed Loan,21/01/2024,15,64930000,11.35,21/01/2039,Long-Term Sovereign Structural Debt,7369554.999999999
GHA-DEBT-3357,Central Government,SOE Guaranteed Loan,09/11/2020,7,15290000,5.8,09/11/2027,Medium-Term Exposure,886819.9999999999
GHA-DEBT-3358,VRA (Energy),SOE Guaranteed Loan,10/05/2020,30,166990000,7.04,10/05/2050,Long-Term Sovereign Structural Debt,11756096
GHA-DEBT-3359,VRA (Energy),SOE Guaranteed Loan,19/09/2022,5,21530000,14.25,19/09/2027,Short-Term Refinancing Risk,3068024.9999999995
GHA-DEBT-3360,GRIDCo (Energy),Bilateral Debt,27/11/2025,7,54320000,9.15,27/11/2032,Medium-Term Exposure,4970280
GHA-DEBT-3361,VRA (Energy),Domestic Treasury Bond,26/01/2021,30,62280000,6.18,26/01/2051,Long-Term Sovereign Structural Debt,3848903.9999999995
GHA-DEBT-3362,COCOBOD (Agric),Domestic Treasury Bond,26/01/2023,5,230870000,7.64,26/01/2028,Short-Term Refinancing Risk,17638468
GHA-DEBT-3363,Central Government,SOE Guaranteed Loan,30/08/2022,5,170370000,9.13,30/08/2027,Short-Term Refinancing Risk,15554781.000000002
GHA-DEBT-3364,COCOBOD (Agric),Domestic Treasury Bond,23/08/2025,15,245270000,5.67,23/08/2040,Long-Term Sovereign Structural Debt,13906809
GHA-DEBT-3365,GRIDCo (Energy),Eurobond,16/02/2023,10,164170000,11.64,16/02/2033,Medium-Term Exposure,19109388
GHA-DEBT-3366,COCOBOD (Agric),Bilateral Debt,21/04/2020,30,14450000,13.8,21/04/2050,Long-Term Sovereign Structural Debt,1994100.0000000002
GHA-DEBT-3367,Unspecified SOE,SOE Guaranteed Loan,20/05/2023,3,88680000,7.39,20/05/2026,Short-Term Refinancing Risk,6553451.999999999
GHA-DEBT-3368,Central Government,Bilateral Debt,12/05/2023,5,234280000,10.14,12/05/2028,Short-Term Refinancing Risk,23755992
GHA-DEBT-3369,VRA (Energy),Eurobond,15/06/2020,3,11230000,7.65,15/06/2023,Short-Term Refinancing Risk,859095
GHA-DEBT-3370,VRA (Energy),Bilateral Debt,07/12/2023,7,38040000,10.38,07/12/2030,Medium-Term Exposure,3948552
GHA-DEBT-3371,Central Government,Eurobond,18/08/2024,7,162170000,14.02,18/08/2031,Medium-Term Exposure,22736234
GHA-DEBT-3372,GRIDCo (Energy),Eurobond,22/01/2021,3,236270000,12.39,22/01/2024,Short-Term Refinancing Risk,29273853.000000004
GHA-DEBT-3373,Central Government,Eurobond,05/09/2020,7,92760000,14.1,05/09/2027,Medium-Term Exposure,13079159.999999998
GHA-DEBT-3374,VRA (Energy),Bilateral Debt,02/06/2022,7,90750000,14.16,02/06/2029,Medium-Term Exposure,12850200
GHA-DEBT-3375,Central Government,Domestic Treasury Bond,11/08/2023,10,112700000,8.31,11/08/2033,Medium-Term Exposure,9365370
GHA-DEBT-3376,Central Government,Bilateral Debt,03/08/2020,7,145510000,12.93,03/08/2027,Medium-Term Exposure,18814443
GHA-DEBT-3377,VRA (Energy),Eurobond,16/05/2020,10,185560000,10.35,16/05/2030,Medium-Term Exposure,19205460
GHA-DEBT-3378,VRA (Energy),Eurobond,14/09/2022,7,198900000,9.8,14/09/2029,Medium-Term Exposure,19492200
GHA-DEBT-3379,GRIDCo (Energy),Bilateral Debt,17/12/2025,30,108210000,7.44,17/12/2055,Long-Term Sovereign Structural Debt,8050824.000000001
GHA-DEBT-3380,Central Government,Domestic Treasury Bond,17/04/2020,10,71880000,5.73,17/04/2030,Medium-Term Exposure,4118724.0000000005
GHA-DEBT-3381,Central Government,SOE Guaranteed Loan,07/01/2021,3,92280000,14.18,07/01/2024,Short-Term Refinancing Risk,13085304
GHA-DEBT-3382,Central Government,Domestic Treasury Bond,24/09/2021,15,45610000,8.36,24/09/2036,Long-Term Sovereign Structural Debt,3812995.9999999995
GHA-DEBT-3383,Central Government,Domestic Treasury Bond,11/09/2025,7,216670000,5.92,11/09/2032,Medium-Term Exposure,12826864
GHA-DEBT-3384,GRA (Revenue),Bilateral Debt,18/04/2022,7,232310000,5.56,18/04/2029,Medium-Term Exposure,12916436
GHA-DEBT-3385,VRA (Energy),Bilateral Debt,17/03/2021,7,227770000,8.9,17/03/2028,Medium-Term Exposure,20271530.000000004
GHA-DEBT-3386,VRA (Energy),Bilateral Debt,06/04/2025,3,44620000,7.5,06/04/2028,Short-Term Refinancing Risk,3346500
GHA-DEBT-3387,Central Government,Eurobond,25/07/2023,5,234760000,10.47,25/07/2028,Short-Term Refinancing Risk,24579372
GHA-DEBT-3388,GRA (Revenue),Domestic Treasury Bond,31/08/2021,15,38340000,10.66,31/08/2036,Long-Term Sovereign Structural Debt,4087044
GHA-DEBT-3389,Central Government,SOE Guaranteed Loan,21/10/2024,15,137010000,9.55,21/10/2039,Long-Term Sovereign Structural Debt,13084455
GHA-DEBT-3390,Central Government,Domestic Treasury Bond,05/12/2024,10,18160000,6.86,05/12/2034,Medium-Term Exposure,1245776.0000000002
GHA-DEBT-3391,Central Government,Eurobond,29/12/2021,10,194350000,7.06,29/12/2031,Medium-Term Exposure,13721110
GHA-DEBT-3392,VRA (Energy),Eurobond,17/06/2021,3,207820000,5.94,17/06/2024,Short-Term Refinancing Risk,12344508
GHA-DEBT-3393,Central Government,Eurobond,03/03/2020,10,55110000,6.52,03/03/2030,Medium-Term Exposure,3593171.9999999995
GHA-DEBT-3394,GRIDCo (Energy),Bilateral Debt,25/09/2024,10,249140000,7.77,25/09/2034,Medium-Term Exposure,19358177.999999996
GHA-DEBT-3395,Central Government,SOE Guaranteed Loan,24/01/2025,7,203690000,8.2,24/01/2032,Medium-Term Exposure,16702579.999999998
GHA-DEBT-3396,GRIDCo (Energy),Domestic Treasury Bond,10/09/2024,30,210380000,8.34,10/09/2054,Long-Term Sovereign Structural Debt,17545692
GHA-DEBT-3397,Central Government,Bilateral Debt,09/12/2020,10,1930000,8.62,09/12/2030,Medium-Term Exposure,166366
GHA-DEBT-3398,Central Government,Eurobond,25/09/2020,3,169720000,10.94,25/09/2023,Short-Term Refinancing Risk,18567368
GHA-DEBT-3399,GRIDCo (Energy),Bilateral Debt,10/10/2021,10,178020000,10.14,10/10/2031,Medium-Term Exposure,18051228
GHA-DEBT-3400,GRIDCo (Energy),Domestic Treasury Bond,07/05/2022,7,121840000,9.96,07/05/2029,Medium-Term Exposure,12135264.000000002
GHA-DEBT-3401,Central Government,Domestic Treasury Bond,22/06/2021,15,174960000,10.36,22/06/2036,Long-Term Sovereign Structural Debt,18125856
GHA-DEBT-3402,Central Government,SOE Guaranteed Loan,25/05/2024,5,114920000,10.55,25/05/2029,Short-Term Refinancing Risk,12124060.000000002
GHA-DEBT-3403,Central Government,Domestic Treasury Bond,10/03/2023,15,209700000,14.46,10/03/2038,Long-Term Sovereign Structural Debt,30322620
GHA-DEBT-3404,Central Government,Domestic Treasury Bond,12/07/2020,10,112910000,6.61,12/07/2030,Medium-Term Exposure,7463351.000000001
GHA-DEBT-3405,Central Government,Domestic Treasury Bond,19/09/2025,5,85420000,11.08,19/09/2030,Short-Term Refinancing Risk,9464536
GHA-DEBT-3406,Central Government,Bilateral Debt,28/06/2024,3,241460000,12.35,28/06/2027,Short-Term Refinancing Risk,29820310
GHA-DEBT-3407,Central Government,Eurobond,27/06/2023,3,12340000,12.77,27/06/2026,Short-Term Refinancing Risk,1575818
GHA-DEBT-3408,Central Government,Bilateral Debt,27/10/2020,30,153530000,13.5,27/10/2050,Long-Term Sovereign Structural Debt,20726550
GHA-DEBT-3409,VRA (Energy),Domestic Treasury Bond,25/11/2020,7,208450000,12.14,25/11/2027,Medium-Term Exposure,25305830
GHA-DEBT-3410,Central Government,SOE Guaranteed Loan,09/09/2020,5,24780000,14.39,09/09/2025,Short-Term Refinancing Risk,3565842
GHA-DEBT-3411,VRA (Energy),Eurobond,17/12/2024,5,13160000,5.56,17/12/2029,Short-Term Refinancing Risk,731696
GHA-DEBT-3412,Central Government,Bilateral Debt,18/07/2025,5,138700000,11.89,18/07/2030,Short-Term Refinancing Risk,16491430
GHA-DEBT-3413,COCOBOD (Agric),Domestic Treasury Bond,01/09/2020,5,242960000,12.06,01/09/2025,Short-Term Refinancing Risk,29300976
GHA-DEBT-3414,VRA (Energy),Eurobond,09/10/2023,5,30050000,12.15,09/10/2028,Short-Term Refinancing Risk,3651075
GHA-DEBT-3415,COCOBOD (Agric),Domestic Treasury Bond,26/06/2024,7,211230000,7.37,26/06/2031,Medium-Term Exposure,15567651
GHA-DEBT-3416,Central Government,SOE Guaranteed Loan,12/12/2022,15,171210000,10,12/12/2037,Long-Term Sovereign Structural Debt,17121000
GHA-DEBT-3417,Central Government,Eurobond,20/07/2022,3,213380000,13.02,20/07/2025,Short-Term Refinancing Risk,27782075.999999996
GHA-DEBT-3418,Central Government,SOE Guaranteed Loan,03/04/2020,7,55280000,8.93,03/04/2027,Medium-Term Exposure,4936503.999999999
GHA-DEBT-3419,VRA (Energy),Eurobond,13/11/2021,30,182000000,7.5,13/11/2051,Long-Term Sovereign Structural Debt,13650000
GHA-DEBT-3420,VRA (Energy),SOE Guaranteed Loan,18/10/2020,7,212020000,11.94,18/10/2027,Medium-Term Exposure,25315188
GHA-DEBT-3421,Central Government,SOE Guaranteed Loan,14/01/2021,10,5200000,10.14,14/01/2031,Medium-Term Exposure,527280
GHA-DEBT-3422,Central Government,Eurobond,07/01/2022,15,56380000,7.1,07/01/2037,Long-Term Sovereign Structural Debt,4002979.9999999995
GHA-DEBT-3423,COCOBOD (Agric),Eurobond,17/06/2021,30,33930000,10.23,17/06/2051,Long-Term Sovereign Structural Debt,3471039
GHA-DEBT-3424,Central Government,Domestic Treasury Bond,23/08/2023,10,140930000,9.46,23/08/2033,Medium-Term Exposure,13331978
GHA-DEBT-3425,VRA (Energy),Eurobond,02/06/2021,3,223020000,10.83,02/06/2024,Short-Term Refinancing Risk,24153066
GHA-DEBT-3426,Central Government,SOE Guaranteed Loan,08/01/2022,15,95200000,10.18,08/01/2037,Long-Term Sovereign Structural Debt,9691360
GHA-DEBT-3427,VRA (Energy),Eurobond,27/01/2020,3,143130000,8.37,27/01/2023,Short-Term Refinancing Risk,11979981
GHA-DEBT-3428,Central Government,Domestic Treasury Bond,21/08/2020,30,52320000,13.15,21/08/2050,Long-Term Sovereign Structural Debt,6880080
GHA-DEBT-3429,Central Government,Domestic Treasury Bond,08/01/2025,3,195010000,13.28,08/01/2028,Short-Term Refinancing Risk,25897328
GHA-DEBT-3430,VRA (Energy),Bilateral Debt,15/05/2022,7,98180000,6.58,15/05/2029,Medium-Term Exposure,6460244
GHA-DEBT-3431,Central Government,Domestic Treasury Bond,28/11/2024,5,213130000,8.62,28/11/2029,Short-Term Refinancing Risk,18371806
GHA-DEBT-3432,Central Government,Eurobond,29/04/2021,3,53850000,9.55,29/04/2024,Short-Term Refinancing Risk,5142675
GHA-DEBT-3433,Central Government,SOE Guaranteed Loan,10/11/2023,30,140360000,11.91,10/11/2053,Long-Term Sovereign Structural Debt,16716876
GHA-DEBT-3434,VRA (Energy),Domestic Treasury Bond,10/08/2020,3,50800000,13.91,10/08/2023,Short-Term Refinancing Risk,7066280
GHA-DEBT-3435,GRIDCo (Energy),Eurobond,17/09/2021,7,237520000,6.82,17/09/2028,Medium-Term Exposure,16198864
GHA-DEBT-3436,VRA (Energy),Bilateral Debt,09/08/2025,15,115140000,5.77,09/08/2040,Long-Term Sovereign Structural Debt,6643577.999999999
GHA-DEBT-3437,Central Government,SOE Guaranteed Loan,08/02/2023,30,205480000,13.19,08/02/2053,Long-Term Sovereign Structural Debt,27102811.999999996
GHA-DEBT-3438,GRA (Revenue),SOE Guaranteed Loan,17/10/2020,30,39690000,14.47,17/10/2050,Long-Term Sovereign Structural Debt,5743143
GHA-DEBT-3439,VRA (Energy),Eurobond,21/05/2023,30,37540000,12.58,21/05/2053,Long-Term Sovereign Structural Debt,4722532
GHA-DEBT-3440,Central Government,SOE Guaranteed Loan,03/07/2022,5,80880000,6.93,03/07/2027,Short-Term Refinancing Risk,5604984
GHA-DEBT-3441,Central Government,Bilateral Debt,03/01/2020,10,208920000,6.61,03/01/2030,Medium-Term Exposure,13809612.000000002
GHA-DEBT-3442,Central Government,Domestic Treasury Bond,17/05/2024,7,185210000,10.73,17/05/2031,Medium-Term Exposure,19873033
GHA-DEBT-3443,Central Government,SOE Guaranteed Loan,02/06/2022,7,166030000,8.09,02/06/2029,Medium-Term Exposure,13431827
GHA-DEBT-3444,GRIDCo (Energy),SOE Guaranteed Loan,05/04/2024,3,26200000,13.79,05/04/2027,Short-Term Refinancing Risk,3612980
GHA-DEBT-3445,Central Government,Eurobond,27/03/2021,5,139760000,10.15,27/03/2026,Short-Term Refinancing Risk,14185640.000000002
GHA-DEBT-3446,GRIDCo (Energy),Eurobond,06/01/2021,10,37210000,8.47,06/01/2031,Medium-Term Exposure,3151687.0000000005
GHA-DEBT-3447,Central Government,SOE Guaranteed Loan,05/07/2024,7,87120000,13.54,05/07/2031,Medium-Term Exposure,11796048
GHA-DEBT-3448,Central Government,Bilateral Debt,18/06/2020,3,84510000,14.47,18/06/2023,Short-Term Refinancing Risk,12228597
GHA-DEBT-3449,GRIDCo (Energy),SOE Guaranteed Loan,30/10/2024,3,104920000,10.74,30/10/2027,Short-Term Refinancing Risk,11268408
GHA-DEBT-3450,Central Government,Bilateral Debt,27/11/2024,30,72150000,14.25,27/11/2054,Long-Term Sovereign Structural Debt,10281375
GHA-DEBT-3451,Central Government,Bilateral Debt,04/12/2020,3,13670000,14.18,04/12/2023,Short-Term Refinancing Risk,1938406.0000000002
GHA-DEBT-3452,Central Government,SOE Guaranteed Loan,31/12/2020,30,95690000,8.6,31/12/2050,Long-Term Sovereign Structural Debt,8229339.999999999
GHA-DEBT-3453,Central Government,Eurobond,06/09/2025,7,136070000,6.95,06/09/2032,Medium-Term Exposure,9456865
GHA-DEBT-3454,Central Government,Domestic Treasury Bond,06/01/2025,3,245540000,7.6,06/01/2028,Short-Term Refinancing Risk,18661040
GHA-DEBT-3455,Central Government,Domestic Treasury Bond,13/03/2020,5,152820000,9.2,13/03/2025,Short-Term Refinancing Risk,14059440
GHA-DEBT-3456,Central Government,Bilateral Debt,14/06/2023,3,220950000,8.93,14/06/2026,Short-Term Refinancing Risk,19730834.999999996
GHA-DEBT-3457,Central Government,Eurobond,29/04/2022,3,117820000,9.22,29/04/2025,Short-Term Refinancing Risk,10863004
GHA-DEBT-3458,Central Government,Domestic Treasury Bond,19/10/2020,30,219730000,6.83,19/10/2050,Long-Term Sovereign Structural Debt,15007559
GHA-DEBT-3459,Central Government,SOE Guaranteed Loan,20/08/2022,5,61000000,14.18,20/08/2027,Short-Term Refinancing Risk,8649800
GHA-DEBT-3460,GRA (Revenue),SOE Guaranteed Loan,30/03/2025,15,200690000,10.26,30/03/2040,Long-Term Sovereign Structural Debt,20590794
GHA-DEBT-3461,GRA (Revenue),Bilateral Debt,10/04/2025,7,93620000,13.56,10/04/2032,Medium-Term Exposure,12694872
GHA-DEBT-3462,Central Government,Eurobond,31/12/2020,5,199610000,8.26,31/12/2025,Short-Term Refinancing Risk,16487785.999999998
GHA-DEBT-3463,Central Government,Bilateral Debt,27/12/2020,5,22920000,7.55,27/12/2025,Short-Term Refinancing Risk,1730460
GHA-DEBT-3464,VRA (Energy),Eurobond,05/11/2021,5,175850000,14.26,05/11/2026,Short-Term Refinancing Risk,25076210
GHA-DEBT-3465,Central Government,Domestic Treasury Bond,29/07/2022,7,75860000,9.05,29/07/2029,Medium-Term Exposure,6865330.000000001
GHA-DEBT-3466,Central Government,Domestic Treasury Bond,21/01/2023,30,184800000,12.89,21/01/2053,Long-Term Sovereign Structural Debt,23820720.000000004
GHA-DEBT-3467,VRA (Energy),Eurobond,13/06/2020,5,206200000,7.46,13/06/2025,Short-Term Refinancing Risk,15382520
GHA-DEBT-3468,Central Government,Eurobond,25/06/2021,15,244850000,11.88,25/06/2036,Long-Term Sovereign Structural Debt,29088180
GHA-DEBT-3469,GRA (Revenue),Eurobond,23/01/2023,15,94420000,13.98,23/01/2038,Long-Term Sovereign Structural Debt,13199916
GHA-DEBT-3470,COCOBOD (Agric),Domestic Treasury Bond,03/09/2021,5,5660000,12.83,03/09/2026,Short-Term Refinancing Risk,726178
GHA-DEBT-3471,Central Government,Domestic Treasury Bond,05/10/2022,15,214280000,13.16,05/10/2037,Long-Term Sovereign Structural Debt,28199248
GHA-DEBT-3472,GRA (Revenue),Bilateral Debt,12/02/2024,5,172360000,6.62,12/02/2029,Short-Term Refinancing Risk,11410232
GHA-DEBT-3473,GRA (Revenue),Bilateral Debt,18/01/2021,30,123420000,6.81,18/01/2051,Long-Term Sovereign Structural Debt,8404902
GHA-DEBT-3474,VRA (Energy),SOE Guaranteed Loan,13/09/2021,5,54340000,9.65,13/09/2026,Short-Term Refinancing Risk,5243810
GHA-DEBT-3475,Central Government,Domestic Treasury Bond,18/05/2020,15,177000000,13.76,18/05/2035,Long-Term Sovereign Structural Debt,24355200
GHA-DEBT-3476,Central Government,SOE Guaranteed Loan,16/07/2023,15,72010000,8.82,16/07/2038,Long-Term Sovereign Structural Debt,6351282
GHA-DEBT-3477,Central Government,Eurobond,06/04/2025,10,112030000,6.14,06/04/2035,Medium-Term Exposure,6878642
GHA-DEBT-3478,Central Government,Bilateral Debt,29/11/2024,3,41320000,12.22,29/11/2027,Short-Term Refinancing Risk,5049304
GHA-DEBT-3479,Central Government,Bilateral Debt,26/10/2023,3,89220000,8.28,26/10/2026,Short-Term Refinancing Risk,7387416
GHA-DEBT-3480,COCOBOD (Agric),Domestic Treasury Bond,29/08/2023,7,29910000,7.02,29/08/2030,Medium-Term Exposure,2099682
GHA-DEBT-3481,GRIDCo (Energy),Domestic Treasury Bond,10/07/2025,15,69250000,13.68,10/07/2040,Long-Term Sovereign Structural Debt,9473400
GHA-DEBT-3482,GRIDCo (Energy),SOE Guaranteed Loan,22/04/2022,10,158940000,8.57,22/04/2032,Medium-Term Exposure,13621158
GHA-DEBT-3483,Central Government,Domestic Treasury Bond,03/01/2021,15,163310000,8.89,03/01/2036,Long-Term Sovereign Structural Debt,14518259.000000002
GHA-DEBT-3484,Unspecified SOE,Domestic Treasury Bond,18/12/2020,15,26890000,8.42,18/12/2035,Long-Term Sovereign Structural Debt,2264138
GHA-DEBT-3485,Central Government,Eurobond,15/04/2021,5,204160000,5.57,15/04/2026,Short-Term Refinancing Risk,11371712
GHA-DEBT-3486,Central Government,Eurobond,07/11/2024,3,120230000,5.58,07/11/2027,Short-Term Refinancing Risk,6708834
GHA-DEBT-3487,Central Government,Eurobond,16/02/2023,3,168850000,9.43,16/02/2026,Short-Term Refinancing Risk,15922555
GHA-DEBT-3488,GRIDCo (Energy),Bilateral Debt,10/12/2023,5,157120000,5.94,10/12/2028,Short-Term Refinancing Risk,9332928
GHA-DEBT-3489,Central Government,Domestic Treasury Bond,15/04/2023,30,189970000,13.78,15/04/2053,Long-Term Sovereign Structural Debt,26177866
GHA-DEBT-3490,Central Government,Domestic Treasury Bond,28/01/2023,3,65890000,8.8,28/01/2026,Short-Term Refinancing Risk,5798320.000000001
GHA-DEBT-3491,VRA (Energy),Domestic Treasury Bond,21/05/2025,3,143730000,13.89,21/05/2028,Short-Term Refinancing Risk,19964097
GHA-DEBT-3492,Central Government,Domestic Treasury Bond,02/11/2022,10,14150000,11.82,02/11/2032,Medium-Term Exposure,1672530
GHA-DEBT-3493,Central Government,Domestic Treasury Bond,03/06/2024,7,206340000,7.27,03/06/2031,Medium-Term Exposure,15000918
GHA-DEBT-3494,Central Government,Bilateral Debt,16/05/2023,3,60920000,8.08,16/05/2026,Short-Term Refinancing Risk,4922336
GHA-DEBT-3495,Central Government,SOE Guaranteed Loan,16/06/2024,3,14420000,8.69,16/06/2027,Short-Term Refinancing Risk,1253097.9999999998
GHA-DEBT-3496,Central Government,Eurobond,20/10/2023,30,12930000,10.44,20/10/2053,Long-Term Sovereign Structural Debt,1349892
GHA-DEBT-3497,Central Government,SOE Guaranteed Loan,06/03/2021,10,155110000,13.99,06/03/2031,Medium-Term Exposure,21699889
GHA-DEBT-3498,Central Government,SOE Guaranteed Loan,24/08/2021,15,104490000,5.83,24/08/2036,Long-Term Sovereign Structural Debt,6091767
GHA-DEBT-3499,Central Government,Domestic Treasury Bond,23/06/2023,7,249450000,12.07,23/06/2030,Medium-Term Exposure,30108615
GHA-DEBT-3500,VRA (Energy),Domestic Treasury Bond,24/05/2024,10,231160000,12.63,24/05/2034,Medium-Term Exposure,29195508
GHA-DEBT-3501,Central Government,Bilateral Debt,14/11/2025,7,210260000,13.68,14/11/2032,Medium-Term Exposure,28763568
GHA-DEBT-3502,GRA (Revenue),Domestic Treasury Bond,05/02/2023,3,34970000,9.86,05/02/2026,Short-Term Refinancing Risk,3448041.9999999995
GHA-DEBT-3503,Central Government,Eurobond,27/06/2025,15,24110000,6.35,27/06/2040,Long-Term Sovereign Structural Debt,1530985
GHA-DEBT-3504,Central Government,Domestic Treasury Bond,03/02/2025,7,69050000,11.3,03/02/2032,Medium-Term Exposure,7802650
GHA-DEBT-3505,COCOBOD (Agric),Bilateral Debt,11/03/2020,10,132060000,13.23,11/03/2030,Medium-Term Exposure,17471538
GHA-DEBT-3506,Central Government,SOE Guaranteed Loan,28/11/2025,5,97540000,14.3,28/11/2030,Short-Term Refinancing Risk,13948220.000000002
GHA-DEBT-3507,Central Government,Bilateral Debt,24/01/2024,3,186090000,11.93,24/01/2027,Short-Term Refinancing Risk,22200537
GHA-DEBT-3508,Central Government,Bilateral Debt,17/02/2025,30,180800000,12.73,17/02/2055,Long-Term Sovereign Structural Debt,23015840
GHA-DEBT-3509,Central Government,Eurobond,18/09/2020,15,166640000,11.32,18/09/2035,Long-Term Sovereign Structural Debt,18863648
GHA-DEBT-3510,VRA (Energy),Bilateral Debt,13/08/2020,3,109080000,10.98,13/08/2023,Short-Term Refinancing Risk,11976984.000000002
GHA-DEBT-3511,Central Government,SOE Guaranteed Loan,23/04/2020,30,190500000,11.14,23/04/2050,Long-Term Sovereign Structural Debt,21221700
GHA-DEBT-3512,Central Government,Domestic Treasury Bond,24/02/2024,3,24450000,13.36,24/02/2027,Short-Term Refinancing Risk,3266520
GHA-DEBT-3513,COCOBOD (Agric),Domestic Treasury Bond,22/11/2023,7,168170000,8.27,22/11/2030,Medium-Term Exposure,13907659
GHA-DEBT-3514,COCOBOD (Agric),Bilateral Debt,28/06/2021,15,73950000,6.84,28/06/2036,Long-Term Sovereign Structural Debt,5058180
GHA-DEBT-3515,Central Government,Domestic Treasury Bond,19/07/2025,10,202060000,11.54,19/07/2035,Medium-Term Exposure,23317723.999999996
GHA-DEBT-3516,GRA (Revenue),SOE Guaranteed Loan,02/05/2025,10,246010000,12.26,02/05/2035,Medium-Term Exposure,30160826
GHA-DEBT-3517,Central Government,SOE Guaranteed Loan,15/02/2025,7,199470000,10.18,15/02/2032,Medium-Term Exposure,20306046
GHA-DEBT-3518,COCOBOD (Agric),Bilateral Debt,15/10/2020,7,209760000,14.33,15/10/2027,Medium-Term Exposure,30058608.000000004
GHA-DEBT-3519,Central Government,Bilateral Debt,01/04/2023,15,135430000,6.45,01/04/2038,Long-Term Sovereign Structural Debt,8735235
GHA-DEBT-3520,Central Government,Eurobond,17/11/2024,3,85460000,8.08,17/11/2027,Short-Term Refinancing Risk,6905168
GHA-DEBT-3521,Central Government,Bilateral Debt,15/09/2021,30,229640000,11.04,15/09/2051,Long-Term Sovereign Structural Debt,25352256
GHA-DEBT-3522,Central Government,Domestic Treasury Bond,14/05/2022,30,210030000,9.26,14/05/2052,Long-Term Sovereign Structural Debt,19448778
GHA-DEBT-3523,COCOBOD (Agric),Bilateral Debt,14/06/2024,5,222120000,10.4,14/06/2029,Short-Term Refinancing Risk,23100480.000000004
GHA-DEBT-3524,Central Government,Bilateral Debt,23/01/2022,30,48760000,5.76,23/01/2052,Long-Term Sovereign Structural Debt,2808576
GHA-DEBT-3525,Central Government,Domestic Treasury Bond,16/11/2020,7,90670000,14.18,16/11/2027,Medium-Term Exposure,12857006
GHA-DEBT-3526,Central Government,Eurobond,22/04/2024,5,22860000,9.19,22/04/2029,Short-Term Refinancing Risk,2100834
GHA-DEBT-3527,GRIDCo (Energy),Bilateral Debt,27/07/2025,7,107540000,5.57,27/07/2032,Medium-Term Exposure,5989978
GHA-DEBT-3528,Central Government,Bilateral Debt,13/01/2021,30,15220000,7.76,13/01/2051,Long-Term Sovereign Structural Debt,1181072
GHA-DEBT-3529,GRIDCo (Energy),Bilateral Debt,04/11/2025,30,147030000,6.71,04/11/2055,Long-Term Sovereign Structural Debt,9865712.999999998
GHA-DEBT-3530,COCOBOD (Agric),Domestic Treasury Bond,19/04/2023,3,160040000,9.67,19/04/2026,Short-Term Refinancing Risk,15475868
GHA-DEBT-3531,VRA (Energy),SOE Guaranteed Loan,23/02/2020,15,165320000,13.91,23/02/2035,Long-Term Sovereign Structural Debt,22996012
GHA-DEBT-3532,Central Government,Bilateral Debt,31/08/2021,5,165460000,12.92,31/08/2026,Short-Term Refinancing Risk,21377432
GHA-DEBT-3533,Central Government,Bilateral Debt,25/07/2020,10,12380000,12.46,25/07/2030,Medium-Term Exposure,1542548
GHA-DEBT-3534,Central Government,Bilateral Debt,18/01/2022,10,27210000,11.13,18/01/2032,Medium-Term Exposure,3028473.0000000005
GHA-DEBT-3535,GRIDCo (Energy),SOE Guaranteed Loan,30/11/2021,5,121890000,9.83,30/11/2026,Short-Term Refinancing Risk,11981787
GHA-DEBT-3536,Central Government,Domestic Treasury Bond,02/12/2025,7,228770000,11.6,02/12/2032,Medium-Term Exposure,26537320
GHA-DEBT-3537,Unspecified SOE,Bilateral Debt,11/01/2021,7,148110000,10.93,11/01/2028,Medium-Term Exposure,16188423
GHA-DEBT-3538,GRA (Revenue),Domestic Treasury Bond,03/12/2024,15,82480000,13.18,03/12/2039,Long-Term Sovereign Structural Debt,10870864
GHA-DEBT-3539,Central Government,Eurobond,26/07/2022,15,13610000,10.3,26/07/2037,Long-Term Sovereign Structural Debt,1401830
GHA-DEBT-3540,Central Government,Eurobond,13/06/2022,10,78520000,12.78,13/06/2032,Medium-Term Exposure,10034856
GHA-DEBT-3541,VRA (Energy),Bilateral Debt,12/07/2021,10,204330000,6.6,12/07/2031,Medium-Term Exposure,13485780
GHA-DEBT-3542,COCOBOD (Agric),SOE Guaranteed Loan,14/06/2025,5,70300000,11.35,14/06/2030,Short-Term Refinancing Risk,7979049.999999999
GHA-DEBT-3543,VRA (Energy),SOE Guaranteed Loan,03/01/2024,5,191890000,6.49,03/01/2029,Short-Term Refinancing Risk,12453661
GHA-DEBT-3544,Central Government,Bilateral Debt,26/11/2023,30,2900000,8.02,26/11/2053,Long-Term Sovereign Structural Debt,232579.99999999997
GHA-DEBT-3545,Central Government,SOE Guaranteed Loan,13/07/2024,7,43570000,5.56,13/07/2031,Medium-Term Exposure,2422492
GHA-DEBT-3546,VRA (Energy),Eurobond,02/11/2022,7,5220000,14.23,02/11/2029,Medium-Term Exposure,742806
GHA-DEBT-3547,Central Government,Domestic Treasury Bond,24/02/2020,3,90090000,10.17,24/02/2023,Short-Term Refinancing Risk,9162153
GHA-DEBT-3548,VRA (Energy),Bilateral Debt,04/06/2024,10,12140000,11.91,04/06/2034,Medium-Term Exposure,1445874
GHA-DEBT-3549,Central Government,Bilateral Debt,14/09/2024,15,31830000,10.28,14/09/2039,Long-Term Sovereign Structural Debt,3272123.9999999995
GHA-DEBT-3550,Central Government,Bilateral Debt,25/06/2025,15,188730000,13.23,25/06/2040,Long-Term Sovereign Structural Debt,24968979
GHA-DEBT-3551,Central Government,Eurobond,05/07/2023,5,25630000,6.5,05/07/2028,Short-Term Refinancing Risk,1665950
GHA-DEBT-3552,GRA (Revenue),Bilateral Debt,15/11/2023,10,49460000,5.84,15/11/2033,Medium-Term Exposure,2888464
GHA-DEBT-3553,COCOBOD (Agric),Bilateral Debt,26/02/2022,30,144210000,10.54,26/02/2052,Long-Term Sovereign Structural Debt,15199734
GHA-DEBT-3554,Central Government,SOE Guaranteed Loan,03/09/2021,5,241360000,9.97,03/09/2026,Short-Term Refinancing Risk,24063592.000000004
GHA-DEBT-3555,COCOBOD (Agric),Domestic Treasury Bond,12/06/2025,7,2360000,13.15,12/06/2032,Medium-Term Exposure,310340
GHA-DEBT-3556,COCOBOD (Agric),SOE Guaranteed Loan,22/04/2021,30,40470000,10.04,22/04/2051,Long-Term Sovereign Structural Debt,4063187.9999999995
GHA-DEBT-3557,Central Government,SOE Guaranteed Loan,26/10/2020,5,37730000,8.23,26/10/2025,Short-Term Refinancing Risk,3105179
GHA-DEBT-3558,Central Government,Eurobond,04/03/2023,7,143620000,12.35,04/03/2030,Medium-Term Exposure,17737070
GHA-DEBT-3559,Central Government,Bilateral Debt,29/10/2023,30,12620000,9.42,29/10/2053,Long-Term Sovereign Structural Debt,1188804
GHA-DEBT-3560,Central Government,Bilateral Debt,22/06/2023,15,122630000,13.08,22/06/2038,Long-Term Sovereign Structural Debt,16040004
GHA-DEBT-3561,VRA (Energy),Eurobond,28/07/2020,15,22370000,14.42,28/07/2035,Long-Term Sovereign Structural Debt,3225754
GHA-DEBT-3562,Central Government,Bilateral Debt,05/02/2024,5,199120000,7.44,05/02/2029,Short-Term Refinancing Risk,14814528.000000002
GHA-DEBT-3563,Central Government,Domestic Treasury Bond,04/07/2022,5,132070000,7.41,04/07/2027,Short-Term Refinancing Risk,9786387
GHA-DEBT-3564,VRA (Energy),Bilateral Debt,24/02/2024,15,144870000,12.89,24/02/2039,Long-Term Sovereign Structural Debt,18673743.000000004
GHA-DEBT-3565,Central Government,SOE Guaranteed Loan,08/04/2023,5,120790000,12.52,08/04/2028,Short-Term Refinancing Risk,15122908
GHA-DEBT-3566,VRA (Energy),Domestic Treasury Bond,30/05/2025,3,49450000,12.3,30/05/2028,Short-Term Refinancing Risk,6082350.000000001
GHA-DEBT-3567,Central Government,Eurobond,17/03/2020,30,79130000,7.36,17/03/2050,Long-Term Sovereign Structural Debt,5823968
GHA-DEBT-3568,GRA (Revenue),Bilateral Debt,19/03/2020,3,106890000,10.36,19/03/2023,Short-Term Refinancing Risk,11073804
GHA-DEBT-3569,GRA (Revenue),Domestic Treasury Bond,28/05/2022,7,10550000,7.35,28/05/2029,Medium-Term Exposure,775425
GHA-DEBT-3570,VRA (Energy),SOE Guaranteed Loan,21/12/2022,3,204150000,6.64,21/12/2025,Short-Term Refinancing Risk,13555560
GHA-DEBT-3571,Central Government,SOE Guaranteed Loan,15/11/2025,30,249120000,11.45,15/11/2055,Long-Term Sovereign Structural Debt,28524239.999999996
GHA-DEBT-3572,Central Government,Eurobond,15/03/2024,10,198260000,13.81,15/03/2034,Medium-Term Exposure,27379706
GHA-DEBT-3573,VRA (Energy),Bilateral Debt,30/12/2025,10,72550000,6.9,30/12/2035,Medium-Term Exposure,5005950
GHA-DEBT-3574,Central Government,SOE Guaranteed Loan,23/10/2023,15,120800000,14.29,23/10/2038,Long-Term Sovereign Structural Debt,17262320
GHA-DEBT-3575,Central Government,Eurobond,01/11/2024,10,67210000,11.18,01/11/2034,Medium-Term Exposure,7514078
GHA-DEBT-3576,Central Government,SOE Guaranteed Loan,24/04/2024,30,98620000,7.39,24/04/2054,Long-Term Sovereign Structural Debt,7288017.999999999
GHA-DEBT-3577,Central Government,Domestic Treasury Bond,10/12/2024,3,67940000,11.47,10/12/2027,Short-Term Refinancing Risk,7792718.000000001
GHA-DEBT-3578,Central Government,Eurobond,13/06/2025,30,18190000,9.85,13/06/2055,Long-Term Sovereign Structural Debt,1791714.9999999998
GHA-DEBT-3579,Central Government,Domestic Treasury Bond,04/07/2021,10,74280000,12.76,04/07/2031,Medium-Term Exposure,9478128
GHA-DEBT-3580,Unspecified SOE,Bilateral Debt,09/12/2024,3,84880000,10.18,09/12/2027,Short-Term Refinancing Risk,8640784
GHA-DEBT-3581,Central Government,Domestic Treasury Bond,18/11/2020,15,142890000,5.97,18/11/2035,Long-Term Sovereign Structural Debt,8530533
GHA-DEBT-3582,VRA (Energy),Domestic Treasury Bond,28/02/2025,7,165630000,10.04,28/02/2032,Medium-Term Exposure,16629251.999999998
GHA-DEBT-3583,Central Government,SOE Guaranteed Loan,16/12/2021,30,9410000,7.66,16/12/2051,Long-Term Sovereign Structural Debt,720806
GHA-DEBT-3584,VRA (Energy),Domestic Treasury Bond,13/07/2022,15,73970000,13,13/07/2037,Long-Term Sovereign Structural Debt,9616100
GHA-DEBT-3585,Central Government,SOE Guaranteed Loan,16/11/2022,5,52030000,7.27,16/11/2027,Short-Term Refinancing Risk,3782581
GHA-DEBT-3586,GRIDCo (Energy),Bilateral Debt,01/07/2024,15,101990000,8.22,01/07/2039,Long-Term Sovereign Structural Debt,8383578.000000001
GHA-DEBT-3587,Central Government,Bilateral Debt,04/10/2024,5,31960000,12.57,04/10/2029,Short-Term Refinancing Risk,4017372
GHA-DEBT-3588,Central Government,Eurobond,02/11/2020,5,193740000,9.82,02/11/2025,Short-Term Refinancing Risk,19025268
GHA-DEBT-3589,Central Government,Domestic Treasury Bond,05/04/2022,3,202090000,13.94,05/04/2025,Short-Term Refinancing Risk,28171346
GHA-DEBT-3590,GRIDCo (Energy),Eurobond,04/08/2020,7,81580000,12.78,04/08/2027,Medium-Term Exposure,10425924
GHA-DEBT-3591,Central Government,SOE Guaranteed Loan,03/04/2022,10,181570000,12.19,03/04/2032,Medium-Term Exposure,22133383
GHA-DEBT-3592,GRIDCo (Energy),Bilateral Debt,25/02/2023,5,81800000,11.87,25/02/2028,Short-Term Refinancing Risk,9709659.999999998
GHA-DEBT-3593,Central Government,Bilateral Debt,17/06/2025,3,27910000,6.51,17/06/2028,Short-Term Refinancing Risk,1816940.9999999998
GHA-DEBT-3594,GRIDCo (Energy),Domestic Treasury Bond,25/09/2025,7,223830000,11.54,25/09/2032,Medium-Term Exposure,25829981.999999996
GHA-DEBT-3595,Central Government,Bilateral Debt,31/07/2024,7,145470000,11.34,31/07/2031,Medium-Term Exposure,16496298
GHA-DEBT-3596,Central Government,Bilateral Debt,13/11/2020,7,86050000,6.52,13/11/2027,Medium-Term Exposure,5610459.999999999
GHA-DEBT-3597,VRA (Energy),Eurobond,11/08/2022,15,154490000,13.36,11/08/2037,Long-Term Sovereign Structural Debt,20639864
GHA-DEBT-3598,GRIDCo (Energy),SOE Guaranteed Loan,26/12/2022,15,196760000,14.44,26/12/2037,Long-Term Sovereign Structural Debt,28412144
GHA-DEBT-3599,VRA (Energy),SOE Guaranteed Loan,03/02/2025,5,146930000,12.45,03/02/2030,Short-Term Refinancing Risk,18292785
GHA-DEBT-3600,GRA (Revenue),SOE Guaranteed Loan,08/09/2022,5,233120000,6.5,08/09/2027,Short-Term Refinancing Risk,15152800
GHA-DEBT-3601,Central Government,Domestic Treasury Bond,13/10/2020,15,222120000,11.24,13/10/2035,Long-Term Sovereign Structural Debt,24966288
GHA-DEBT-3602,GRIDCo (Energy),Eurobond,23/04/2022,3,12620000,7.94,23/04/2025,Short-Term Refinancing Risk,1002028
GHA-DEBT-3603,VRA (Energy),Eurobond,12/02/2025,15,177620000,12.41,12/02/2040,Long-Term Sovereign Structural Debt,22042642
GHA-DEBT-3604,Central Government,Domestic Treasury Bond,22/11/2024,3,177790000,7,22/11/2027,Short-Term Refinancing Risk,12445300.000000002
GHA-DEBT-3605,VRA (Energy),Domestic Treasury Bond,13/02/2020,5,122080000,11.85,13/02/2025,Short-Term Refinancing Risk,14466480
GHA-DEBT-3606,Central Government,Domestic Treasury Bond,19/02/2023,15,207880000,9.73,19/02/2038,Long-Term Sovereign Structural Debt,20226724
GHA-DEBT-3607,VRA (Energy),Domestic Treasury Bond,22/01/2021,7,193180000,10.15,22/01/2028,Medium-Term Exposure,19607770
GHA-DEBT-3608,VRA (Energy),SOE Guaranteed Loan,10/08/2022,10,97550000,11.66,10/08/2032,Medium-Term Exposure,11374330
GHA-DEBT-3609,Central Government,Bilateral Debt,06/05/2024,3,202320000,10.42,06/05/2027,Short-Term Refinancing Risk,21081744
GHA-DEBT-3610,Central Government,Domestic Treasury Bond,29/05/2022,10,235180000,5.84,29/05/2032,Medium-Term Exposure,13734512
GHA-DEBT-3611,GRIDCo (Energy),Eurobond,22/03/2021,10,58090000,12.09,22/03/2031,Medium-Term Exposure,7023081
GHA-DEBT-3612,VRA (Energy),SOE Guaranteed Loan,06/05/2022,7,3560000,7.71,06/05/2029,Medium-Term Exposure,274476
GHA-DEBT-3613,GRIDCo (Energy),Bilateral Debt,06/02/2025,7,95060000,12.03,06/02/2032,Medium-Term Exposure,11435718
GHA-DEBT-3614,GRA (Revenue),SOE Guaranteed Loan,31/03/2025,30,125450000,14.48,31/03/2055,Long-Term Sovereign Structural Debt,18165160
GHA-DEBT-3615,Central Government,Eurobond,16/05/2020,30,223900000,6.39,16/05/2050,Long-Term Sovereign Structural Debt,14307210
GHA-DEBT-3616,COCOBOD (Agric),Bilateral Debt,11/11/2024,7,195860000,13.91,11/11/2031,Medium-Term Exposure,27244126
GHA-DEBT-3617,Unspecified SOE,Eurobond,03/01/2025,5,192270000,8.1,03/01/2030,Short-Term Refinancing Risk,15573870
GHA-DEBT-3618,COCOBOD (Agric),Bilateral Debt,19/08/2023,30,238690000,8.53,19/08/2053,Long-Term Sovereign Structural Debt,20360256.999999996
GHA-DEBT-3619,GRIDCo (Energy),SOE Guaranteed Loan,26/01/2022,30,134960000,9.27,26/01/2052,Long-Term Sovereign Structural Debt,12510791.999999998
GHA-DEBT-3620,Central Government,Eurobond,22/10/2021,5,28140000,8.73,22/10/2026,Short-Term Refinancing Risk,2456622
GHA-DEBT-3621,Central Government,Bilateral Debt,13/05/2025,30,109520000,6.67,13/05/2055,Long-Term Sovereign Structural Debt,7304983.999999999
GHA-DEBT-3622,Central Government,Eurobond,29/05/2024,3,111000000,14.15,29/05/2027,Short-Term Refinancing Risk,15706500.000000002
GHA-DEBT-3623,Central Government,Bilateral Debt,19/10/2020,5,220210000,12.42,19/10/2025,Short-Term Refinancing Risk,27350082
GHA-DEBT-3624,Central Government,SOE Guaranteed Loan,16/07/2025,10,72850000,5.93,16/07/2035,Medium-Term Exposure,4320005
GHA-DEBT-3625,COCOBOD (Agric),Domestic Treasury Bond,13/11/2024,15,49510000,6.16,13/11/2039,Long-Term Sovereign Structural Debt,3049816
GHA-DEBT-3626,VRA (Energy),Domestic Treasury Bond,24/09/2023,30,1860000,14.3,24/09/2053,Long-Term Sovereign Structural Debt,265980.00000000006
GHA-DEBT-3627,Central Government,SOE Guaranteed Loan,21/02/2024,30,87290000,9.14,21/02/2054,Long-Term Sovereign Structural Debt,7978306.000000001
GHA-DEBT-3628,Central Government,Domestic Treasury Bond,19/11/2020,3,47110000,6.52,19/11/2023,Short-Term Refinancing Risk,3071571.9999999995
GHA-DEBT-3629,Central Government,SOE Guaranteed Loan,04/05/2020,7,86170000,6.52,04/05/2027,Medium-Term Exposure,5618283.999999999
GHA-DEBT-3630,Central Government,Bilateral Debt,28/04/2024,5,164820000,13.83,28/04/2029,Short-Term Refinancing Risk,22794606
GHA-DEBT-3631,Central Government,Domestic Treasury Bond,07/02/2022,15,195120000,7.63,07/02/2037,Long-Term Sovereign Structural Debt,14887655.999999998
GHA-DEBT-3632,Central Government,SOE Guaranteed Loan,31/05/2020,5,86820000,7.77,31/05/2025,Short-Term Refinancing Risk,6745913.999999999
GHA-DEBT-3633,Central Government,SOE Guaranteed Loan,12/07/2025,10,197870000,13.9,12/07/2035,Medium-Term Exposure,27503930.000000004
GHA-DEBT-3634,VRA (Energy),SOE Guaranteed Loan,07/04/2020,7,225450000,12.93,07/04/2027,Medium-Term Exposure,29150685
GHA-DEBT-3635,COCOBOD (Agric),Eurobond,15/03/2025,30,194110000,10.16,15/03/2055,Long-Term Sovereign Structural Debt,19721576
GHA-DEBT-3636,Central Government,Eurobond,13/07/2022,5,74930000,7.66,13/07/2027,Short-Term Refinancing Risk,5739638
GHA-DEBT-3637,VRA (Energy),Eurobond,29/03/2023,7,55720000,13.94,29/03/2030,Medium-Term Exposure,7767368
GHA-DEBT-3638,VRA (Energy),SOE Guaranteed Loan,23/03/2024,15,83690000,11.32,23/03/2039,Long-Term Sovereign Structural Debt,9473708
GHA-DEBT-3639,Central Government,Eurobond,18/09/2022,5,223130000,8.42,18/09/2027,Short-Term Refinancing Risk,18787546
GHA-DEBT-3640,Central Government,SOE Guaranteed Loan,08/10/2024,3,6300000,9.38,08/10/2027,Short-Term Refinancing Risk,590940
GHA-DEBT-3641,GRIDCo (Energy),SOE Guaranteed Loan,04/02/2022,3,181330000,12.8,04/02/2025,Short-Term Refinancing Risk,23210240
GHA-DEBT-3642,Central Government,SOE Guaranteed Loan,11/10/2023,7,187690000,10.95,11/10/2030,Medium-Term Exposure,20552054.999999996
GHA-DEBT-3643,VRA (Energy),Bilateral Debt,25/09/2023,15,180570000,6.2,25/09/2038,Long-Term Sovereign Structural Debt,11195340
GHA-DEBT-3644,Central Government,Bilateral Debt,18/06/2020,15,40850000,8.9,18/06/2035,Long-Term Sovereign Structural Debt,3635650.0000000005
GHA-DEBT-3645,VRA (Energy),Bilateral Debt,07/10/2025,5,154470000,10.67,07/10/2030,Short-Term Refinancing Risk,16481949
GHA-DEBT-3646,Central Government,Domestic Treasury Bond,03/02/2024,10,62110000,14.21,03/02/2034,Medium-Term Exposure,8825831
GHA-DEBT-3647,Central Government,SOE Guaranteed Loan,20/11/2025,5,167580000,9.85,20/11/2030,Short-Term Refinancing Risk,16506629.999999998
GHA-DEBT-3648,VRA (Energy),SOE Guaranteed Loan,03/02/2024,10,227250000,13.1,03/02/2034,Medium-Term Exposure,29769750
GHA-DEBT-3649,Central Government,Domestic Treasury Bond,06/08/2021,5,134770000,7.74,06/08/2026,Short-Term Refinancing Risk,10431198
GHA-DEBT-3650,Central Government,Domestic Treasury Bond,05/07/2024,10,243770000,5.92,05/07/2034,Medium-Term Exposure,14431184
GHA-DEBT-3651,VRA (Energy),SOE Guaranteed Loan,31/12/2025,10,237880000,5.62,31/12/2035,Medium-Term Exposure,13368856
GHA-DEBT-3652,Central Government,SOE Guaranteed Loan,17/07/2023,10,144080000,6.96,17/07/2033,Medium-Term Exposure,10027968
GHA-DEBT-3653,Central Government,Bilateral Debt,24/06/2020,5,40430000,14.43,24/06/2025,Short-Term Refinancing Risk,5834048.999999999
GHA-DEBT-3654,Central Government,Eurobond,29/06/2022,5,178080000,13.19,29/06/2027,Short-Term Refinancing Risk,23488751.999999996
GHA-DEBT-3655,VRA (Energy),Eurobond,24/01/2022,15,174610000,11.92,24/01/2037,Long-Term Sovereign Structural Debt,20813512
GHA-DEBT-3656,Central Government,Domestic Treasury Bond,09/01/2020,7,3990000,11.37,09/01/2027,Medium-Term Exposure,453663
GHA-DEBT-3657,Central Government,SOE Guaranteed Loan,26/06/2023,30,100510000,9.46,26/06/2053,Long-Term Sovereign Structural Debt,9508246
GHA-DEBT-3658,Central Government,Bilateral Debt,10/06/2021,30,193510000,9.8,10/06/2051,Long-Term Sovereign Structural Debt,18963980
GHA-DEBT-3659,VRA (Energy),SOE Guaranteed Loan,11/08/2020,15,232460000,5.6,11/08/2035,Long-Term Sovereign Structural Debt,13017759.999999998
GHA-DEBT-3660,Central Government,Eurobond,03/07/2025,15,175890000,14.39,03/07/2040,Long-Term Sovereign Structural Debt,25310571
GHA-DEBT-3661,GRIDCo (Energy),SOE Guaranteed Loan,14/01/2021,10,36110000,13.99,14/01/2031,Medium-Term Exposure,5051789
GHA-DEBT-3662,VRA (Energy),SOE Guaranteed Loan,06/03/2021,10,231410000,12.94,06/03/2031,Medium-Term Exposure,29944453.999999996
GHA-DEBT-3663,Central Government,SOE Guaranteed Loan,04/05/2024,15,56410000,11.43,04/05/2039,Long-Term Sovereign Structural Debt,6447663
GHA-DEBT-3664,GRA (Revenue),Bilateral Debt,15/03/2021,3,40950000,10.79,15/03/2024,Short-Term Refinancing Risk,4418505
GHA-DEBT-3665,Central Government,SOE Guaranteed Loan,14/01/2021,10,88630000,11.85,14/01/2031,Medium-Term Exposure,10502655
GHA-DEBT-3666,VRA (Energy),Bilateral Debt,03/04/2020,15,219090000,6.45,03/04/2035,Long-Term Sovereign Structural Debt,14131305
GHA-DEBT-3667,GRIDCo (Energy),Eurobond,07/08/2020,10,122370000,6.82,07/08/2030,Medium-Term Exposure,8345634
GHA-DEBT-3668,Central Government,Bilateral Debt,18/08/2025,7,83650000,11.98,18/08/2032,Medium-Term Exposure,10021270
GHA-DEBT-3669,Central Government,SOE Guaranteed Loan,23/02/2022,7,236260000,9.76,23/02/2029,Medium-Term Exposure,23058976
GHA-DEBT-3670,Central Government,Domestic Treasury Bond,24/06/2022,7,214960000,6.25,24/06/2029,Medium-Term Exposure,13435000
GHA-DEBT-3671,Central Government,Domestic Treasury Bond,11/03/2021,30,75700000,7.73,11/03/2051,Long-Term Sovereign Structural Debt,5851610.000000001
GHA-DEBT-3672,GRIDCo (Energy),Domestic Treasury Bond,01/11/2020,5,208080000,12.39,01/11/2025,Short-Term Refinancing Risk,25781112.000000004
GHA-DEBT-3673,Central Government,SOE Guaranteed Loan,10/06/2024,3,25660000,9.38,10/06/2027,Short-Term Refinancing Risk,2406908
GHA-DEBT-3674,Central Government,Eurobond,12/02/2025,15,207890000,9.78,12/02/2040,Long-Term Sovereign Structural Debt,20331642
GHA-DEBT-3675,GRA (Revenue),Domestic Treasury Bond,21/10/2023,7,80800000,11.55,21/10/2030,Medium-Term Exposure,9332400
GHA-DEBT-3676,Central Government,SOE Guaranteed Loan,25/03/2020,3,227200000,12.41,25/03/2023,Short-Term Refinancing Risk,28195520
GHA-DEBT-3677,Central Government,SOE Guaranteed Loan,16/09/2023,30,6370000,8.12,16/09/2053,Long-Term Sovereign Structural Debt,517243.99999999994
GHA-DEBT-3678,Central Government,Domestic Treasury Bond,30/08/2022,30,167040000,11.73,30/08/2052,Long-Term Sovereign Structural Debt,19593792
GHA-DEBT-3679,VRA (Energy),SOE Guaranteed Loan,19/04/2022,3,36120000,5.74,19/04/2025,Short-Term Refinancing Risk,2073288
GHA-DEBT-3680,Central Government,Bilateral Debt,23/02/2023,3,226730000,12.01,23/02/2026,Short-Term Refinancing Risk,27230273
GHA-DEBT-3681,VRA (Energy),Domestic Treasury Bond,25/12/2024,10,75350000,9.29,25/12/2034,Medium-Term Exposure,7000015
GHA-DEBT-3682,COCOBOD (Agric),Eurobond,31/01/2020,30,164980000,10.23,31/01/2050,Long-Term Sovereign Structural Debt,16877454
GHA-DEBT-3683,Central Government,Domestic Treasury Bond,20/02/2022,30,146410000,12.74,20/02/2052,Long-Term Sovereign Structural Debt,18652634.000000004
GHA-DEBT-3684,VRA (Energy),Bilateral Debt,03/08/2025,10,221680000,7.59,03/08/2035,Medium-Term Exposure,16825512
GHA-DEBT-3685,Central Government,Eurobond,04/11/2020,3,196280000,7.69,04/11/2023,Short-Term Refinancing Risk,15093932.000000002
GHA-DEBT-3686,Central Government,Domestic Treasury Bond,16/05/2023,10,63280000,7.77,16/05/2033,Medium-Term Exposure,4916855.999999999
GHA-DEBT-3687,Central Government,Bilateral Debt,13/05/2025,5,122770000,7.13,13/05/2030,Short-Term Refinancing Risk,8753501
GHA-DEBT-3688,VRA (Energy),Bilateral Debt,15/09/2023,15,220800000,11.65,15/09/2038,Long-Term Sovereign Structural Debt,25723200
GHA-DEBT-3689,Central Government,SOE Guaranteed Loan,16/11/2020,15,82810000,6.53,16/11/2035,Long-Term Sovereign Structural Debt,5407493
GHA-DEBT-3690,Central Government,Bilateral Debt,11/11/2024,5,176700000,12.83,11/11/2029,Short-Term Refinancing Risk,22670610
GHA-DEBT-3691,Central Government,Bilateral Debt,24/02/2022,10,150490000,9.4,24/02/2032,Medium-Term Exposure,14146060
GHA-DEBT-3692,Central Government,Bilateral Debt,28/01/2022,30,57970000,11.82,28/01/2052,Long-Term Sovereign Structural Debt,6852054
GHA-DEBT-3693,VRA (Energy),Domestic Treasury Bond,06/03/2025,15,57330000,7.03,06/03/2040,Long-Term Sovereign Structural Debt,4030299
GHA-DEBT-3694,Central Government,Eurobond,08/05/2022,30,18990000,10.17,08/05/2052,Long-Term Sovereign Structural Debt,1931283
GHA-DEBT-3695,Central Government,Bilateral Debt,17/03/2020,7,169440000,6.61,17/03/2027,Medium-Term Exposure,11199984.000000002
GHA-DEBT-3696,GRIDCo (Energy),Bilateral Debt,19/08/2025,3,26540000,10.14,19/08/2028,Short-Term Refinancing Risk,2691156
GHA-DEBT-3697,VRA (Energy),Eurobond,31/05/2020,10,241150000,14.08,31/05/2030,Medium-Term Exposure,33953920
GHA-DEBT-3698,Central Government,Bilateral Debt,18/03/2022,30,129230000,7.42,18/03/2052,Long-Term Sovereign Structural Debt,9588866
GHA-DEBT-3699,Central Government,Domestic Treasury Bond,12/04/2024,30,163700000,11.62,12/04/2054,Long-Term Sovereign Structural Debt,19021940
GHA-DEBT-3700,COCOBOD (Agric),Bilateral Debt,16/02/2020,3,130000000,11.66,16/02/2023,Short-Term Refinancing Risk,15158000
GHA-DEBT-3701,Central Government,Domestic Treasury Bond,23/05/2025,30,96160000,11.91,23/05/2055,Long-Term Sovereign Structural Debt,11452656
GHA-DEBT-3702,VRA (Energy),SOE Guaranteed Loan,29/08/2020,30,201220000,12.41,29/08/2050,Long-Term Sovereign Structural Debt,24971402
GHA-DEBT-3703,VRA (Energy),Bilateral Debt,29/12/2025,15,229300000,7.98,29/12/2040,Long-Term Sovereign Structural Debt,18298140.000000004
GHA-DEBT-3704,VRA (Energy),SOE Guaranteed Loan,07/02/2020,3,23550000,10.25,07/02/2023,Short-Term Refinancing Risk,2413875
GHA-DEBT-3705,Central Government,Eurobond,27/05/2021,15,166100000,12.93,27/05/2036,Long-Term Sovereign Structural Debt,21476730
GHA-DEBT-3706,GRIDCo (Energy),SOE Guaranteed Loan,03/07/2020,7,110480000,8.07,03/07/2027,Medium-Term Exposure,8915736
GHA-DEBT-3707,Central Government,Eurobond,09/04/2020,5,32460000,8.48,09/04/2025,Short-Term Refinancing Risk,2752608
GHA-DEBT-3708,GRIDCo (Energy),Bilateral Debt,26/04/2022,5,84870000,14.08,26/04/2027,Short-Term Refinancing Risk,11949696
GHA-DEBT-3709,VRA (Energy),Bilateral Debt,29/04/2023,7,25030000,9.09,29/04/2030,Medium-Term Exposure,2275227
GHA-DEBT-3710,Central Government,Domestic Treasury Bond,25/11/2020,3,140510000,6.8,25/11/2023,Short-Term Refinancing Risk,9554680
GHA-DEBT-3711,Central Government,Eurobond,31/03/2020,15,95420000,6.68,31/03/2035,Long-Term Sovereign Structural Debt,6374056
GHA-DEBT-3712,Central Government,SOE Guaranteed Loan,24/03/2025,3,69650000,13.22,24/03/2028,Short-Term Refinancing Risk,9207730
GHA-DEBT-3713,Central Government,Eurobond,30/01/2025,7,243730000,12.55,30/01/2032,Medium-Term Exposure,30588115
GHA-DEBT-3714,GRIDCo (Energy),Domestic Treasury Bond,02/10/2024,30,142440000,8.86,02/10/2054,Long-Term Sovereign Structural Debt,12620184
GHA-DEBT-3715,GRIDCo (Energy),Bilateral Debt,06/11/2024,7,98520000,10.57,06/11/2031,Medium-Term Exposure,10413564
GHA-DEBT-3716,Central Government,Eurobond,28/03/2022,30,31800000,10.6,28/03/2052,Long-Term Sovereign Structural Debt,3370800
GHA-DEBT-3717,Central Government,Eurobond,12/03/2023,15,36030000,13.51,12/03/2038,Long-Term Sovereign Structural Debt,4867653
GHA-DEBT-3718,COCOBOD (Agric),Bilateral Debt,02/07/2023,7,44800000,9.42,02/07/2030,Medium-Term Exposure,4220160
GHA-DEBT-3719,VRA (Energy),Domestic Treasury Bond,18/09/2020,5,157850000,13.89,18/09/2025,Short-Term Refinancing Risk,21925365
GHA-DEBT-3720,Central Government,SOE Guaranteed Loan,17/02/2021,10,199760000,8.25,17/02/2031,Medium-Term Exposure,16480200
GHA-DEBT-3721,Central Government,Eurobond,02/07/2022,15,243500000,10.04,02/07/2037,Long-Term Sovereign Structural Debt,24447399.999999996
GHA-DEBT-3722,Unspecified SOE,Eurobond,26/11/2025,30,143950000,5.79,26/11/2055,Long-Term Sovereign Structural Debt,8334705
GHA-DEBT-3723,GRIDCo (Energy),Domestic Treasury Bond,14/02/2022,7,108150000,12.48,14/02/2029,Medium-Term Exposure,13497120
GHA-DEBT-3724,COCOBOD (Agric),Eurobond,17/08/2020,10,192400000,12.72,17/08/2030,Medium-Term Exposure,24473280
GHA-DEBT-3725,Central Government,SOE Guaranteed Loan,10/06/2025,10,215560000,13.56,10/06/2035,Medium-Term Exposure,29229936
GHA-DEBT-3726,GRIDCo (Energy),Eurobond,01/09/2023,15,81720000,13.21,01/09/2038,Long-Term Sovereign Structural Debt,10795212
GHA-DEBT-3727,VRA (Energy),Domestic Treasury Bond,30/05/2025,5,34020000,12.67,30/05/2030,Short-Term Refinancing Risk,4310334
GHA-DEBT-3728,Central Government,Domestic Treasury Bond,02/12/2023,30,77970000,12.54,02/12/2053,Long-Term Sovereign Structural Debt,9777437.999999998
GHA-DEBT-3729,COCOBOD (Agric),Bilateral Debt,27/03/2023,7,124750000,8.41,27/03/2030,Medium-Term Exposure,10491475.000000002
GHA-DEBT-3730,Central Government,Bilateral Debt,20/01/2022,10,104660000,8.12,20/01/2032,Medium-Term Exposure,8498392
GHA-DEBT-3731,VRA (Energy),Bilateral Debt,29/03/2020,15,176410000,12.8,29/03/2035,Long-Term Sovereign Structural Debt,22580480
GHA-DEBT-3732,VRA (Energy),SOE Guaranteed Loan,20/07/2024,7,40610000,9.66,20/07/2031,Medium-Term Exposure,3922926
GHA-DEBT-3733,Central Government,Bilateral Debt,20/08/2025,7,221360000,9.5,20/08/2032,Medium-Term Exposure,21029200
GHA-DEBT-3734,COCOBOD (Agric),Bilateral Debt,24/05/2021,15,90080000,9.74,24/05/2036,Long-Term Sovereign Structural Debt,8773792
GHA-DEBT-3735,Central Government,Domestic Treasury Bond,28/07/2024,15,64230000,5.64,28/07/2039,Long-Term Sovereign Structural Debt,3622572
GHA-DEBT-3736,Central Government,SOE Guaranteed Loan,29/07/2022,3,36030000,9.47,29/07/2025,Short-Term Refinancing Risk,3412041
GHA-DEBT-3737,GRIDCo (Energy),Domestic Treasury Bond,21/09/2024,5,87670000,8.41,21/09/2029,Short-Term Refinancing Risk,7373047.000000001
GHA-DEBT-3738,VRA (Energy),SOE Guaranteed Loan,13/07/2025,7,35700000,6.63,13/07/2032,Medium-Term Exposure,2366910
GHA-DEBT-3739,GRA (Revenue),Bilateral Debt,19/07/2024,3,11330000,11.23,19/07/2027,Short-Term Refinancing Risk,1272359.0000000002
GHA-DEBT-3740,VRA (Energy),Domestic Treasury Bond,30/12/2023,15,201050000,9.86,30/12/2038,Long-Term Sovereign Structural Debt,19823530
GHA-DEBT-3741,VRA (Energy),SOE Guaranteed Loan,12/09/2020,30,11320000,6.27,12/09/2050,Long-Term Sovereign Structural Debt,709763.9999999999
GHA-DEBT-3742,Central Government,Eurobond,23/06/2022,10,99420000,12.91,23/06/2032,Medium-Term Exposure,12835122
GHA-DEBT-3743,VRA (Energy),Eurobond,11/11/2021,10,188050000,7.92,11/11/2031,Medium-Term Exposure,14893559.999999998
GHA-DEBT-3744,Central Government,Domestic Treasury Bond,12/09/2021,7,176490000,9.36,12/09/2028,Medium-Term Exposure,16519463.999999998
GHA-DEBT-3745,COCOBOD (Agric),SOE Guaranteed Loan,27/05/2025,5,247110000,7.47,27/05/2030,Short-Term Refinancing Risk,18459117
GHA-DEBT-3746,Central Government,Eurobond,24/10/2025,10,233070000,12.23,24/10/2035,Medium-Term Exposure,28504461
GHA-DEBT-3747,Central Government,Eurobond,01/11/2021,15,84300000,9.32,01/11/2036,Long-Term Sovereign Structural Debt,7856760
GHA-DEBT-3748,GRA (Revenue),Domestic Treasury Bond,22/09/2024,5,46570000,7.74,22/09/2029,Short-Term Refinancing Risk,3604518
GHA-DEBT-3749,Central Government,Eurobond,12/03/2022,7,217820000,7.62,12/03/2029,Medium-Term Exposure,16597884
GHA-DEBT-3750,Central Government,Domestic Treasury Bond,18/03/2022,30,79300000,7.28,18/03/2052,Long-Term Sovereign Structural Debt,5773040
GHA-DEBT-3751,Central Government,Eurobond,23/08/2021,10,15240000,10.8,23/08/2031,Medium-Term Exposure,1645920.0000000002
GHA-DEBT-3752,Central Government,Domestic Treasury Bond,28/07/2023,30,111610000,11.25,28/07/2053,Long-Term Sovereign Structural Debt,12556125
GHA-DEBT-3753,Central Government,Eurobond,25/05/2021,30,34720000,9.72,25/05/2051,Long-Term Sovereign Structural Debt,3374784.0000000005
GHA-DEBT-3754,Central Government,Bilateral Debt,31/08/2020,15,31800000,11.3,31/08/2035,Long-Term Sovereign Structural Debt,3593400
GHA-DEBT-3755,Central Government,Bilateral Debt,03/08/2022,15,36960000,10.83,03/08/2037,Long-Term Sovereign Structural Debt,4002768.0000000005
GHA-DEBT-3756,GRA (Revenue),Bilateral Debt,27/03/2020,10,20100000,12.62,27/03/2030,Medium-Term Exposure,2536619.9999999995
GHA-DEBT-3757,Central Government,Eurobond,19/11/2022,3,211490000,7.11,19/11/2025,Short-Term Refinancing Risk,15036939
GHA-DEBT-3758,Central Government,Eurobond,16/06/2021,30,27480000,11.43,16/06/2051,Long-Term Sovereign Structural Debt,3140964
GHA-DEBT-3759,Central Government,Bilateral Debt,22/12/2020,7,176190000,7.34,22/12/2027,Medium-Term Exposure,12932345.999999998
GHA-DEBT-3760,GRA (Revenue),SOE Guaranteed Loan,01/03/2021,30,34930000,9.67,01/03/2051,Long-Term Sovereign Structural Debt,3377731
GHA-DEBT-3761,GRA (Revenue),Bilateral Debt,23/06/2023,30,165440000,12.66,23/06/2053,Long-Term Sovereign Structural Debt,20944704
GHA-DEBT-3762,COCOBOD (Agric),SOE Guaranteed Loan,09/03/2021,30,139440000,8.33,09/03/2051,Long-Term Sovereign Structural Debt,11615352
GHA-DEBT-3763,Central Government,SOE Guaranteed Loan,22/11/2023,30,94260000,14.29,22/11/2053,Long-Term Sovereign Structural Debt,13469754
GHA-DEBT-3764,GRIDCo (Energy),Domestic Treasury Bond,02/10/2020,15,73230000,6.93,02/10/2035,Long-Term Sovereign Structural Debt,5074839
GHA-DEBT-3765,Central Government,Eurobond,19/06/2024,10,239560000,9.24,19/06/2034,Medium-Term Exposure,22135344
GHA-DEBT-3766,Central Government,Bilateral Debt,04/08/2021,15,39100000,12.74,04/08/2036,Long-Term Sovereign Structural Debt,4981340.000000001
GHA-DEBT-3767,COCOBOD (Agric),SOE Guaranteed Loan,25/04/2024,5,150940000,9.63,25/04/2029,Short-Term Refinancing Risk,14535522.000000002
GHA-DEBT-3768,GRA (Revenue),Bilateral Debt,21/01/2023,30,184170000,8.94,21/01/2053,Long-Term Sovereign Structural Debt,16464797.999999998
GHA-DEBT-3769,COCOBOD (Agric),Bilateral Debt,07/05/2021,10,16430000,8.31,07/05/2031,Medium-Term Exposure,1365333.0000000002
GHA-DEBT-3770,Central Government,Domestic Treasury Bond,29/04/2020,10,241380000,5.7,29/04/2030,Medium-Term Exposure,13758660
GHA-DEBT-3771,VRA (Energy),Eurobond,10/07/2021,15,122650000,8.81,10/07/2036,Long-Term Sovereign Structural Debt,10805465.000000002
GHA-DEBT-3772,Central Government,Eurobond,27/04/2020,7,92060000,8.01,27/04/2027,Medium-Term Exposure,7374006
GHA-DEBT-3773,VRA (Energy),Bilateral Debt,01/08/2022,3,64570000,9.87,01/08/2025,Short-Term Refinancing Risk,6373059
GHA-DEBT-3774,VRA (Energy),Eurobond,30/08/2025,7,230180000,7.61,30/08/2032,Medium-Term Exposure,17516698
GHA-DEBT-3775,Central Government,Eurobond,30/05/2024,30,111760000,11.46,30/05/2054,Long-Term Sovereign Structural Debt,12807696
GHA-DEBT-3776,Central Government,Eurobond,29/09/2021,5,72670000,12.94,29/09/2026,Short-Term Refinancing Risk,9403498
GHA-DEBT-3777,VRA (Energy),Eurobond,29/11/2020,15,18280000,8.62,29/11/2035,Long-Term Sovereign Structural Debt,1575736
GHA-DEBT-3778,VRA (Energy),Eurobond,09/09/2023,7,244140000,10.77,09/09/2030,Medium-Term Exposure,26293877.999999996
GHA-DEBT-3779,Central Government,Eurobond,11/07/2021,5,81030000,12.9,11/07/2026,Short-Term Refinancing Risk,10452870
GHA-DEBT-3780,Central Government,SOE Guaranteed Loan,29/03/2021,15,198710000,6.03,29/03/2036,Long-Term Sovereign Structural Debt,11982213
GHA-DEBT-3781,GRIDCo (Energy),SOE Guaranteed Loan,14/02/2021,30,246340000,9.58,14/02/2051,Long-Term Sovereign Structural Debt,23599372
GHA-DEBT-3782,Central Government,Bilateral Debt,16/08/2021,30,38780000,14.29,16/08/2051,Long-Term Sovereign Structural Debt,5541662
GHA-DEBT-3783,Central Government,Eurobond,02/04/2024,10,21610000,7.61,02/04/2034,Medium-Term Exposure,1644521
GHA-DEBT-3784,Central Government,Bilateral Debt,15/01/2024,10,228340000,12.14,15/01/2034,Medium-Term Exposure,27720476
GHA-DEBT-3785,COCOBOD (Agric),SOE Guaranteed Loan,26/11/2022,30,245870000,8.78,26/11/2052,Long-Term Sovereign Structural Debt,21587385.999999996
GHA-DEBT-3786,VRA (Energy),Domestic Treasury Bond,02/01/2025,15,190230000,7.68,02/01/2040,Long-Term Sovereign Structural Debt,14609663.999999998
GHA-DEBT-3787,VRA (Energy),Eurobond,12/11/2025,10,225410000,7.96,12/11/2035,Medium-Term Exposure,17942636
GHA-DEBT-3788,Central Government,Eurobond,06/07/2023,7,179380000,8.91,06/07/2030,Medium-Term Exposure,15982758
GHA-DEBT-3789,GRIDCo (Energy),SOE Guaranteed Loan,23/03/2021,7,155880000,14.12,23/03/2028,Medium-Term Exposure,22010256
GHA-DEBT-3790,VRA (Energy),Bilateral Debt,10/12/2025,15,117830000,9.88,10/12/2040,Long-Term Sovereign Structural Debt,11641604.000000002
GHA-DEBT-3791,VRA (Energy),Bilateral Debt,24/07/2025,7,121140000,14.42,24/07/2032,Medium-Term Exposure,17468388
GHA-DEBT-3792,VRA (Energy),Domestic Treasury Bond,14/07/2023,30,219900000,8.66,14/07/2053,Long-Term Sovereign Structural Debt,19043340
GHA-DEBT-3793,COCOBOD (Agric),Eurobond,25/09/2020,15,249610000,11.46,25/09/2035,Long-Term Sovereign Structural Debt,28605306
GHA-DEBT-3794,VRA (Energy),Eurobond,09/04/2024,5,233940000,6.88,09/04/2029,Short-Term Refinancing Risk,16095072
GHA-DEBT-3795,Central Government,Domestic Treasury Bond,20/11/2025,3,31850000,8.53,20/11/2028,Short-Term Refinancing Risk,2716804.9999999995
GHA-DEBT-3796,GRA (Revenue),Bilateral Debt,15/01/2023,5,224740000,11.66,15/01/2028,Short-Term Refinancing Risk,26204684
GHA-DEBT-3797,VRA (Energy),SOE Guaranteed Loan,08/08/2022,3,234340000,7.39,08/08/2025,Short-Term Refinancing Risk,17317726
GHA-DEBT-3798,Central Government,SOE Guaranteed Loan,05/01/2020,10,5900000,14.32,05/01/2030,Medium-Term Exposure,844880
GHA-DEBT-3799,Central Government,SOE Guaranteed Loan,01/07/2024,5,228940000,5.88,01/07/2029,Short-Term Refinancing Risk,13461672
GHA-DEBT-3800,Central Government,SOE Guaranteed Loan,21/03/2025,5,191200000,8.63,21/03/2030,Short-Term Refinancing Risk,16500560
GHA-DEBT-3801,Central Government,Eurobond,17/11/2022,10,40620000,10.72,17/11/2032,Medium-Term Exposure,4354464
GHA-DEBT-3802,COCOBOD (Agric),Bilateral Debt,08/02/2020,10,213600000,8.6,08/02/2030,Medium-Term Exposure,18369600
GHA-DEBT-3803,Central Government,SOE Guaranteed Loan,02/10/2025,10,49630000,11.16,02/10/2035,Medium-Term Exposure,5538708
GHA-DEBT-3804,Central Government,Eurobond,10/04/2025,7,68170000,13.43,10/04/2032,Medium-Term Exposure,9155231
GHA-DEBT-3805,Central Government,SOE Guaranteed Loan,01/10/2020,15,41210000,14.08,01/10/2035,Long-Term Sovereign Structural Debt,5802368
GHA-DEBT-3806,GRA (Revenue),SOE Guaranteed Loan,04/08/2023,3,121230000,9.98,04/08/2026,Short-Term Refinancing Risk,12098754
GHA-DEBT-3807,COCOBOD (Agric),Bilateral Debt,03/04/2022,30,201030000,14.38,03/04/2052,Long-Term Sovereign Structural Debt,28908114.000000004
GHA-DEBT-3808,Central Government,Domestic Treasury Bond,29/06/2022,10,145030000,5.71,29/06/2032,Medium-Term Exposure,8281213
GHA-DEBT-3809,COCOBOD (Agric),Bilateral Debt,17/03/2024,5,116870000,14.18,17/03/2029,Short-Term Refinancing Risk,16572166.000000002
GHA-DEBT-3810,Central Government,Domestic Treasury Bond,05/03/2024,15,28030000,14.1,05/03/2039,Long-Term Sovereign Structural Debt,3952229.9999999995
GHA-DEBT-3811,Central Government,Domestic Treasury Bond,24/11/2021,15,202140000,6.13,24/11/2036,Long-Term Sovereign Structural Debt,12391182
GHA-DEBT-3812,Central Government,Bilateral Debt,11/08/2025,5,73180000,11.43,11/08/2030,Short-Term Refinancing Risk,8364474
GHA-DEBT-3813,Central Government,Bilateral Debt,04/11/2024,30,224530000,11.54,04/11/2054,Long-Term Sovereign Structural Debt,25910761.999999996
GHA-DEBT-3814,GRA (Revenue),Eurobond,11/05/2025,3,183090000,11,11/05/2028,Short-Term Refinancing Risk,20139900
GHA-DEBT-3815,GRIDCo (Energy),SOE Guaranteed Loan,05/12/2025,7,143610000,9.85,05/12/2032,Medium-Term Exposure,14145584.999999998
GHA-DEBT-3816,Central Government,Bilateral Debt,08/10/2023,10,46510000,7.78,08/10/2033,Medium-Term Exposure,3618478.0000000005
GHA-DEBT-3817,Central Government,SOE Guaranteed Loan,01/08/2023,10,248480000,9.21,01/08/2033,Medium-Term Exposure,22885008.000000004
GHA-DEBT-3818,Central Government,Bilateral Debt,31/08/2024,3,71770000,7.3,31/08/2027,Short-Term Refinancing Risk,5239210
GHA-DEBT-3819,Central Government,Domestic Treasury Bond,03/09/2022,10,13290000,7.88,03/09/2032,Medium-Term Exposure,1047251.9999999999
GHA-DEBT-3820,Central Government,Domestic Treasury Bond,13/11/2025,10,191000000,10.67,13/11/2035,Medium-Term Exposure,20379700
GHA-DEBT-3821,VRA (Energy),SOE Guaranteed Loan,05/08/2021,7,88800000,7.72,05/08/2028,Medium-Term Exposure,6855359.999999999
GHA-DEBT-3822,GRIDCo (Energy),SOE Guaranteed Loan,06/03/2020,7,85150000,7.67,06/03/2027,Medium-Term Exposure,6531005
GHA-DEBT-3823,COCOBOD (Agric),Eurobond,05/06/2022,5,27240000,10.17,05/06/2027,Short-Term Refinancing Risk,2770308
GHA-DEBT-3824,GRA (Revenue),Bilateral Debt,24/01/2023,3,13360000,10.66,24/01/2026,Short-Term Refinancing Risk,1424176
GHA-DEBT-3825,Central Government,SOE Guaranteed Loan,11/07/2025,7,108060000,10.16,11/07/2032,Medium-Term Exposure,10978896
GHA-DEBT-3826,Central Government,Domestic Treasury Bond,03/05/2025,7,70290000,11.12,03/05/2032,Medium-Term Exposure,7816247.999999999
GHA-DEBT-3827,GRA (Revenue),Bilateral Debt,04/04/2021,7,70180000,8.14,04/04/2028,Medium-Term Exposure,5712652
GHA-DEBT-3828,COCOBOD (Agric),Domestic Treasury Bond,24/02/2021,3,146400000,8.62,24/02/2024,Short-Term Refinancing Risk,12619680
GHA-DEBT-3829,GRIDCo (Energy),Domestic Treasury Bond,03/02/2022,15,62590000,14.37,03/02/2037,Long-Term Sovereign Structural Debt,8994183
GHA-DEBT-3830,VRA (Energy),Domestic Treasury Bond,28/11/2023,7,172940000,8.96,28/11/2030,Medium-Term Exposure,15495424.000000002
GHA-DEBT-3831,Central Government,SOE Guaranteed Loan,01/08/2023,30,119520000,10.04,01/08/2053,Long-Term Sovereign Structural Debt,11999807.999999998
GHA-DEBT-3832,Central Government,Domestic Treasury Bond,09/08/2022,15,12880000,13.42,09/08/2037,Long-Term Sovereign Structural Debt,1728495.9999999998
GHA-DEBT-3833,Central Government,Domestic Treasury Bond,06/12/2023,3,146400000,12.26,06/12/2026,Short-Term Refinancing Risk,17948640
GHA-DEBT-3834,VRA (Energy),Bilateral Debt,02/04/2024,5,32390000,7.35,02/04/2029,Short-Term Refinancing Risk,2380665
GHA-DEBT-3835,GRIDCo (Energy),Bilateral Debt,25/10/2023,7,40870000,6.1,25/10/2030,Medium-Term Exposure,2493070
GHA-DEBT-3836,Central Government,Domestic Treasury Bond,16/01/2021,3,3230000,5.73,16/01/2024,Short-Term Refinancing Risk,185079
GHA-DEBT-3837,GRIDCo (Energy),Domestic Treasury Bond,01/03/2021,10,143760000,8.25,01/03/2031,Medium-Term Exposure,11860200
GHA-DEBT-3838,Central Government,Bilateral Debt,01/02/2020,30,227730000,13.31,01/02/2050,Long-Term Sovereign Structural Debt,30310863
GHA-DEBT-3839,Central Government,SOE Guaranteed Loan,06/01/2020,15,190150000,11.13,06/01/2035,Long-Term Sovereign Structural Debt,21163695.000000004
GHA-DEBT-3840,Central Government,Domestic Treasury Bond,05/08/2025,7,120330000,9.56,05/08/2032,Medium-Term Exposure,11503548
GHA-DEBT-3841,Central Government,Domestic Treasury Bond,06/01/2025,5,190360000,13.75,06/01/2030,Short-Term Refinancing Risk,26174500.000000004
GHA-DEBT-3842,Central Government,Eurobond,30/11/2025,15,59020000,6.02,30/11/2040,Long-Term Sovereign Structural Debt,3553004
GHA-DEBT-3843,Central Government,Eurobond,26/10/2024,10,61700000,10.75,26/10/2034,Medium-Term Exposure,6632750
GHA-DEBT-3844,Central Government,Domestic Treasury Bond,05/06/2025,15,185120000,7.56,05/06/2040,Long-Term Sovereign Structural Debt,13995072
GHA-DEBT-3845,Central Government,Bilateral Debt,03/03/2023,7,39890000,10.41,03/03/2030,Medium-Term Exposure,4152549
GHA-DEBT-3846,Central Government,SOE Guaranteed Loan,09/04/2020,30,99600000,12.68,09/04/2050,Long-Term Sovereign Structural Debt,12629280
GHA-DEBT-3847,Central Government,Eurobond,06/02/2021,15,78770000,7.78,06/02/2036,Long-Term Sovereign Structural Debt,6128306.000000001
GHA-DEBT-3848,COCOBOD (Agric),Domestic Treasury Bond,01/08/2020,15,194660000,13.42,01/08/2035,Long-Term Sovereign Structural Debt,26123371.999999996
GHA-DEBT-3849,COCOBOD (Agric),Eurobond,15/05/2020,10,208930000,11.49,15/05/2030,Medium-Term Exposure,24006057
GHA-DEBT-3850,Central Government,SOE Guaranteed Loan,22/12/2021,10,154930000,12.41,22/12/2031,Medium-Term Exposure,19226813
GHA-DEBT-3851,COCOBOD (Agric),Domestic Treasury Bond,16/07/2020,10,187370000,12.18,16/07/2030,Medium-Term Exposure,22821666
GHA-DEBT-3852,Central Government,SOE Guaranteed Loan,27/01/2021,15,7430000,13.52,27/01/2036,Long-Term Sovereign Structural Debt,1004535.9999999999
GHA-DEBT-3853,GRA (Revenue),SOE Guaranteed Loan,03/01/2022,3,136700000,10.65,03/01/2025,Short-Term Refinancing Risk,14558550
GHA-DEBT-3854,Central Government,SOE Guaranteed Loan,02/04/2021,7,63190000,10.01,02/04/2028,Medium-Term Exposure,6325319
GHA-DEBT-3855,Unspecified SOE,Eurobond,09/12/2024,3,131370000,13.43,09/12/2027,Short-Term Refinancing Risk,17642991
GHA-DEBT-3856,Central Government,SOE Guaranteed Loan,07/08/2023,3,52890000,7.71,07/08/2026,Short-Term Refinancing Risk,4077819
GHA-DEBT-3857,Central Government,Domestic Treasury Bond,07/01/2024,5,84700000,10.92,07/01/2029,Short-Term Refinancing Risk,9249240
GHA-DEBT-3858,Central Government,Bilateral Debt,22/11/2020,3,209490000,13.41,22/11/2023,Short-Term Refinancing Risk,28092609
GHA-DEBT-3859,Central Government,Eurobond,26/03/2020,5,237580000,12.03,26/03/2025,Short-Term Refinancing Risk,28580873.999999996
GHA-DEBT-3860,Central Government,Domestic Treasury Bond,07/10/2022,15,35190000,13.11,07/10/2037,Long-Term Sovereign Structural Debt,4613409
GHA-DEBT-3861,VRA (Energy),Domestic Treasury Bond,15/07/2020,10,248240000,11.44,15/07/2030,Medium-Term Exposure,28398656
GHA-DEBT-3862,VRA (Energy),Domestic Treasury Bond,11/08/2021,3,108070000,5.94,11/08/2024,Short-Term Refinancing Risk,6419358
GHA-DEBT-3863,Unspecified SOE,Eurobond,20/10/2024,30,3610000,9.51,20/10/2054,Long-Term Sovereign Structural Debt,343311
GHA-DEBT-3864,Central Government,Bilateral Debt,17/04/2022,30,140890000,7.61,17/04/2052,Long-Term Sovereign Structural Debt,10721729
GHA-DEBT-3865,Central Government,Domestic Treasury Bond,21/01/2023,7,97060000,11.43,21/01/2030,Medium-Term Exposure,11093958
GHA-DEBT-3866,Central Government,Eurobond,05/07/2021,3,239040000,10.73,05/07/2024,Short-Term Refinancing Risk,25648992
GHA-DEBT-3867,Central Government,SOE Guaranteed Loan,17/08/2021,10,231970000,12.46,17/08/2031,Medium-Term Exposure,28903462
GHA-DEBT-3868,VRA (Energy),SOE Guaranteed Loan,24/03/2021,10,28720000,13.93,24/03/2031,Medium-Term Exposure,4000696
GHA-DEBT-3869,VRA (Energy),Bilateral Debt,30/10/2024,3,29220000,11.08,30/10/2027,Short-Term Refinancing Risk,3237576
GHA-DEBT-3870,Unspecified SOE,SOE Guaranteed Loan,23/09/2020,5,156130000,6.27,23/09/2025,Short-Term Refinancing Risk,9789350.999999998
GHA-DEBT-3871,Central Government,Bilateral Debt,04/05/2020,10,80300000,10.7,04/05/2030,Medium-Term Exposure,8592100
GHA-DEBT-3872,Central Government,SOE Guaranteed Loan,24/06/2025,5,175920000,6.08,24/06/2030,Short-Term Refinancing Risk,10695936
GHA-DEBT-3873,Central Government,Bilateral Debt,30/06/2021,15,64980000,9.07,30/06/2036,Long-Term Sovereign Structural Debt,5893686
GHA-DEBT-3874,Central Government,Eurobond,19/06/2023,30,48550000,6.71,19/06/2053,Long-Term Sovereign Structural Debt,3257704.9999999995
GHA-DEBT-3875,GRA (Revenue),Domestic Treasury Bond,20/02/2020,7,76460000,8.15,20/02/2027,Medium-Term Exposure,6231490
GHA-DEBT-3876,VRA (Energy),Eurobond,26/01/2020,10,159230000,7.16,26/01/2030,Medium-Term Exposure,11400868
GHA-DEBT-3877,Central Government,SOE Guaranteed Loan,01/03/2022,10,30030000,12.72,01/03/2032,Medium-Term Exposure,3819816
GHA-DEBT-3878,Central Government,SOE Guaranteed Loan,23/09/2024,5,219140000,6.24,23/09/2029,Short-Term Refinancing Risk,13674336
GHA-DEBT-3879,COCOBOD (Agric),Domestic Treasury Bond,04/03/2020,7,106110000,5.69,04/03/2027,Medium-Term Exposure,6037659.000000001
GHA-DEBT-3880,COCOBOD (Agric),Bilateral Debt,19/07/2025,15,225510000,10.89,19/07/2040,Long-Term Sovereign Structural Debt,24558039.000000004
GHA-DEBT-3881,Central Government,SOE Guaranteed Loan,26/04/2025,7,167150000,6.12,26/04/2032,Medium-Term Exposure,10229580
GHA-DEBT-3882,Central Government,Bilateral Debt,10/04/2024,10,54290000,13.45,10/04/2034,Medium-Term Exposure,7302004.999999999
GHA-DEBT-3883,Central Government,Eurobond,12/08/2022,7,133320000,10.16,12/08/2029,Medium-Term Exposure,13545312
GHA-DEBT-3884,GRA (Revenue),Eurobond,28/06/2024,7,237780000,9.78,28/06/2031,Medium-Term Exposure,23254884
GHA-DEBT-3885,Central Government,Domestic Treasury Bond,05/06/2020,15,185630000,12.96,05/06/2035,Long-Term Sovereign Structural Debt,24057648.000000004
GHA-DEBT-3886,Central Government,Domestic Treasury Bond,10/10/2024,7,23370000,11.5,10/10/2031,Medium-Term Exposure,2687550
GHA-DEBT-3887,GRIDCo (Energy),Domestic Treasury Bond,01/06/2022,3,157290000,12.93,01/06/2025,Short-Term Refinancing Risk,20337597
GHA-DEBT-3888,Central Government,Domestic Treasury Bond,29/05/2023,3,68060000,8,29/05/2026,Short-Term Refinancing Risk,5444800
GHA-DEBT-3889,Central Government,SOE Guaranteed Loan,21/05/2022,15,55840000,13.84,21/05/2037,Long-Term Sovereign Structural Debt,7728256
GHA-DEBT-3890,COCOBOD (Agric),Domestic Treasury Bond,02/12/2022,30,2720000,14.43,02/12/2052,Long-Term Sovereign Structural Debt,392495.99999999994
GHA-DEBT-3891,COCOBOD (Agric),Bilateral Debt,21/06/2020,10,64650000,9.45,21/06/2030,Medium-Term Exposure,6109424.999999999
GHA-DEBT-3892,Central Government,Bilateral Debt,11/09/2020,15,1270000,8.07,11/09/2035,Long-Term Sovereign Structural Debt,102489.00000000001
GHA-DEBT-3893,Central Government,SOE Guaranteed Loan,07/11/2025,7,45050000,13.63,07/11/2032,Medium-Term Exposure,6140315
GHA-DEBT-3894,VRA (Energy),Bilateral Debt,07/04/2023,5,48940000,9.1,07/04/2028,Short-Term Refinancing Risk,4453540
GHA-DEBT-3895,Central Government,SOE Guaranteed Loan,19/11/2021,10,63730000,6.98,19/11/2031,Medium-Term Exposure,4448354
GHA-DEBT-3896,Unspecified SOE,Domestic Treasury Bond,19/10/2022,3,80680000,11.02,19/10/2025,Short-Term Refinancing Risk,8890936
GHA-DEBT-3897,Central Government,Eurobond,20/01/2020,5,248270000,11.87,20/01/2025,Short-Term Refinancing Risk,29469648.999999996
GHA-DEBT-3898,Central Government,Eurobond,30/01/2022,10,22860000,7.17,30/01/2032,Medium-Term Exposure,1639062
GHA-DEBT-3899,GRA (Revenue),Domestic Treasury Bond,13/01/2020,10,195870000,9.28,13/01/2030,Medium-Term Exposure,18176736
GHA-DEBT-3900,Central Government,Bilateral Debt,05/03/2024,3,235340000,14.03,05/03/2027,Short-Term Refinancing Risk,33018201.999999996
GHA-DEBT-3901,Central Government,Eurobond,15/12/2025,30,177760000,10.34,15/12/2055,Long-Term Sovereign Structural Debt,18380384
GHA-DEBT-3902,GRIDCo (Energy),SOE Guaranteed Loan,27/07/2020,3,183800000,10.33,27/07/2023,Short-Term Refinancing Risk,18986540
GHA-DEBT-3903,GRIDCo (Energy),SOE Guaranteed Loan,22/08/2021,5,228430000,9,22/08/2026,Short-Term Refinancing Risk,20558700
GHA-DEBT-3904,GRIDCo (Energy),SOE Guaranteed Loan,13/11/2020,10,170630000,14.12,13/11/2030,Medium-Term Exposure,24092956
GHA-DEBT-3905,GRA (Revenue),Bilateral Debt,17/06/2024,10,102460000,9.71,17/06/2034,Medium-Term Exposure,9948866
GHA-DEBT-3906,VRA (Energy),Bilateral Debt,20/03/2025,10,169190000,6.46,20/03/2035,Medium-Term Exposure,10929674
GHA-DEBT-3907,Central Government,Eurobond,15/06/2020,7,69620000,10.63,15/06/2027,Medium-Term Exposure,7400606
GHA-DEBT-3908,Central Government,Bilateral Debt,29/02/2024,3,59550000,12.83,NA,Short-Term Refinancing Risk,7640265
GHA-DEBT-3909,Central Government,Domestic Treasury Bond,27/09/2022,15,28880000,10.41,27/09/2037,Long-Term Sovereign Structural Debt,3006408
GHA-DEBT-3910,COCOBOD (Agric),Domestic Treasury Bond,18/04/2024,7,21850000,12.54,18/04/2031,Medium-Term Exposure,2739989.9999999995
GHA-DEBT-3911,GRIDCo (Energy),SOE Guaranteed Loan,27/03/2021,7,40940000,12.25,27/03/2028,Medium-Term Exposure,5015150
GHA-DEBT-3912,Unspecified SOE,Bilateral Debt,27/12/2025,30,224060000,12.57,27/12/2055,Long-Term Sovereign Structural Debt,28164342
GHA-DEBT-3913,Central Government,SOE Guaranteed Loan,09/05/2024,15,73880000,7.88,09/05/2039,Long-Term Sovereign Structural Debt,5821744
GHA-DEBT-3914,VRA (Energy),Bilateral Debt,26/07/2025,7,135820000,5.9,26/07/2032,Medium-Term Exposure,8013380.000000001
GHA-DEBT-3915,Central Government,Bilateral Debt,09/02/2020,15,80370000,9.94,09/02/2035,Long-Term Sovereign Structural Debt,7988777.999999999
GHA-DEBT-3916,COCOBOD (Agric),Eurobond,12/04/2022,10,39800000,12.5,12/04/2032,Medium-Term Exposure,4975000
GHA-DEBT-3917,COCOBOD (Agric),Domestic Treasury Bond,31/07/2021,30,99830000,9.91,31/07/2051,Long-Term Sovereign Structural Debt,9893153
GHA-DEBT-3918,VRA (Energy),Bilateral Debt,22/06/2020,5,20880000,12.99,22/06/2025,Short-Term Refinancing Risk,2712312.0000000005
GHA-DEBT-3919,Central Government,Eurobond,29/05/2020,7,113170000,12.27,29/05/2027,Medium-Term Exposure,13885958.999999998
GHA-DEBT-3920,Central Government,SOE Guaranteed Loan,23/06/2020,7,232200000,13.34,23/06/2027,Medium-Term Exposure,30975479.999999996
GHA-DEBT-3921,COCOBOD (Agric),Bilateral Debt,22/03/2021,5,18630000,13.32,22/03/2026,Short-Term Refinancing Risk,2481516.0000000005
GHA-DEBT-3922,Central Government,SOE Guaranteed Loan,12/03/2024,30,56670000,13.31,12/03/2054,Long-Term Sovereign Structural Debt,7542777
GHA-DEBT-3923,Central Government,Bilateral Debt,04/08/2023,5,85000000,10.46,04/08/2028,Short-Term Refinancing Risk,8891000.000000002
GHA-DEBT-3924,Central Government,Domestic Treasury Bond,14/12/2023,7,179390000,7.18,14/12/2030,Medium-Term Exposure,12880202
GHA-DEBT-3925,VRA (Energy),Domestic Treasury Bond,07/05/2022,30,141020000,11.75,07/05/2052,Long-Term Sovereign Structural Debt,16569849.999999998
GHA-DEBT-3926,Central Government,Domestic Treasury Bond,08/10/2020,5,157030000,10.78,08/10/2025,Short-Term Refinancing Risk,16927834
GHA-DEBT-3927,Central Government,Eurobond,28/03/2022,30,209010000,8.13,28/03/2052,Long-Term Sovereign Structural Debt,16992513.000000004
GHA-DEBT-3928,Central Government,SOE Guaranteed Loan,30/03/2021,30,236620000,10.87,30/03/2051,Long-Term Sovereign Structural Debt,25720593.999999996
GHA-DEBT-3929,Unspecified SOE,Eurobond,21/12/2021,7,188400000,5.93,21/12/2028,Medium-Term Exposure,11172120
GHA-DEBT-3930,Central Government,Eurobond,04/02/2020,15,190050000,11.63,04/02/2035,Long-Term Sovereign Structural Debt,22102815.000000004
GHA-DEBT-3931,GRA (Revenue),Eurobond,15/03/2025,15,2720000,8.48,15/03/2040,Long-Term Sovereign Structural Debt,230656
GHA-DEBT-3932,VRA (Energy),Bilateral Debt,13/08/2024,5,206500000,8.51,13/08/2029,Short-Term Refinancing Risk,17573150
GHA-DEBT-3933,GRIDCo (Energy),Domestic Treasury Bond,07/08/2023,10,135610000,6.97,07/08/2033,Medium-Term Exposure,9452017
GHA-DEBT-3934,Unspecified SOE,Domestic Treasury Bond,29/01/2023,5,213760000,8.43,29/01/2028,Short-Term Refinancing Risk,18019968
GHA-DEBT-3935,GRIDCo (Energy),Domestic Treasury Bond,14/02/2023,15,39790000,14.18,14/02/2038,Long-Term Sovereign Structural Debt,5642222
GHA-DEBT-3936,VRA (Energy),Domestic Treasury Bond,24/01/2023,10,102830000,9.41,24/01/2033,Medium-Term Exposure,9676303
GHA-DEBT-3937,Central Government,Eurobond,15/05/2020,30,51710000,9.72,15/05/2050,Long-Term Sovereign Structural Debt,5026212
GHA-DEBT-3938,Central Government,SOE Guaranteed Loan,14/09/2022,5,103650000,10.12,14/09/2027,Short-Term Refinancing Risk,10489380
GHA-DEBT-3939,GRIDCo (Energy),SOE Guaranteed Loan,25/06/2021,5,127400000,9.35,25/06/2026,Short-Term Refinancing Risk,11911900
GHA-DEBT-3940,GRIDCo (Energy),Domestic Treasury Bond,31/12/2024,3,55140000,7.69,31/12/2027,Short-Term Refinancing Risk,4240266.000000001
GHA-DEBT-3941,Central Government,Bilateral Debt,19/04/2020,30,229820000,11.59,19/04/2050,Long-Term Sovereign Structural Debt,26636138
GHA-DEBT-3942,GRIDCo (Energy),Bilateral Debt,25/12/2022,5,195130000,8.36,25/12/2027,Short-Term Refinancing Risk,16312867.999999998
GHA-DEBT-3943,Central Government,Bilateral Debt,09/05/2020,7,58130000,14.16,09/05/2027,Medium-Term Exposure,8231208
GHA-DEBT-3944,Central Government,SOE Guaranteed Loan,01/11/2024,15,120000000,5.5,01/11/2039,Long-Term Sovereign Structural Debt,6600000
GHA-DEBT-3945,COCOBOD (Agric),Domestic Treasury Bond,24/02/2021,5,51190000,6.78,24/02/2026,Short-Term Refinancing Risk,3470682
GHA-DEBT-3946,GRIDCo (Energy),Domestic Treasury Bond,02/06/2020,7,196270000,6.1,02/06/2027,Medium-Term Exposure,11972470
GHA-DEBT-3947,Central Government,Bilateral Debt,02/07/2024,15,233030000,13.63,02/07/2039,Long-Term Sovereign Structural Debt,31761989
GHA-DEBT-3948,Central Government,Bilateral Debt,08/08/2024,5,129450000,8.09,08/08/2029,Short-Term Refinancing Risk,10472505
GHA-DEBT-3949,Central Government,SOE Guaranteed Loan,21/05/2023,3,93400000,7.85,21/05/2026,Short-Term Refinancing Risk,7331900
GHA-DEBT-3950,Unspecified SOE,SOE Guaranteed Loan,01/09/2025,15,234060000,12.12,01/09/2040,Long-Term Sovereign Structural Debt,28368071.999999996
GHA-DEBT-3951,GRIDCo (Energy),Domestic Treasury Bond,24/12/2022,10,226230000,12.42,24/12/2032,Medium-Term Exposure,28097766
GHA-DEBT-3952,Central Government,Domestic Treasury Bond,25/11/2021,30,203520000,11.51,25/11/2051,Long-Term Sovereign Structural Debt,23425152
GHA-DEBT-3953,VRA (Energy),Domestic Treasury Bond,06/10/2024,15,116670000,5.73,06/10/2039,Long-Term Sovereign Structural Debt,6685191
GHA-DEBT-3954,Central Government,Bilateral Debt,10/09/2022,30,111150000,13.11,10/09/2052,Long-Term Sovereign Structural Debt,14571765
GHA-DEBT-3955,COCOBOD (Agric),Domestic Treasury Bond,23/04/2024,3,53580000,7.52,23/04/2027,Short-Term Refinancing Risk,4029215.9999999995
GHA-DEBT-3956,Central Government,Bilateral Debt,24/02/2022,5,15910000,10.05,24/02/2027,Short-Term Refinancing Risk,1598955
GHA-DEBT-3957,Central Government,Eurobond,07/12/2020,7,148050000,7.83,07/12/2027,Medium-Term Exposure,11592315
GHA-DEBT-3958,GRIDCo (Energy),SOE Guaranteed Loan,14/08/2022,10,179040000,9.12,14/08/2032,Medium-Term Exposure,16328447.999999998
GHA-DEBT-3959,GRIDCo (Energy),Domestic Treasury Bond,13/01/2024,15,78600000,8.07,13/01/2039,Long-Term Sovereign Structural Debt,6343020.000000001
GHA-DEBT-3960,GRIDCo (Energy),Domestic Treasury Bond,03/04/2025,15,181920000,12.41,03/04/2040,Long-Term Sovereign Structural Debt,22576272
GHA-DEBT-3961,Central Government,SOE Guaranteed Loan,23/11/2021,15,136540000,7.86,23/11/2036,Long-Term Sovereign Structural Debt,10732044
GHA-DEBT-3962,Central Government,Domestic Treasury Bond,08/08/2020,5,223470000,7.56,08/08/2025,Short-Term Refinancing Risk,16894332
GHA-DEBT-3963,Central Government,SOE Guaranteed Loan,24/04/2024,7,219500000,14.47,24/04/2031,Medium-Term Exposure,31761650
GHA-DEBT-3964,Central Government,Eurobond,31/12/2022,3,111330000,11.36,31/12/2025,Short-Term Refinancing Risk,12647088
GHA-DEBT-3965,Central Government,Eurobond,20/07/2023,7,136870000,6.17,20/07/2030,Medium-Term Exposure,8444879
GHA-DEBT-3966,VRA (Energy),Domestic Treasury Bond,02/03/2025,5,178880000,10.17,02/03/2030,Short-Term Refinancing Risk,18192096
GHA-DEBT-3967,Central Government,SOE Guaranteed Loan,16/05/2020,5,187120000,7.71,16/05/2025,Short-Term Refinancing Risk,14426952
GHA-DEBT-3968,GRA (Revenue),SOE Guaranteed Loan,24/07/2025,10,35000000,9.27,24/07/2035,Medium-Term Exposure,3244499.9999999995
GHA-DEBT-3969,Central Government,SOE Guaranteed Loan,24/09/2022,30,29630000,13.12,24/09/2052,Long-Term Sovereign Structural Debt,3887455.9999999995
GHA-DEBT-3970,Central Government,Domestic Treasury Bond,07/02/2022,3,133290000,10.34,07/02/2025,Short-Term Refinancing Risk,13782185.999999998
GHA-DEBT-3971,GRA (Revenue),Domestic Treasury Bond,23/09/2020,15,61400000,13.77,23/09/2035,Long-Term Sovereign Structural Debt,8454780
GHA-DEBT-3972,COCOBOD (Agric),Eurobond,20/07/2024,7,239420000,9.66,20/07/2031,Medium-Term Exposure,23127972
GHA-DEBT-3973,Unspecified SOE,Bilateral Debt,09/11/2020,30,28790000,8.3,09/11/2050,Long-Term Sovereign Structural Debt,2389570
GHA-DEBT-3974,GRIDCo (Energy),Bilateral Debt,04/07/2023,15,29220000,12.76,04/07/2038,Long-Term Sovereign Structural Debt,3728471.9999999995
GHA-DEBT-3975,Central Government,Domestic Treasury Bond,02/12/2021,15,164320000,7.01,02/12/2036,Long-Term Sovereign Structural Debt,11518832
GHA-DEBT-3976,GRA (Revenue),SOE Guaranteed Loan,01/09/2020,15,40410000,9.53,01/09/2035,Long-Term Sovereign Structural Debt,3851073
GHA-DEBT-3977,Central Government,Domestic Treasury Bond,10/10/2024,10,49870000,8.71,10/10/2034,Medium-Term Exposure,4343677.000000001
GHA-DEBT-3978,Central Government,SOE Guaranteed Loan,16/08/2022,7,216430000,10.38,16/08/2029,Medium-Term Exposure,22465434
GHA-DEBT-3979,Central Government,Eurobond,17/11/2023,15,67940000,13.55,17/11/2038,Long-Term Sovereign Structural Debt,9205870
GHA-DEBT-3980,Central Government,Domestic Treasury Bond,25/12/2023,3,118440000,10.65,25/12/2026,Short-Term Refinancing Risk,12613860
GHA-DEBT-3981,GRIDCo (Energy),Bilateral Debt,09/08/2021,3,214090000,11.19,09/08/2024,Short-Term Refinancing Risk,23956671
GHA-DEBT-3982,COCOBOD (Agric),Domestic Treasury Bond,23/07/2022,15,163010000,11.65,23/07/2037,Long-Term Sovereign Structural Debt,18990665
GHA-DEBT-3983,VRA (Energy),Domestic Treasury Bond,03/03/2021,15,137680000,9.38,03/03/2036,Long-Term Sovereign Structural Debt,12914384.000000002
GHA-DEBT-3984,GRIDCo (Energy),Eurobond,14/06/2020,15,105480000,7.95,14/06/2035,Long-Term Sovereign Structural Debt,8385660
GHA-DEBT-3985,GRIDCo (Energy),SOE Guaranteed Loan,23/04/2020,30,40640000,13,23/04/2050,Long-Term Sovereign Structural Debt,5283200
GHA-DEBT-3986,GRIDCo (Energy),Domestic Treasury Bond,28/09/2022,15,103190000,11.39,28/09/2037,Long-Term Sovereign Structural Debt,11753341
GHA-DEBT-3987,Central Government,Eurobond,16/02/2024,7,209050000,13.39,16/02/2031,Medium-Term Exposure,27991795.000000004
GHA-DEBT-3988,Central Government,SOE Guaranteed Loan,11/06/2023,10,176660000,13.29,11/06/2033,Medium-Term Exposure,23478114
GHA-DEBT-3989,Central Government,Bilateral Debt,12/03/2022,7,246070000,10.53,12/03/2029,Medium-Term Exposure,25911170.999999996
GHA-DEBT-3990,COCOBOD (Agric),Eurobond,30/11/2022,15,145430000,10.44,30/11/2037,Long-Term Sovereign Structural Debt,15182891.999999998
GHA-DEBT-3991,Central Government,Bilateral Debt,18/01/2023,5,143560000,7.34,18/01/2028,Short-Term Refinancing Risk,10537303.999999998
GHA-DEBT-3992,COCOBOD (Agric),Bilateral Debt,30/08/2022,7,241390000,5.75,30/08/2029,Medium-Term Exposure,13879925
GHA-DEBT-3993,COCOBOD (Agric),Eurobond,07/09/2020,5,113930000,8.04,07/09/2025,Short-Term Refinancing Risk,9159971.999999998
GHA-DEBT-3994,Central Government,Eurobond,21/09/2022,30,168760000,12.67,21/09/2052,Long-Term Sovereign Structural Debt,21381892
GHA-DEBT-3995,Central Government,Bilateral Debt,22/04/2025,30,56650000,13.96,22/04/2055,Long-Term Sovereign Structural Debt,7908340
GHA-DEBT-3996,Central Government,Domestic Treasury Bond,01/10/2022,10,95940000,10.14,01/10/2032,Medium-Term Exposure,9728316
GHA-DEBT-3997,Central Government,SOE Guaranteed Loan,12/03/2022,10,194790000,12.7,12/03/2032,Medium-Term Exposure,24738330
GHA-DEBT-3998,Central Government,Bilateral Debt,08/09/2022,7,145720000,9.98,08/09/2029,Medium-Term Exposure,14542856
GHA-DEBT-3999,Central Government,Eurobond,19/02/2020,7,205610000,6.18,19/02/2027,Medium-Term Exposure,12706697.999999998
GHA-DEBT-4000,GRA (Revenue),Domestic Treasury Bond,03/11/2022,15,111100000,8.89,03/11/2037,Long-Term Sovereign Structural Debt,9876790
GHA-DEBT-4001,VRA (Energy),Bilateral Debt,20/04/2024,7,64520000,14.33,20/04/2031,Medium-Term Exposure,9245716
GHA-DEBT-4002,GRIDCo (Energy),SOE Guaranteed Loan,05/02/2024,7,36170000,8.14,05/02/2031,Medium-Term Exposure,2944238
GHA-DEBT-4003,Central Government,Domestic Treasury Bond,09/12/2020,10,235550000,13.95,09/12/2030,Medium-Term Exposure,32859224.999999996
GHA-DEBT-4004,Central Government,Bilateral Debt,12/06/2024,5,26190000,5.83,12/06/2029,Short-Term Refinancing Risk,1526877
GHA-DEBT-4005,Central Government,Domestic Treasury Bond,05/08/2022,15,61670000,7.68,05/08/2037,Long-Term Sovereign Structural Debt,4736256
GHA-DEBT-4006,VRA (Energy),SOE Guaranteed Loan,27/08/2023,15,133850000,11.7,27/08/2038,Long-Term Sovereign Structural Debt,15660449.999999998
GHA-DEBT-4007,GRIDCo (Energy),SOE Guaranteed Loan,12/02/2023,10,83300000,5.72,12/02/2033,Medium-Term Exposure,4764760
GHA-DEBT-4008,VRA (Energy),Eurobond,21/10/2020,3,3850000,9.92,21/10/2023,Short-Term Refinancing Risk,381920
GHA-DEBT-4009,Central Government,Domestic Treasury Bond,05/12/2024,5,187660000,12.81,05/12/2029,Short-Term Refinancing Risk,24039246
GHA-DEBT-4010,GRIDCo (Energy),Domestic Treasury Bond,19/05/2022,10,225630000,10.57,19/05/2032,Medium-Term Exposure,23849091
GHA-DEBT-4011,Central Government,Domestic Treasury Bond,19/01/2022,10,200620000,12.32,19/01/2032,Medium-Term Exposure,24716384
GHA-DEBT-4012,COCOBOD (Agric),Bilateral Debt,15/02/2022,7,184080000,10.75,15/02/2029,Medium-Term Exposure,19788600
GHA-DEBT-4013,GRIDCo (Energy),Bilateral Debt,04/10/2021,30,25540000,14.17,04/10/2051,Long-Term Sovereign Structural Debt,3619018
GHA-DEBT-4014,Central Government,SOE Guaranteed Loan,02/08/2025,15,136060000,12.47,02/08/2040,Long-Term Sovereign Structural Debt,16966682
GHA-DEBT-4015,COCOBOD (Agric),Domestic Treasury Bond,09/02/2020,10,18930000,12.51,09/02/2030,Medium-Term Exposure,2368143
GHA-DEBT-4016,Central Government,Domestic Treasury Bond,02/11/2025,5,150870000,9.09,02/11/2030,Short-Term Refinancing Risk,13714083
GHA-DEBT-4017,Central Government,Bilateral Debt,04/03/2020,10,197110000,14.35,04/03/2030,Medium-Term Exposure,28285284.999999996
GHA-DEBT-4018,Central Government,Bilateral Debt,10/05/2024,3,54190000,7.29,10/05/2027,Short-Term Refinancing Risk,3950451.0000000005
GHA-DEBT-4019,Central Government,Domestic Treasury Bond,07/03/2023,7,204590000,7.08,07/03/2030,Medium-Term Exposure,14484972
GHA-DEBT-4020,GRIDCo (Energy),Eurobond,21/07/2024,3,47760000,9.96,21/07/2027,Short-Term Refinancing Risk,4756896
GHA-DEBT-4021,Central Government,SOE Guaranteed Loan,29/10/2022,5,40960000,14.14,29/10/2027,Short-Term Refinancing Risk,5791744
GHA-DEBT-4022,VRA (Energy),Bilateral Debt,29/01/2022,5,197710000,5.79,29/01/2027,Short-Term Refinancing Risk,11447409
GHA-DEBT-4023,COCOBOD (Agric),Bilateral Debt,31/07/2025,5,97570000,7,31/07/2030,Short-Term Refinancing Risk,6829900.000000001
GHA-DEBT-4024,Central Government,SOE Guaranteed Loan,27/09/2025,3,164340000,7.25,27/09/2028,Short-Term Refinancing Risk,11914650
GHA-DEBT-4025,Central Government,Eurobond,24/08/2025,30,74620000,9.65,24/08/2055,Long-Term Sovereign Structural Debt,7200830
GHA-DEBT-4026,VRA (Energy),Domestic Treasury Bond,01/11/2024,5,230600000,12.26,01/11/2029,Short-Term Refinancing Risk,28271560
GHA-DEBT-4027,GRIDCo (Energy),Bilateral Debt,07/01/2025,3,60490000,5.54,07/01/2028,Short-Term Refinancing Risk,3351146
GHA-DEBT-4028,Central Government,Domestic Treasury Bond,06/05/2020,7,181460000,13.98,06/05/2027,Medium-Term Exposure,25368108
GHA-DEBT-4029,Central Government,SOE Guaranteed Loan,13/08/2020,10,161870000,13.81,13/08/2030,Medium-Term Exposure,22354247
GHA-DEBT-4030,Central Government,Bilateral Debt,19/05/2023,3,38040000,11.61,19/05/2026,Short-Term Refinancing Risk,4416444
GHA-DEBT-4031,Central Government,Bilateral Debt,13/09/2023,5,36120000,6.08,13/09/2028,Short-Term Refinancing Risk,2196096
GHA-DEBT-4032,Central Government,Bilateral Debt,15/03/2022,10,248110000,12.45,15/03/2032,Medium-Term Exposure,30889695
GHA-DEBT-4033,Central Government,Domestic Treasury Bond,31/05/2024,7,133040000,12.78,31/05/2031,Medium-Term Exposure,17002512
GHA-DEBT-4034,Central Government,Eurobond,05/07/2022,30,159220000,8.43,05/07/2052,Long-Term Sovereign Structural Debt,13422246
GHA-DEBT-4035,COCOBOD (Agric),Domestic Treasury Bond,22/10/2023,10,241640000,10.02,22/10/2033,Medium-Term Exposure,24212328
GHA-DEBT-4036,GRA (Revenue),Eurobond,28/01/2022,5,9550000,12.66,28/01/2027,Short-Term Refinancing Risk,1209030
GHA-DEBT-4037,Central Government,SOE Guaranteed Loan,06/05/2025,15,172990000,13.18,06/05/2040,Long-Term Sovereign Structural Debt,22800082
GHA-DEBT-4038,Central Government,Eurobond,24/11/2020,5,69740000,9.48,24/11/2025,Short-Term Refinancing Risk,6611352.000000001
GHA-DEBT-4039,Central Government,Eurobond,20/04/2020,7,128310000,7.62,20/04/2027,Medium-Term Exposure,9777222
GHA-DEBT-4040,Central Government,Bilateral Debt,21/04/2023,5,51030000,12.58,21/04/2028,Short-Term Refinancing Risk,6419574
GHA-DEBT-4041,Central Government,Eurobond,08/06/2021,10,77360000,11.18,08/06/2031,Medium-Term Exposure,8648848
GHA-DEBT-4042,Central Government,Domestic Treasury Bond,16/05/2022,5,56120000,9.02,16/05/2027,Short-Term Refinancing Risk,5062024
GHA-DEBT-4043,GRIDCo (Energy),Domestic Treasury Bond,18/02/2024,30,104200000,6.82,18/02/2054,Long-Term Sovereign Structural Debt,7106440
GHA-DEBT-4044,Central Government,Domestic Treasury Bond,22/06/2021,3,215160000,7.48,22/06/2024,Short-Term Refinancing Risk,16093968.000000002
GHA-DEBT-4045,Central Government,SOE Guaranteed Loan,20/01/2021,10,178870000,13.84,20/01/2031,Medium-Term Exposure,24755608
GHA-DEBT-4046,GRA (Revenue),SOE Guaranteed Loan,31/07/2021,7,189710000,6.11,31/07/2028,Medium-Term Exposure,11591281
GHA-DEBT-4047,Central Government,SOE Guaranteed Loan,10/07/2025,10,51630000,10.12,10/07/2035,Medium-Term Exposure,5224956
GHA-DEBT-4048,Central Government,Eurobond,11/09/2024,7,10810000,12.21,11/09/2031,Medium-Term Exposure,1319901.0000000002
GHA-DEBT-4049,VRA (Energy),SOE Guaranteed Loan,06/05/2021,15,217680000,10.69,06/05/2036,Long-Term Sovereign Structural Debt,23269992
GHA-DEBT-4050,COCOBOD (Agric),Domestic Treasury Bond,12/09/2022,5,240370000,6.61,12/09/2027,Short-Term Refinancing Risk,15888457.000000002
GHA-DEBT-4051,Central Government,Eurobond,12/02/2023,10,236090000,12.39,12/02/2033,Medium-Term Exposure,29251551.000000004
GHA-DEBT-4052,GRA (Revenue),Eurobond,02/02/2021,30,193360000,11.11,02/02/2051,Long-Term Sovereign Structural Debt,21482296
GHA-DEBT-4053,GRIDCo (Energy),Domestic Treasury Bond,02/05/2025,30,48530000,14.03,02/05/2055,Long-Term Sovereign Structural Debt,6808758.999999999
GHA-DEBT-4054,COCOBOD (Agric),SOE Guaranteed Loan,26/06/2023,7,208170000,13.37,26/06/2030,Medium-Term Exposure,27832328.999999996
GHA-DEBT-4055,Central Government,Domestic Treasury Bond,06/02/2020,30,125360000,13.55,06/02/2050,Long-Term Sovereign Structural Debt,16986280
GHA-DEBT-4056,Central Government,SOE Guaranteed Loan,18/11/2025,7,245350000,5.68,18/11/2032,Medium-Term Exposure,13935880
GHA-DEBT-4057,GRIDCo (Energy),SOE Guaranteed Loan,21/03/2022,10,102310000,13.01,21/03/2032,Medium-Term Exposure,13310531
GHA-DEBT-4058,Central Government,Bilateral Debt,30/10/2025,5,239410000,10.27,30/10/2030,Short-Term Refinancing Risk,24587407
GHA-DEBT-4059,Central Government,Bilateral Debt,29/09/2021,30,22860000,10.52,29/09/2051,Long-Term Sovereign Structural Debt,2404872
GHA-DEBT-4060,GRIDCo (Energy),Eurobond,02/08/2020,5,172970000,10.77,02/08/2025,Short-Term Refinancing Risk,18628869
GHA-DEBT-4061,Unspecified SOE,SOE Guaranteed Loan,22/09/2025,10,176500000,8.89,22/09/2035,Medium-Term Exposure,15690850.000000002
GHA-DEBT-4062,Central Government,SOE Guaranteed Loan,31/10/2020,30,32610000,12.23,31/10/2050,Long-Term Sovereign Structural Debt,3988203
GHA-DEBT-4063,COCOBOD (Agric),Domestic Treasury Bond,06/10/2022,30,235390000,7.99,06/10/2052,Long-Term Sovereign Structural Debt,18807661
GHA-DEBT-4064,VRA (Energy),Domestic Treasury Bond,22/09/2023,15,163830000,6.67,22/09/2038,Long-Term Sovereign Structural Debt,10927461
GHA-DEBT-4065,GRA (Revenue),Bilateral Debt,28/12/2020,30,81510000,7.01,28/12/2050,Long-Term Sovereign Structural Debt,5713851
GHA-DEBT-4066,COCOBOD (Agric),Bilateral Debt,23/07/2023,10,72390000,7.39,23/07/2033,Medium-Term Exposure,5349620.999999999
GHA-DEBT-4067,Central Government,Bilateral Debt,27/12/2023,30,62940000,11.94,27/12/2053,Long-Term Sovereign Structural Debt,7515035.999999999
GHA-DEBT-4068,Central Government,Bilateral Debt,11/07/2020,5,91670000,9.97,11/07/2025,Short-Term Refinancing Risk,9139499.000000002
GHA-DEBT-4069,COCOBOD (Agric),Domestic Treasury Bond,05/08/2024,7,141410000,12.15,05/08/2031,Medium-Term Exposure,17181315
GHA-DEBT-4070,GRIDCo (Energy),SOE Guaranteed Loan,20/02/2025,3,140640000,7.25,20/02/2028,Short-Term Refinancing Risk,10196400
GHA-DEBT-4071,GRA (Revenue),Eurobond,06/05/2023,15,243920000,6,06/05/2038,Long-Term Sovereign Structural Debt,14635200
GHA-DEBT-4072,VRA (Energy),Bilateral Debt,10/11/2023,7,27380000,7.42,10/11/2030,Medium-Term Exposure,2031596
GHA-DEBT-4073,Central Government,Bilateral Debt,27/04/2024,3,147910000,13.3,27/04/2027,Short-Term Refinancing Risk,19672030
GHA-DEBT-4074,Central Government,Domestic Treasury Bond,14/05/2024,5,116580000,8.34,14/05/2029,Short-Term Refinancing Risk,9722772
GHA-DEBT-4075,Central Government,Eurobond,29/02/2024,5,139970000,10.51,NA,Short-Term Refinancing Risk,14710847
GHA-DEBT-4076,Central Government,Eurobond,20/09/2020,5,187420000,10.89,20/09/2025,Short-Term Refinancing Risk,20410038.000000004
GHA-DEBT-4077,Central Government,SOE Guaranteed Loan,02/04/2020,10,162540000,9.66,02/04/2030,Medium-Term Exposure,15701364
GHA-DEBT-4078,Central Government,Eurobond,16/06/2022,3,99980000,8.85,16/06/2025,Short-Term Refinancing Risk,8848230
GHA-DEBT-4079,COCOBOD (Agric),Eurobond,19/06/2021,3,187170000,8.82,19/06/2024,Short-Term Refinancing Risk,16508394
GHA-DEBT-4080,Central Government,Eurobond,22/02/2025,15,60200000,13.92,22/02/2040,Long-Term Sovereign Structural Debt,8379839.999999999
GHA-DEBT-4081,Central Government,Domestic Treasury Bond,18/08/2022,7,109770000,10.61,18/08/2029,Medium-Term Exposure,11646597
GHA-DEBT-4082,Central Government,Bilateral Debt,28/05/2025,15,171850000,8.59,28/05/2040,Long-Term Sovereign Structural Debt,14761915
GHA-DEBT-4083,Central Government,Domestic Treasury Bond,30/10/2021,7,138980000,9.91,30/10/2028,Medium-Term Exposure,13772918.000000002
GHA-DEBT-4084,COCOBOD (Agric),Bilateral Debt,24/11/2021,7,117630000,7.28,24/11/2028,Medium-Term Exposure,8563464
GHA-DEBT-4085,COCOBOD (Agric),Bilateral Debt,17/01/2023,30,177300000,8.91,17/01/2053,Long-Term Sovereign Structural Debt,15797430
GHA-DEBT-4086,GRIDCo (Energy),SOE Guaranteed Loan,18/01/2020,10,223950000,12.77,18/01/2030,Medium-Term Exposure,28598415
GHA-DEBT-4087,Central Government,Domestic Treasury Bond,26/06/2024,15,14520000,8.47,26/06/2039,Long-Term Sovereign Structural Debt,1229844.0000000002
GHA-DEBT-4088,VRA (Energy),Domestic Treasury Bond,18/12/2024,30,88380000,8.82,18/12/2054,Long-Term Sovereign Structural Debt,7795116
GHA-DEBT-4089,Central Government,Domestic Treasury Bond,25/05/2020,3,203320000,6.22,25/05/2023,Short-Term Refinancing Risk,12646504
GHA-DEBT-4090,Central Government,Bilateral Debt,17/12/2023,5,81120000,13.8,17/12/2028,Short-Term Refinancing Risk,11194560.000000002
GHA-DEBT-4091,VRA (Energy),Domestic Treasury Bond,30/03/2023,10,226830000,12.17,30/03/2033,Medium-Term Exposure,27605211
GHA-DEBT-4092,Central Government,Bilateral Debt,26/04/2021,5,28900000,13.88,26/04/2026,Short-Term Refinancing Risk,4011320
GHA-DEBT-4093,COCOBOD (Agric),SOE Guaranteed Loan,10/07/2021,7,4100000,8.75,10/07/2028,Medium-Term Exposure,358750
GHA-DEBT-4094,Central Government,Bilateral Debt,20/08/2022,30,204830000,8.68,20/08/2052,Long-Term Sovereign Structural Debt,17779244
GHA-DEBT-4095,Central Government,Eurobond,24/06/2025,15,90490000,8.78,24/06/2040,Long-Term Sovereign Structural Debt,7945021.999999999
GHA-DEBT-4096,Central Government,Domestic Treasury Bond,28/10/2022,10,186820000,12.13,28/10/2032,Medium-Term Exposure,22661266
GHA-DEBT-4097,Central Government,Domestic Treasury Bond,15/10/2024,3,113210000,11.8,15/10/2027,Short-Term Refinancing Risk,13358780
GHA-DEBT-4098,GRA (Revenue),Domestic Treasury Bond,07/05/2024,7,64500000,12.32,07/05/2031,Medium-Term Exposure,7946400
GHA-DEBT-4099,Central Government,Domestic Treasury Bond,28/05/2022,30,127660000,8.63,28/05/2052,Long-Term Sovereign Structural Debt,11017058
GHA-DEBT-4100,Central Government,Eurobond,17/02/2023,30,40610000,13,17/02/2053,Long-Term Sovereign Structural Debt,5279300
GHA-DEBT-4101,VRA (Energy),Domestic Treasury Bond,15/11/2025,10,141740000,9.25,15/11/2035,Medium-Term Exposure,13110950
GHA-DEBT-4102,Central Government,Eurobond,17/07/2023,7,188880000,8.8,17/07/2030,Medium-Term Exposure,16621440.000000002
GHA-DEBT-4103,COCOBOD (Agric),Domestic Treasury Bond,12/12/2025,30,162870000,9.15,12/12/2055,Long-Term Sovereign Structural Debt,14902605
GHA-DEBT-4104,VRA (Energy),Bilateral Debt,22/12/2023,15,155730000,13.51,22/12/2038,Long-Term Sovereign Structural Debt,21039123
GHA-DEBT-4105,GRIDCo (Energy),Domestic Treasury Bond,03/01/2024,30,112360000,13.96,03/01/2054,Long-Term Sovereign Structural Debt,15685456
GHA-DEBT-4106,GRIDCo (Energy),Eurobond,26/06/2023,10,67460000,5.88,26/06/2033,Medium-Term Exposure,3966648
GHA-DEBT-4107,Central Government,Domestic Treasury Bond,18/09/2024,7,232580000,13.99,18/09/2031,Medium-Term Exposure,32537942
GHA-DEBT-4108,VRA (Energy),Eurobond,07/04/2025,5,1740000,8.57,07/04/2030,Short-Term Refinancing Risk,149118
GHA-DEBT-4109,Central Government,Eurobond,04/10/2024,7,183050000,8.8,04/10/2031,Medium-Term Exposure,16108400.000000002
GHA-DEBT-4110,GRIDCo (Energy),Eurobond,12/10/2024,7,180060000,12.83,12/10/2031,Medium-Term Exposure,23101698
GHA-DEBT-4111,Central Government,Domestic Treasury Bond,04/07/2023,30,161350000,5.74,04/07/2053,Long-Term Sovereign Structural Debt,9261490
GHA-DEBT-4112,Central Government,Bilateral Debt,16/08/2025,15,158730000,8.57,16/08/2040,Long-Term Sovereign Structural Debt,13603161
GHA-DEBT-4113,Unspecified SOE,SOE Guaranteed Loan,28/02/2020,10,237760000,6.54,28/02/2030,Medium-Term Exposure,15549504
GHA-DEBT-4114,Central Government,Eurobond,05/08/2023,10,154380000,6.89,05/08/2033,Medium-Term Exposure,10636782
GHA-DEBT-4115,Central Government,Eurobond,24/03/2020,30,56810000,6.5,24/03/2050,Long-Term Sovereign Structural Debt,3692650
GHA-DEBT-4116,Central Government,Domestic Treasury Bond,08/11/2020,5,178010000,9.95,08/11/2025,Short-Term Refinancing Risk,17711995
GHA-DEBT-4117,Central Government,Bilateral Debt,16/05/2021,30,63820000,10.12,16/05/2051,Long-Term Sovereign Structural Debt,6458584
GHA-DEBT-4118,Central Government,Eurobond,15/12/2023,10,29690000,9.89,15/12/2033,Medium-Term Exposure,2936341
GHA-DEBT-4119,Central Government,Domestic Treasury Bond,15/12/2024,10,246130000,11.48,15/12/2034,Medium-Term Exposure,28255724
GHA-DEBT-4120,VRA (Energy),Domestic Treasury Bond,06/02/2021,10,9480000,6.64,06/02/2031,Medium-Term Exposure,629472
GHA-DEBT-4121,COCOBOD (Agric),SOE Guaranteed Loan,21/05/2020,10,91080000,10.26,21/05/2030,Medium-Term Exposure,9344808
GHA-DEBT-4122,Central Government,Eurobond,14/08/2024,7,90530000,12.04,14/08/2031,Medium-Term Exposure,10899812
GHA-DEBT-4123,VRA (Energy),Domestic Treasury Bond,11/08/2021,3,32170000,7.38,11/08/2024,Short-Term Refinancing Risk,2374146
GHA-DEBT-4124,Central Government,Domestic Treasury Bond,24/03/2022,30,21840000,6.23,24/03/2052,Long-Term Sovereign Structural Debt,1360632
GHA-DEBT-4125,GRIDCo (Energy),Eurobond,31/07/2022,15,98500000,8.38,31/07/2037,Long-Term Sovereign Structural Debt,8254300.000000001
GHA-DEBT-4126,Central Government,Domestic Treasury Bond,16/01/2021,3,190430000,6.96,16/01/2024,Short-Term Refinancing Risk,13253928
GHA-DEBT-4127,COCOBOD (Agric),Domestic Treasury Bond,10/12/2023,10,63670000,6.14,10/12/2033,Medium-Term Exposure,3909337.9999999995
GHA-DEBT-4128,Central Government,Eurobond,29/10/2020,5,51650000,5.84,29/10/2025,Short-Term Refinancing Risk,3016360
GHA-DEBT-4129,GRIDCo (Energy),Eurobond,22/06/2024,5,245940000,13,22/06/2029,Short-Term Refinancing Risk,31972200
GHA-DEBT-4130,GRIDCo (Energy),Domestic Treasury Bond,08/12/2021,7,235500000,6.4,08/12/2028,Medium-Term Exposure,15072000
GHA-DEBT-4131,Central Government,Eurobond,23/10/2023,30,20870000,8.67,23/10/2053,Long-Term Sovereign Structural Debt,1809429
GHA-DEBT-4132,Central Government,Domestic Treasury Bond,08/03/2020,7,210940000,14.33,08/03/2027,Medium-Term Exposure,30227702.000000004
GHA-DEBT-4133,VRA (Energy),Bilateral Debt,22/07/2023,15,91820000,11.48,22/07/2038,Long-Term Sovereign Structural Debt,10540936
GHA-DEBT-4134,Central Government,Domestic Treasury Bond,16/05/2023,3,32750000,5.7,16/05/2026,Short-Term Refinancing Risk,1866750
GHA-DEBT-4135,Central Government,SOE Guaranteed Loan,10/09/2023,15,199670000,6.72,10/09/2038,Long-Term Sovereign Structural Debt,13417824
GHA-DEBT-4136,Central Government,Eurobond,15/04/2022,7,68330000,7.73,15/04/2029,Medium-Term Exposure,5281909.000000001
GHA-DEBT-4137,VRA (Energy),Eurobond,03/11/2023,7,205420000,9.42,03/11/2030,Medium-Term Exposure,19350564
GHA-DEBT-4138,GRA (Revenue),SOE Guaranteed Loan,21/10/2021,10,137070000,10.83,21/10/2031,Medium-Term Exposure,14844681.000000002
GHA-DEBT-4139,GRA (Revenue),Eurobond,13/09/2025,3,11900000,6.33,13/09/2028,Short-Term Refinancing Risk,753270
GHA-DEBT-4140,COCOBOD (Agric),SOE Guaranteed Loan,13/05/2020,15,10670000,6.4,13/05/2035,Long-Term Sovereign Structural Debt,682880
GHA-DEBT-4141,Central Government,Bilateral Debt,02/01/2020,5,28720000,7.28,02/01/2025,Short-Term Refinancing Risk,2090816
GHA-DEBT-4142,Central Government,Domestic Treasury Bond,04/11/2020,10,230630000,14.01,04/11/2030,Medium-Term Exposure,32311263
GHA-DEBT-4143,Central Government,SOE Guaranteed Loan,24/12/2023,10,8180000,12.42,24/12/2033,Medium-Term Exposure,1015956
GHA-DEBT-4144,GRA (Revenue),Domestic Treasury Bond,11/11/2025,7,144820000,5.57,11/11/2032,Medium-Term Exposure,8066474
GHA-DEBT-4145,GRIDCo (Energy),Domestic Treasury Bond,06/09/2022,15,243010000,10.53,06/09/2037,Long-Term Sovereign Structural Debt,25588952.999999996
GHA-DEBT-4146,Central Government,Domestic Treasury Bond,12/01/2022,30,244200000,8.07,12/01/2052,Long-Term Sovereign Structural Debt,19706940.000000004
GHA-DEBT-4147,Central Government,Eurobond,17/07/2023,15,215440000,9.79,17/07/2038,Long-Term Sovereign Structural Debt,21091575.999999996
GHA-DEBT-4148,Central Government,Domestic Treasury Bond,14/09/2021,30,208470000,12.16,14/09/2051,Long-Term Sovereign Structural Debt,25349952
GHA-DEBT-4149,Central Government,SOE Guaranteed Loan,22/12/2025,30,204490000,9.39,22/12/2055,Long-Term Sovereign Structural Debt,19201611.000000004
GHA-DEBT-4150,VRA (Energy),SOE Guaranteed Loan,26/02/2023,7,31170000,11.31,26/02/2030,Medium-Term Exposure,3525327
GHA-DEBT-4151,Central Government,Domestic Treasury Bond,21/10/2020,10,7600000,11.67,21/10/2030,Medium-Term Exposure,886920
GHA-DEBT-4152,Central Government,Domestic Treasury Bond,16/01/2025,3,245790000,6.69,16/01/2028,Short-Term Refinancing Risk,16443351
GHA-DEBT-4153,Central Government,Bilateral Debt,08/01/2022,7,17770000,14.48,08/01/2029,Medium-Term Exposure,2573096
GHA-DEBT-4154,COCOBOD (Agric),Eurobond,22/12/2021,30,25220000,8.61,22/12/2051,Long-Term Sovereign Structural Debt,2171442
GHA-DEBT-4155,Unspecified SOE,SOE Guaranteed Loan,10/05/2023,10,124830000,6.6,10/05/2033,Medium-Term Exposure,8238780
GHA-DEBT-4156,Central Government,SOE Guaranteed Loan,14/06/2023,3,226290000,10.35,14/06/2026,Short-Term Refinancing Risk,23421015
GHA-DEBT-4157,Central Government,Eurobond,08/10/2023,3,205230000,10.23,08/10/2026,Short-Term Refinancing Risk,20995029
GHA-DEBT-4158,Central Government,Bilateral Debt,13/02/2020,7,139240000,12.89,13/02/2027,Medium-Term Exposure,17948036.000000004
GHA-DEBT-4159,GRIDCo (Energy),Bilateral Debt,02/09/2025,5,207160000,5.69,02/09/2030,Short-Term Refinancing Risk,11787404.000000002
GHA-DEBT-4160,GRA (Revenue),Bilateral Debt,10/03/2020,30,58070000,13.58,10/03/2050,Long-Term Sovereign Structural Debt,7885906
GHA-DEBT-4161,Central Government,Bilateral Debt,01/11/2022,15,37520000,7.67,01/11/2037,Long-Term Sovereign Structural Debt,2877784
GHA-DEBT-4162,Central Government,Bilateral Debt,15/10/2020,10,18730000,9.03,15/10/2030,Medium-Term Exposure,1691318.9999999998
GHA-DEBT-4163,Central Government,SOE Guaranteed Loan,06/09/2020,15,42290000,14.38,06/09/2035,Long-Term Sovereign Structural Debt,6081302.000000001
GHA-DEBT-4164,Central Government,Bilateral Debt,04/12/2020,3,40510000,11.33,04/12/2023,Short-Term Refinancing Risk,4589783
GHA-DEBT-4165,Central Government,Bilateral Debt,28/12/2024,5,145150000,10.28,28/12/2029,Short-Term Refinancing Risk,14921419.999999998
GHA-DEBT-4166,Central Government,Bilateral Debt,15/09/2025,5,81550000,6.51,15/09/2030,Short-Term Refinancing Risk,5308904.999999999
GHA-DEBT-4167,Central Government,Eurobond,06/04/2023,15,96040000,6.39,06/04/2038,Long-Term Sovereign Structural Debt,6136956
GHA-DEBT-4168,VRA (Energy),Eurobond,15/12/2021,15,158320000,6.76,15/12/2036,Long-Term Sovereign Structural Debt,10702431.999999998
GHA-DEBT-4169,COCOBOD (Agric),Domestic Treasury Bond,21/06/2023,7,118770000,9.34,21/06/2030,Medium-Term Exposure,11093118
GHA-DEBT-4170,Central Government,Bilateral Debt,20/12/2024,30,52580000,7.38,20/12/2054,Long-Term Sovereign Structural Debt,3880404.0000000005
GHA-DEBT-4171,VRA (Energy),Eurobond,03/05/2025,30,132380000,9.82,03/05/2055,Long-Term Sovereign Structural Debt,12999716.000000002
GHA-DEBT-4172,Central Government,Eurobond,06/04/2020,10,30020000,10.91,06/04/2030,Medium-Term Exposure,3275182
GHA-DEBT-4173,GRA (Revenue),Domestic Treasury Bond,27/11/2025,3,198080000,8.11,27/11/2028,Short-Term Refinancing Risk,16064287.999999998
GHA-DEBT-4174,Central Government,Bilateral Debt,26/01/2024,7,174690000,13.98,26/01/2031,Medium-Term Exposure,24421662
GHA-DEBT-4175,VRA (Energy),Domestic Treasury Bond,17/09/2024,30,95860000,5.73,17/09/2054,Long-Term Sovereign Structural Debt,5492778
GHA-DEBT-4176,Central Government,SOE Guaranteed Loan,28/05/2023,30,118740000,10.4,28/05/2053,Long-Term Sovereign Structural Debt,12348960.000000002
GHA-DEBT-4177,GRA (Revenue),Eurobond,05/10/2023,10,159470000,13.47,05/10/2033,Medium-Term Exposure,21480609.000000004
GHA-DEBT-4178,Central Government,Domestic Treasury Bond,28/08/2020,15,79950000,6.62,28/08/2035,Long-Term Sovereign Structural Debt,5292690
GHA-DEBT-4179,Central Government,SOE Guaranteed Loan,09/09/2024,3,213080000,7.92,09/09/2027,Short-Term Refinancing Risk,16875936
GHA-DEBT-4180,Central Government,Eurobond,30/08/2022,3,30860000,10.65,30/08/2025,Short-Term Refinancing Risk,3286590
GHA-DEBT-4181,Central Government,Domestic Treasury Bond,30/03/2025,15,183520000,14.36,30/03/2040,Long-Term Sovereign Structural Debt,26353472
GHA-DEBT-4182,Central Government,SOE Guaranteed Loan,02/01/2024,15,101500000,7.81,02/01/2039,Long-Term Sovereign Structural Debt,7927150
GHA-DEBT-4183,Central Government,Domestic Treasury Bond,12/05/2025,7,210520000,11.98,12/05/2032,Medium-Term Exposure,25220296
GHA-DEBT-4184,Central Government,Bilateral Debt,06/04/2021,10,200630000,9.27,06/04/2031,Medium-Term Exposure,18598401
GHA-DEBT-4185,COCOBOD (Agric),Bilateral Debt,12/06/2021,30,65050000,7.69,12/06/2051,Long-Term Sovereign Structural Debt,5002345.000000001
GHA-DEBT-4186,Central Government,Eurobond,08/02/2025,10,17350000,5.63,08/02/2035,Medium-Term Exposure,976804.9999999999
GHA-DEBT-4187,GRA (Revenue),Domestic Treasury Bond,08/01/2021,15,129520000,5.59,08/01/2036,Long-Term Sovereign Structural Debt,7240168
GHA-DEBT-4188,VRA (Energy),SOE Guaranteed Loan,05/09/2023,30,211130000,7.62,05/09/2053,Long-Term Sovereign Structural Debt,16088106
GHA-DEBT-4189,Central Government,Bilateral Debt,07/04/2023,5,127890000,12.85,07/04/2028,Short-Term Refinancing Risk,16433865
GHA-DEBT-4190,Central Government,Eurobond,25/02/2022,5,132680000,8.82,25/02/2027,Short-Term Refinancing Risk,11702376
GHA-DEBT-4191,Central Government,SOE Guaranteed Loan,17/12/2022,5,105030000,11.28,17/12/2027,Short-Term Refinancing Risk,11847384
GHA-DEBT-4192,Central Government,Eurobond,08/07/2025,7,233230000,10.58,08/07/2032,Medium-Term Exposure,24675734
GHA-DEBT-4193,VRA (Energy),Eurobond,18/01/2025,3,60890000,13.07,18/01/2028,Short-Term Refinancing Risk,7958323.000000001
GHA-DEBT-4194,Central Government,Bilateral Debt,17/04/2023,30,39370000,9.44,17/04/2053,Long-Term Sovereign Structural Debt,3716528
GHA-DEBT-4195,VRA (Energy),Domestic Treasury Bond,19/09/2020,10,95440000,9.81,19/09/2030,Medium-Term Exposure,9362664
GHA-DEBT-4196,Central Government,Domestic Treasury Bond,27/01/2024,7,248980000,6.41,27/01/2031,Medium-Term Exposure,15959618.000000002
GHA-DEBT-4197,Central Government,Eurobond,21/08/2023,30,236410000,12.75,21/08/2053,Long-Term Sovereign Structural Debt,30142275
GHA-DEBT-4198,Central Government,SOE Guaranteed Loan,17/10/2020,30,87520000,13.99,17/10/2050,Long-Term Sovereign Structural Debt,12244048
GHA-DEBT-4199,Central Government,Eurobond,16/06/2021,10,249660000,12.19,16/06/2031,Medium-Term Exposure,30433554
GHA-DEBT-4200,GRIDCo (Energy),Eurobond,21/01/2021,3,242950000,12.8,21/01/2024,Short-Term Refinancing Risk,31097600
GHA-DEBT-4201,Central Government,SOE Guaranteed Loan,17/01/2023,30,80710000,9.21,17/01/2053,Long-Term Sovereign Structural Debt,7433391.000000001
GHA-DEBT-4202,Unspecified SOE,SOE Guaranteed Loan,13/10/2024,15,232410000,8.79,13/10/2039,Long-Term Sovereign Structural Debt,20428839
GHA-DEBT-4203,VRA (Energy),Eurobond,26/08/2021,7,125320000,14.25,26/08/2028,Medium-Term Exposure,17858100
GHA-DEBT-4204,Central Government,SOE Guaranteed Loan,20/07/2025,3,227510000,14.26,20/07/2028,Short-Term Refinancing Risk,32442926
GHA-DEBT-4205,Central Government,Domestic Treasury Bond,09/08/2023,5,35760000,7.51,09/08/2028,Short-Term Refinancing Risk,2685576
GHA-DEBT-4206,Central Government,Bilateral Debt,13/04/2025,30,8560000,11.26,13/04/2055,Long-Term Sovereign Structural Debt,963855.9999999999
GHA-DEBT-4207,Central Government,Bilateral Debt,13/02/2020,7,151700000,13.6,13/02/2027,Medium-Term Exposure,20631200
GHA-DEBT-4208,Central Government,Bilateral Debt,31/08/2021,15,117320000,7.06,31/08/2036,Long-Term Sovereign Structural Debt,8282792
GHA-DEBT-4209,Central Government,Eurobond,02/08/2023,5,175750000,9.94,02/08/2028,Short-Term Refinancing Risk,17469549.999999996
GHA-DEBT-4210,Central Government,Eurobond,20/08/2024,15,45690000,8.7,20/08/2039,Long-Term Sovereign Structural Debt,3975029.9999999995
GHA-DEBT-4211,Central Government,Eurobond,20/06/2025,15,241170000,11.72,20/06/2040,Long-Term Sovereign Structural Debt,28265124.000000004
GHA-DEBT-4212,VRA (Energy),Bilateral Debt,05/12/2022,10,21000000,10.4,05/12/2032,Medium-Term Exposure,2184000
GHA-DEBT-4213,COCOBOD (Agric),Bilateral Debt,09/04/2022,30,220470000,10.78,09/04/2052,Long-Term Sovereign Structural Debt,23766666
GHA-DEBT-4214,GRIDCo (Energy),Bilateral Debt,02/09/2021,3,37870000,14.49,02/09/2024,Short-Term Refinancing Risk,5487363
GHA-DEBT-4215,Central Government,Bilateral Debt,27/10/2022,5,22740000,11.66,27/10/2027,Short-Term Refinancing Risk,2651484
GHA-DEBT-4216,Central Government,Domestic Treasury Bond,06/08/2025,15,222410000,13.68,06/08/2040,Long-Term Sovereign Structural Debt,30425688
GHA-DEBT-4217,Central Government,Bilateral Debt,03/07/2022,3,53670000,6.47,03/07/2025,Short-Term Refinancing Risk,3472448.9999999995
GHA-DEBT-4218,VRA (Energy),Eurobond,12/05/2024,7,209180000,9.84,12/05/2031,Medium-Term Exposure,20583312
GHA-DEBT-4219,Central Government,Bilateral Debt,22/04/2024,10,12570000,13.22,22/04/2034,Medium-Term Exposure,1661754.0000000002
GHA-DEBT-4220,GRIDCo (Energy),Eurobond,19/05/2020,30,70390000,6.14,19/05/2050,Long-Term Sovereign Structural Debt,4321946
GHA-DEBT-4221,VRA (Energy),Eurobond,20/10/2022,7,94510000,8.85,20/10/2029,Medium-Term Exposure,8364135
GHA-DEBT-4222,COCOBOD (Agric),Bilateral Debt,13/12/2024,15,204150000,11.25,13/12/2039,Long-Term Sovereign Structural Debt,22966875
GHA-DEBT-4223,Central Government,SOE Guaranteed Loan,23/07/2024,10,178360000,6.62,23/07/2034,Medium-Term Exposure,11807432
GHA-DEBT-4224,Central Government,Bilateral Debt,27/02/2023,3,172380000,12.95,27/02/2026,Short-Term Refinancing Risk,22323210
GHA-DEBT-4225,VRA (Energy),Eurobond,20/05/2022,30,236610000,10.96,20/05/2052,Long-Term Sovereign Structural Debt,25932456
GHA-DEBT-4226,COCOBOD (Agric),Domestic Treasury Bond,24/09/2025,30,50260000,13.65,24/09/2055,Long-Term Sovereign Structural Debt,6860490.000000001
GHA-DEBT-4227,Central Government,Eurobond,06/08/2024,30,89720000,11.53,06/08/2054,Long-Term Sovereign Structural Debt,10344716
GHA-DEBT-4228,GRIDCo (Energy),Bilateral Debt,13/03/2022,30,105260000,9.31,13/03/2052,Long-Term Sovereign Structural Debt,9799706
GHA-DEBT-4229,Central Government,Eurobond,02/02/2021,5,154550000,6.97,02/02/2026,Short-Term Refinancing Risk,10772135
GHA-DEBT-4230,Central Government,SOE Guaranteed Loan,30/11/2021,5,222770000,12.91,30/11/2026,Short-Term Refinancing Risk,28759607
GHA-DEBT-4231,Central Government,Eurobond,20/08/2021,15,78840000,7.55,20/08/2036,Long-Term Sovereign Structural Debt,5952420
GHA-DEBT-4232,GRIDCo (Energy),Bilateral Debt,15/02/2024,5,130400000,11.08,15/02/2029,Short-Term Refinancing Risk,14448320
GHA-DEBT-4233,VRA (Energy),SOE Guaranteed Loan,19/03/2020,30,95880000,9.1,19/03/2050,Long-Term Sovereign Structural Debt,8725080
GHA-DEBT-4234,COCOBOD (Agric),Eurobond,11/02/2023,7,190320000,9.05,11/02/2030,Medium-Term Exposure,17223960.000000004
GHA-DEBT-4235,Central Government,SOE Guaranteed Loan,06/07/2023,3,201440000,14.48,06/07/2026,Short-Term Refinancing Risk,29168512.000000004
GHA-DEBT-4236,Central Government,Bilateral Debt,09/05/2024,5,12060000,6.64,09/05/2029,Short-Term Refinancing Risk,800784
GHA-DEBT-4237,VRA (Energy),Domestic Treasury Bond,22/06/2023,3,13940000,9.73,22/06/2026,Short-Term Refinancing Risk,1356362
GHA-DEBT-4238,Central Government,Domestic Treasury Bond,24/12/2025,15,166770000,12.62,24/12/2040,Long-Term Sovereign Structural Debt,21046373.999999996
GHA-DEBT-4239,Central Government,Domestic Treasury Bond,11/09/2021,30,107690000,5.76,11/09/2051,Long-Term Sovereign Structural Debt,6202944
GHA-DEBT-4240,COCOBOD (Agric),SOE Guaranteed Loan,29/12/2025,10,243630000,9.88,29/12/2035,Medium-Term Exposure,24070644.000000004
GHA-DEBT-4241,Central Government,Bilateral Debt,19/05/2020,15,221310000,7.57,19/05/2035,Long-Term Sovereign Structural Debt,16753167
GHA-DEBT-4242,COCOBOD (Agric),Domestic Treasury Bond,25/05/2023,7,244100000,7.74,25/05/2030,Medium-Term Exposure,18893340
GHA-DEBT-4243,Central Government,Domestic Treasury Bond,17/03/2023,5,94660000,12.54,17/03/2028,Short-Term Refinancing Risk,11870363.999999998
GHA-DEBT-4244,Central Government,Eurobond,24/03/2025,7,86200000,8.72,24/03/2032,Medium-Term Exposure,7516640
GHA-DEBT-4245,Central Government,Domestic Treasury Bond,08/07/2020,5,120280000,11.59,08/07/2025,Short-Term Refinancing Risk,13940452
GHA-DEBT-4246,Central Government,Eurobond,13/03/2023,30,46210000,5.62,13/03/2053,Long-Term Sovereign Structural Debt,2597002
GHA-DEBT-4247,GRIDCo (Energy),Bilateral Debt,02/02/2024,5,117460000,8.09,02/02/2029,Short-Term Refinancing Risk,9502514
GHA-DEBT-4248,Central Government,Bilateral Debt,29/07/2024,7,17090000,9.48,29/07/2031,Medium-Term Exposure,1620132.0000000002
GHA-DEBT-4249,Central Government,SOE Guaranteed Loan,13/08/2025,30,239110000,9.36,13/08/2055,Long-Term Sovereign Structural Debt,22380695.999999996
GHA-DEBT-4250,Central Government,Eurobond,24/12/2022,30,82850000,9.1,24/12/2052,Long-Term Sovereign Structural Debt,7539350
GHA-DEBT-4251,Central Government,Domestic Treasury Bond,12/08/2020,7,80580000,12.96,12/08/2027,Medium-Term Exposure,10443168.000000002
GHA-DEBT-4252,Central Government,Bilateral Debt,13/08/2023,10,204870000,10.23,13/08/2033,Medium-Term Exposure,20958201
GHA-DEBT-4253,Central Government,Eurobond,19/03/2021,15,225970000,6.24,19/03/2036,Long-Term Sovereign Structural Debt,14100528
GHA-DEBT-4254,Central Government,Domestic Treasury Bond,28/03/2023,7,220780000,5.8,28/03/2030,Medium-Term Exposure,12805240
GHA-DEBT-4255,Central Government,Eurobond,15/07/2023,30,122320000,10.67,15/07/2053,Long-Term Sovereign Structural Debt,13051544
GHA-DEBT-4256,GRIDCo (Energy),SOE Guaranteed Loan,16/05/2020,7,201000000,9.99,16/05/2027,Medium-Term Exposure,20079900
GHA-DEBT-4257,Central Government,Domestic Treasury Bond,14/02/2021,15,45070000,10.91,14/02/2036,Long-Term Sovereign Structural Debt,4917137
GHA-DEBT-4258,VRA (Energy),Domestic Treasury Bond,25/02/2021,10,215320000,8.35,25/02/2031,Medium-Term Exposure,17979219.999999996
GHA-DEBT-4259,Central Government,SOE Guaranteed Loan,19/04/2022,3,16540000,10.66,19/04/2025,Short-Term Refinancing Risk,1763164
GHA-DEBT-4260,VRA (Energy),SOE Guaranteed Loan,09/03/2020,15,139600000,11.49,09/03/2035,Long-Term Sovereign Structural Debt,16040040
GHA-DEBT-4261,Central Government,SOE Guaranteed Loan,21/09/2020,15,209430000,5.81,21/09/2035,Long-Term Sovereign Structural Debt,12167883
GHA-DEBT-4262,GRIDCo (Energy),SOE Guaranteed Loan,20/09/2023,3,90810000,13.9,20/09/2026,Short-Term Refinancing Risk,12622590.000000002
GHA-DEBT-4263,VRA (Energy),Eurobond,06/02/2025,30,99760000,8.82,06/02/2055,Long-Term Sovereign Structural Debt,8798832
GHA-DEBT-4264,GRA (Revenue),SOE Guaranteed Loan,16/07/2023,7,242160000,6.75,16/07/2030,Medium-Term Exposure,16345800.000000002
GHA-DEBT-4265,Central Government,Bilateral Debt,25/02/2022,30,8000000,12.61,25/02/2052,Long-Term Sovereign Structural Debt,1008799.9999999999
GHA-DEBT-4266,Central Government,Bilateral Debt,22/05/2022,7,105620000,8.97,22/05/2029,Medium-Term Exposure,9474114
GHA-DEBT-4267,Central Government,Bilateral Debt,04/10/2024,3,166840000,12.98,04/10/2027,Short-Term Refinancing Risk,21655832
GHA-DEBT-4268,Central Government,Eurobond,06/02/2020,30,135950000,7.46,06/02/2050,Long-Term Sovereign Structural Debt,10141870
GHA-DEBT-4269,Central Government,Domestic Treasury Bond,19/02/2022,5,76330000,7.29,19/02/2027,Short-Term Refinancing Risk,5564457.000000001
GHA-DEBT-4270,Central Government,Eurobond,22/08/2021,15,142390000,7.75,22/08/2036,Long-Term Sovereign Structural Debt,11035225
GHA-DEBT-4271,Central Government,Domestic Treasury Bond,20/01/2022,30,177790000,7.38,20/01/2052,Long-Term Sovereign Structural Debt,13120902
GHA-DEBT-4272,Central Government,SOE Guaranteed Loan,03/01/2024,10,186960000,5.59,03/01/2034,Medium-Term Exposure,10451064
GHA-DEBT-4273,GRA (Revenue),Eurobond,14/01/2020,3,203690000,14.32,14/01/2023,Short-Term Refinancing Risk,29168408
GHA-DEBT-4274,Central Government,Bilateral Debt,15/12/2024,7,104480000,8.91,15/12/2031,Medium-Term Exposure,9309168
GHA-DEBT-4275,GRIDCo (Energy),Eurobond,28/10/2023,5,14600000,13.07,28/10/2028,Short-Term Refinancing Risk,1908220.0000000002
GHA-DEBT-4276,COCOBOD (Agric),Bilateral Debt,03/07/2020,7,81500000,7.88,03/07/2027,Medium-Term Exposure,6422200
GHA-DEBT-4277,Central Government,Domestic Treasury Bond,13/05/2025,30,57110000,14.11,13/05/2055,Long-Term Sovereign Structural Debt,8058221
GHA-DEBT-4278,Central Government,SOE Guaranteed Loan,15/12/2023,15,56300000,9.31,15/12/2038,Long-Term Sovereign Structural Debt,5241530
GHA-DEBT-4279,Central Government,Bilateral Debt,14/10/2023,5,221450000,12.73,14/10/2028,Short-Term Refinancing Risk,28190585
GHA-DEBT-4280,Central Government,Eurobond,17/06/2020,15,194700000,6.14,17/06/2035,Long-Term Sovereign Structural Debt,11954580
GHA-DEBT-4281,VRA (Energy),Domestic Treasury Bond,15/08/2020,10,67420000,7.67,15/08/2030,Medium-Term Exposure,5171114
GHA-DEBT-4282,VRA (Energy),Bilateral Debt,12/07/2021,7,85500000,10.17,12/07/2028,Medium-Term Exposure,8695350
GHA-DEBT-4283,COCOBOD (Agric),Eurobond,25/09/2023,5,135110000,8.5,25/09/2028,Short-Term Refinancing Risk,11484350
GHA-DEBT-4284,Central Government,Domestic Treasury Bond,15/11/2024,10,113990000,6.77,15/11/2034,Medium-Term Exposure,7717123
GHA-DEBT-4285,GRIDCo (Energy),Domestic Treasury Bond,09/05/2023,30,118880000,8.18,09/05/2053,Long-Term Sovereign Structural Debt,9724384
GHA-DEBT-4286,Central Government,Eurobond,26/11/2025,5,237070000,8.28,26/11/2030,Short-Term Refinancing Risk,19629396
GHA-DEBT-4287,Central Government,Eurobond,14/09/2020,3,185960000,13.99,14/09/2023,Short-Term Refinancing Risk,26015804
GHA-DEBT-4288,Central Government,Domestic Treasury Bond,30/11/2023,15,156740000,8.34,30/11/2038,Long-Term Sovereign Structural Debt,13072116
GHA-DEBT-4289,Central Government,Eurobond,17/12/2020,3,220130000,11.69,17/12/2023,Short-Term Refinancing Risk,25733196.999999996
GHA-DEBT-4290,Central Government,Eurobond,23/12/2024,10,105150000,10.17,23/12/2034,Medium-Term Exposure,10693755
GHA-DEBT-4291,Central Government,Bilateral Debt,19/06/2023,15,23670000,12.05,19/06/2038,Long-Term Sovereign Structural Debt,2852235.0000000005
GHA-DEBT-4292,COCOBOD (Agric),Bilateral Debt,16/05/2025,10,229740000,14.12,16/05/2035,Medium-Term Exposure,32439288
GHA-DEBT-4293,Central Government,SOE Guaranteed Loan,29/07/2023,5,186880000,13.44,29/07/2028,Short-Term Refinancing Risk,25116672
GHA-DEBT-4294,VRA (Energy),Domestic Treasury Bond,07/06/2020,3,186450000,8.02,07/06/2023,Short-Term Refinancing Risk,14953289.999999998
GHA-DEBT-4295,Central Government,SOE Guaranteed Loan,11/06/2021,3,165350000,6.63,11/06/2024,Short-Term Refinancing Risk,10962705
GHA-DEBT-4296,Central Government,Eurobond,17/07/2020,10,173530000,10.09,17/07/2030,Medium-Term Exposure,17509177
GHA-DEBT-4297,VRA (Energy),Bilateral Debt,29/04/2022,15,6220000,13.2,29/04/2037,Long-Term Sovereign Structural Debt,821040
GHA-DEBT-4298,Central Government,Domestic Treasury Bond,09/05/2020,5,216720000,11.81,09/05/2025,Short-Term Refinancing Risk,25594632.000000004
GHA-DEBT-4299,Central Government,Eurobond,19/07/2022,7,220420000,5.66,19/07/2029,Medium-Term Exposure,12475772.000000002
GHA-DEBT-4300,Central Government,SOE Guaranteed Loan,10/08/2024,10,110790000,8.81,10/08/2034,Medium-Term Exposure,9760599.000000002
GHA-DEBT-4301,Central Government,SOE Guaranteed Loan,08/03/2023,7,145820000,6.12,08/03/2030,Medium-Term Exposure,8924184
GHA-DEBT-4302,Central Government,Eurobond,28/04/2023,3,55680000,11.81,28/04/2026,Short-Term Refinancing Risk,6575808.000000001
GHA-DEBT-4303,Central Government,SOE Guaranteed Loan,08/07/2020,30,177630000,13.67,08/07/2050,Long-Term Sovereign Structural Debt,24282020.999999996
GHA-DEBT-4304,VRA (Energy),Eurobond,10/02/2025,7,162660000,6.54,10/02/2032,Medium-Term Exposure,10637964
GHA-DEBT-4305,COCOBOD (Agric),Domestic Treasury Bond,11/12/2024,15,51020000,6.22,11/12/2039,Long-Term Sovereign Structural Debt,3173444
GHA-DEBT-4306,COCOBOD (Agric),Eurobond,09/10/2020,15,84540000,9.5,09/10/2035,Long-Term Sovereign Structural Debt,8031300
GHA-DEBT-4307,VRA (Energy),Bilateral Debt,15/12/2022,5,72010000,13.84,15/12/2027,Short-Term Refinancing Risk,9966184
GHA-DEBT-4308,VRA (Energy),Bilateral Debt,17/10/2021,30,80300000,9.41,17/10/2051,Long-Term Sovereign Structural Debt,7556230
GHA-DEBT-4309,VRA (Energy),Eurobond,26/06/2021,5,29740000,6.01,26/06/2026,Short-Term Refinancing Risk,1787374
GHA-DEBT-4310,Central Government,SOE Guaranteed Loan,21/10/2020,5,64120000,11.45,21/10/2025,Short-Term Refinancing Risk,7341739.999999999
GHA-DEBT-4311,Central Government,SOE Guaranteed Loan,22/03/2022,10,125310000,9.17,22/03/2032,Medium-Term Exposure,11490927
GHA-DEBT-4312,Central Government,Eurobond,23/12/2021,10,100720000,6.84,23/12/2031,Medium-Term Exposure,6889248
GHA-DEBT-4313,Central Government,Eurobond,15/02/2024,5,249040000,10.31,15/02/2029,Short-Term Refinancing Risk,25676024.000000004
GHA-DEBT-4314,Central Government,SOE Guaranteed Loan,18/12/2023,7,198490000,11.41,18/12/2030,Medium-Term Exposure,22647709
GHA-DEBT-4315,Central Government,Eurobond,18/10/2020,3,139450000,7.27,18/10/2023,Short-Term Refinancing Risk,10138015
GHA-DEBT-4316,VRA (Energy),Bilateral Debt,15/10/2024,15,54260000,6.32,15/10/2039,Long-Term Sovereign Structural Debt,3429232.0000000005
GHA-DEBT-4317,Central Government,Bilateral Debt,13/08/2021,5,92720000,12.32,13/08/2026,Short-Term Refinancing Risk,11423104
GHA-DEBT-4318,Central Government,Domestic Treasury Bond,09/06/2023,30,228370000,6.63,09/06/2053,Long-Term Sovereign Structural Debt,15140931
GHA-DEBT-4319,Central Government,Bilateral Debt,27/09/2021,10,191040000,7.78,27/09/2031,Medium-Term Exposure,14862912.000000002
GHA-DEBT-4320,Central Government,Domestic Treasury Bond,21/11/2020,7,33350000,13.39,21/11/2027,Medium-Term Exposure,4465565.000000001
GHA-DEBT-4321,GRIDCo (Energy),Domestic Treasury Bond,21/05/2023,10,181430000,9.32,21/05/2033,Medium-Term Exposure,16909276
GHA-DEBT-4322,COCOBOD (Agric),Eurobond,29/02/2020,7,112090000,8.68,NA,Medium-Term Exposure,9729412
GHA-DEBT-4323,Central Government,SOE Guaranteed Loan,19/01/2025,10,12170000,13.35,19/01/2035,Medium-Term Exposure,1624695
GHA-DEBT-4324,GRIDCo (Energy),Eurobond,17/06/2022,30,44440000,6.98,17/06/2052,Long-Term Sovereign Structural Debt,3101912
GHA-DEBT-4325,Central Government,Eurobond,12/01/2025,7,28160000,11.6,12/01/2032,Medium-Term Exposure,3266560
GHA-DEBT-4326,Central Government,SOE Guaranteed Loan,12/12/2025,15,46810000,12.93,12/12/2040,Long-Term Sovereign Structural Debt,6052533
GHA-DEBT-4327,COCOBOD (Agric),Domestic Treasury Bond,18/12/2025,15,185470000,14.19,18/12/2040,Long-Term Sovereign Structural Debt,26318193
GHA-DEBT-4328,GRIDCo (Energy),Eurobond,16/02/2021,30,56030000,11.38,16/02/2051,Long-Term Sovereign Structural Debt,6376214.000000001
GHA-DEBT-4329,GRIDCo (Energy),SOE Guaranteed Loan,16/10/2023,7,79570000,9.47,16/10/2030,Medium-Term Exposure,7535279.000000001
GHA-DEBT-4330,Central Government,SOE Guaranteed Loan,03/05/2020,15,182020000,11.15,03/05/2035,Long-Term Sovereign Structural Debt,20295230
GHA-DEBT-4331,Central Government,Eurobond,06/01/2025,30,175280000,7.14,06/01/2055,Long-Term Sovereign Structural Debt,12514991.999999998
GHA-DEBT-4332,Central Government,SOE Guaranteed Loan,10/05/2024,15,51190000,7.22,10/05/2039,Long-Term Sovereign Structural Debt,3695918
GHA-DEBT-4333,COCOBOD (Agric),Eurobond,24/01/2023,15,132840000,10.16,24/01/2038,Long-Term Sovereign Structural Debt,13496544
GHA-DEBT-4334,Central Government,SOE Guaranteed Loan,03/02/2024,5,30210000,11.68,03/02/2029,Short-Term Refinancing Risk,3528528
GHA-DEBT-4335,Central Government,SOE Guaranteed Loan,16/04/2024,7,146090000,14.34,16/04/2031,Medium-Term Exposure,20949306
GHA-DEBT-4336,Central Government,SOE Guaranteed Loan,14/08/2025,7,237060000,14.43,14/08/2032,Medium-Term Exposure,34207757.99999999
GHA-DEBT-4337,Central Government,Eurobond,05/06/2023,5,23900000,7.23,05/06/2028,Short-Term Refinancing Risk,1727970
GHA-DEBT-4338,Central Government,Domestic Treasury Bond,05/12/2023,30,78550000,12.07,05/12/2053,Long-Term Sovereign Structural Debt,9480985
GHA-DEBT-4339,GRA (Revenue),Bilateral Debt,28/06/2020,7,44300000,5.74,28/06/2027,Medium-Term Exposure,2542820
GHA-DEBT-4340,COCOBOD (Agric),Domestic Treasury Bond,01/04/2025,30,30640000,6.05,01/04/2055,Long-Term Sovereign Structural Debt,1853720
GHA-DEBT-4341,Central Government,SOE Guaranteed Loan,25/08/2022,7,32910000,6.77,25/08/2029,Medium-Term Exposure,2228007
GHA-DEBT-4342,VRA (Energy),SOE Guaranteed Loan,21/01/2024,10,199250000,6.94,21/01/2034,Medium-Term Exposure,13827950
GHA-DEBT-4343,Central Government,Domestic Treasury Bond,23/02/2025,30,218380000,6.86,23/02/2055,Long-Term Sovereign Structural Debt,14980868.000000002
GHA-DEBT-4344,Central Government,Bilateral Debt,19/10/2021,7,20990000,10.47,19/10/2028,Medium-Term Exposure,2197653
GHA-DEBT-4345,GRIDCo (Energy),Eurobond,13/11/2022,5,119890000,11.03,13/11/2027,Short-Term Refinancing Risk,13223867
GHA-DEBT-4346,Central Government,Bilateral Debt,16/10/2020,10,171610000,7.29,16/10/2030,Medium-Term Exposure,12510369.000000002
GHA-DEBT-4347,Central Government,SOE Guaranteed Loan,27/03/2020,5,137880000,10.29,27/03/2025,Short-Term Refinancing Risk,14187851.999999998
GHA-DEBT-4348,GRIDCo (Energy),Bilateral Debt,10/04/2020,7,157140000,11.25,10/04/2027,Medium-Term Exposure,17678250
GHA-DEBT-4349,VRA (Energy),Bilateral Debt,18/06/2022,7,246630000,11.83,18/06/2029,Medium-Term Exposure,29176329
GHA-DEBT-4350,Central Government,Domestic Treasury Bond,15/03/2022,10,171550000,13.14,15/03/2032,Medium-Term Exposure,22541670.000000004
GHA-DEBT-4351,Central Government,Domestic Treasury Bond,10/03/2024,30,113610000,12.85,10/03/2054,Long-Term Sovereign Structural Debt,14598885
GHA-DEBT-4352,GRIDCo (Energy),Eurobond,23/02/2020,5,139890000,7.55,23/02/2025,Short-Term Refinancing Risk,10561695
GHA-DEBT-4353,VRA (Energy),Eurobond,24/09/2025,3,115260000,6.78,24/09/2028,Short-Term Refinancing Risk,7814628
GHA-DEBT-4354,Central Government,Eurobond,30/08/2023,7,132180000,6.1,30/08/2030,Medium-Term Exposure,8062980
GHA-DEBT-4355,COCOBOD (Agric),Bilateral Debt,25/03/2022,3,23330000,5.51,25/03/2025,Short-Term Refinancing Risk,1285483
GHA-DEBT-4356,GRIDCo (Energy),SOE Guaranteed Loan,11/10/2020,5,169880000,11.74,11/10/2025,Short-Term Refinancing Risk,19943912
GHA-DEBT-4357,Central Government,Bilateral Debt,16/10/2024,5,2830000,9.3,16/10/2029,Short-Term Refinancing Risk,263190.00000000006
GHA-DEBT-4358,Central Government,Domestic Treasury Bond,15/04/2024,15,147230000,10.34,15/04/2039,Long-Term Sovereign Structural Debt,15223581.999999998
GHA-DEBT-4359,Central Government,Domestic Treasury Bond,03/07/2021,5,124410000,9.6,03/07/2026,Short-Term Refinancing Risk,11943360
GHA-DEBT-4360,VRA (Energy),SOE Guaranteed Loan,16/08/2023,10,159230000,5.54,16/08/2033,Medium-Term Exposure,8821342
GHA-DEBT-4361,Central Government,Bilateral Debt,29/06/2021,15,112840000,12.31,29/06/2036,Long-Term Sovereign Structural Debt,13890604
GHA-DEBT-4362,VRA (Energy),Domestic Treasury Bond,13/09/2023,15,13220000,11.14,13/09/2038,Long-Term Sovereign Structural Debt,1472708
GHA-DEBT-4363,VRA (Energy),Bilateral Debt,28/01/2023,10,115740000,6.72,28/01/2033,Medium-Term Exposure,7777727.999999999
GHA-DEBT-4364,Central Government,Bilateral Debt,03/12/2023,15,134660000,9.76,03/12/2038,Long-Term Sovereign Structural Debt,13142815.999999998
GHA-DEBT-4365,GRIDCo (Energy),SOE Guaranteed Loan,15/08/2025,10,167380000,6.45,15/08/2035,Medium-Term Exposure,10796010
GHA-DEBT-4366,Central Government,Domestic Treasury Bond,02/02/2021,7,244010000,7.88,02/02/2028,Medium-Term Exposure,19227988
GHA-DEBT-4367,Central Government,SOE Guaranteed Loan,28/07/2020,10,244740000,12.38,28/07/2030,Medium-Term Exposure,30298812
GHA-DEBT-4368,Central Government,SOE Guaranteed Loan,12/07/2025,30,146290000,12.32,12/07/2055,Long-Term Sovereign Structural Debt,18022928
GHA-DEBT-4369,Central Government,Domestic Treasury Bond,28/11/2022,15,240970000,14.47,28/11/2037,Long-Term Sovereign Structural Debt,34868359
GHA-DEBT-4370,Central Government,Eurobond,03/07/2021,15,29010000,8.2,03/07/2036,Long-Term Sovereign Structural Debt,2378819.9999999995
GHA-DEBT-4371,COCOBOD (Agric),Domestic Treasury Bond,23/09/2024,15,207030000,13.62,23/09/2039,Long-Term Sovereign Structural Debt,28197485.999999996
GHA-DEBT-4372,GRIDCo (Energy),Domestic Treasury Bond,30/03/2024,15,75630000,13.4,30/03/2039,Long-Term Sovereign Structural Debt,10134420
GHA-DEBT-4373,COCOBOD (Agric),Bilateral Debt,07/01/2020,15,3930000,7.89,07/01/2035,Long-Term Sovereign Structural Debt,310077
GHA-DEBT-4374,Central Government,Domestic Treasury Bond,18/08/2022,30,243610000,9.1,18/08/2052,Long-Term Sovereign Structural Debt,22168510
GHA-DEBT-4375,Central Government,Domestic Treasury Bond,18/09/2022,10,24230000,7.83,18/09/2032,Medium-Term Exposure,1897208.9999999998
GHA-DEBT-4376,Central Government,Domestic Treasury Bond,28/04/2023,3,129740000,5.54,28/04/2026,Short-Term Refinancing Risk,7187596
GHA-DEBT-4377,Central Government,Domestic Treasury Bond,04/06/2020,5,174130000,13.1,04/06/2025,Short-Term Refinancing Risk,22811030
GHA-DEBT-4378,VRA (Energy),Domestic Treasury Bond,04/11/2025,5,239020000,7.2,04/11/2030,Short-Term Refinancing Risk,17209440.000000004
GHA-DEBT-4379,Central Government,Domestic Treasury Bond,12/10/2023,10,205780000,12.79,12/10/2033,Medium-Term Exposure,26319261.999999996
GHA-DEBT-4380,Central Government,SOE Guaranteed Loan,21/11/2021,7,111790000,6.48,21/11/2028,Medium-Term Exposure,7243992.000000001
GHA-DEBT-4381,Central Government,Eurobond,29/07/2020,3,69050000,8.79,29/07/2023,Short-Term Refinancing Risk,6069494.999999999
GHA-DEBT-4382,Central Government,SOE Guaranteed Loan,23/09/2025,7,226030000,12.41,23/09/2032,Medium-Term Exposure,28050323
GHA-DEBT-4383,GRIDCo (Energy),Eurobond,25/12/2021,10,160380000,5.91,25/12/2031,Medium-Term Exposure,9478458
GHA-DEBT-4384,VRA (Energy),Bilateral Debt,10/06/2022,30,32600000,14.4,10/06/2052,Long-Term Sovereign Structural Debt,4694400.000000001
GHA-DEBT-4385,Central Government,Eurobond,20/10/2021,10,204220000,7.83,20/10/2031,Medium-Term Exposure,15990425.999999998
GHA-DEBT-4386,Central Government,Eurobond,30/01/2025,30,160540000,14.38,30/01/2055,Long-Term Sovereign Structural Debt,23085652
GHA-DEBT-4387,Central Government,SOE Guaranteed Loan,23/03/2021,10,5920000,7.56,23/03/2031,Medium-Term Exposure,447552
GHA-DEBT-4388,GRIDCo (Energy),Domestic Treasury Bond,02/09/2023,7,3790000,6.96,02/09/2030,Medium-Term Exposure,263784
GHA-DEBT-4389,GRIDCo (Energy),Bilateral Debt,19/11/2024,30,185910000,7.5,19/11/2054,Long-Term Sovereign Structural Debt,13943250
GHA-DEBT-4390,VRA (Energy),Eurobond,24/12/2020,3,51470000,12.03,24/12/2023,Short-Term Refinancing Risk,6191840.999999999
GHA-DEBT-4391,VRA (Energy),Bilateral Debt,06/02/2024,30,169160000,9.91,06/02/2054,Long-Term Sovereign Structural Debt,16763756.000000002
GHA-DEBT-4392,Central Government,Domestic Treasury Bond,12/11/2023,10,75340000,13.02,12/11/2033,Medium-Term Exposure,9809267.999999998
GHA-DEBT-4393,GRA (Revenue),Domestic Treasury Bond,04/12/2020,30,177490000,14.43,04/12/2050,Long-Term Sovereign Structural Debt,25611806.999999996
GHA-DEBT-4394,Central Government,Domestic Treasury Bond,10/04/2021,30,4790000,8.61,10/04/2051,Long-Term Sovereign Structural Debt,412419
GHA-DEBT-4395,Central Government,Bilateral Debt,05/04/2025,3,219870000,9.27,05/04/2028,Short-Term Refinancing Risk,20381948.999999996
GHA-DEBT-4396,Central Government,Domestic Treasury Bond,10/12/2020,10,212470000,8.4,10/12/2030,Medium-Term Exposure,17847480
GHA-DEBT-4397,Central Government,Eurobond,30/04/2023,5,194300000,9.07,30/04/2028,Short-Term Refinancing Risk,17623010
GHA-DEBT-4398,Central Government,Eurobond,08/03/2025,15,173540000,9.9,08/03/2040,Long-Term Sovereign Structural Debt,17180460
GHA-DEBT-4399,VRA (Energy),Domestic Treasury Bond,29/06/2024,7,11520000,11.03,29/06/2031,Medium-Term Exposure,1270656
GHA-DEBT-4400,Central Government,Domestic Treasury Bond,20/02/2023,5,39320000,6.07,20/02/2028,Short-Term Refinancing Risk,2386724
GHA-DEBT-4401,COCOBOD (Agric),Domestic Treasury Bond,11/11/2025,5,22910000,6.17,11/11/2030,Short-Term Refinancing Risk,1413547
GHA-DEBT-4402,GRIDCo (Energy),Domestic Treasury Bond,30/10/2022,10,237100000,6.9,30/10/2032,Medium-Term Exposure,16359900.000000002
GHA-DEBT-4403,Central Government,SOE Guaranteed Loan,17/03/2021,3,7730000,13.81,17/03/2024,Short-Term Refinancing Risk,1067513
GHA-DEBT-4404,Central Government,Eurobond,21/10/2024,30,5010000,5.54,21/10/2054,Long-Term Sovereign Structural Debt,277554
GHA-DEBT-4405,Central Government,Eurobond,08/12/2022,10,1510000,13.93,08/12/2032,Medium-Term Exposure,210343
GHA-DEBT-4406,VRA (Energy),SOE Guaranteed Loan,28/08/2024,30,37520000,5.6,28/08/2054,Long-Term Sovereign Structural Debt,2101120
GHA-DEBT-4407,Central Government,Domestic Treasury Bond,28/01/2023,15,41480000,9.73,28/01/2038,Long-Term Sovereign Structural Debt,4036004
GHA-DEBT-4408,VRA (Energy),Domestic Treasury Bond,18/06/2022,5,23800000,12.69,18/06/2027,Short-Term Refinancing Risk,3020219.9999999995
GHA-DEBT-4409,Central Government,Bilateral Debt,19/10/2024,15,99440000,8.92,19/10/2039,Long-Term Sovereign Structural Debt,8870048
GHA-DEBT-4410,Central Government,Eurobond,05/05/2023,15,77990000,8.6,05/05/2038,Long-Term Sovereign Structural Debt,6707139.999999999
GHA-DEBT-4411,VRA (Energy),Domestic Treasury Bond,28/12/2022,3,116040000,9.56,28/12/2025,Short-Term Refinancing Risk,11093424
GHA-DEBT-4412,Central Government,Eurobond,27/09/2024,10,109670000,12.05,27/09/2034,Medium-Term Exposure,13215235.000000002
GHA-DEBT-4413,Central Government,Bilateral Debt,05/06/2024,30,163700000,10.93,05/06/2054,Long-Term Sovereign Structural Debt,17892410
GHA-DEBT-4414,Central Government,Bilateral Debt,25/05/2024,10,182780000,10.54,25/05/2034,Medium-Term Exposure,19265012
GHA-DEBT-4415,VRA (Energy),Bilateral Debt,07/10/2022,7,207350000,11.63,07/10/2029,Medium-Term Exposure,24114805.000000004
GHA-DEBT-4416,GRA (Revenue),Bilateral Debt,08/09/2025,30,188630000,8.98,08/09/2055,Long-Term Sovereign Structural Debt,16938974
GHA-DEBT-4417,Central Government,Eurobond,24/10/2021,10,123120000,9.27,24/10/2031,Medium-Term Exposure,11413223.999999998
GHA-DEBT-4418,Central Government,Eurobond,15/08/2025,10,177690000,14.27,15/08/2035,Medium-Term Exposure,25356363
GHA-DEBT-4419,Central Government,Bilateral Debt,11/05/2023,7,173330000,7.21,11/05/2030,Medium-Term Exposure,12497093
GHA-DEBT-4420,VRA (Energy),SOE Guaranteed Loan,08/03/2022,7,43930000,6.11,08/03/2029,Medium-Term Exposure,2684123
GHA-DEBT-4421,Central Government,Eurobond,29/11/2025,30,104830000,8.37,29/11/2055,Long-Term Sovereign Structural Debt,8774271
GHA-DEBT-4422,Central Government,Domestic Treasury Bond,06/01/2023,5,197920000,7.83,06/01/2028,Short-Term Refinancing Risk,15497135.999999998
GHA-DEBT-4423,GRA (Revenue),Eurobond,30/09/2024,15,166760000,8.41,30/09/2039,Long-Term Sovereign Structural Debt,14024516.000000002
GHA-DEBT-4424,VRA (Energy),Bilateral Debt,23/08/2023,15,182520000,13.6,23/08/2038,Long-Term Sovereign Structural Debt,24822720
GHA-DEBT-4425,COCOBOD (Agric),Eurobond,30/08/2021,10,206770000,6.51,30/08/2031,Medium-Term Exposure,13460726.999999998
GHA-DEBT-4426,Central Government,Bilateral Debt,19/02/2024,5,244340000,9.19,19/02/2029,Short-Term Refinancing Risk,22454846
GHA-DEBT-4427,Central Government,Domestic Treasury Bond,10/08/2020,7,29680000,12.57,10/08/2027,Medium-Term Exposure,3730776
GHA-DEBT-4428,GRIDCo (Energy),Domestic Treasury Bond,03/06/2023,10,34860000,7.68,03/06/2033,Medium-Term Exposure,2677247.9999999995
GHA-DEBT-4429,GRIDCo (Energy),Eurobond,13/11/2022,30,166040000,9.24,13/11/2052,Long-Term Sovereign Structural Debt,15342096
GHA-DEBT-4430,VRA (Energy),Domestic Treasury Bond,06/09/2023,7,215990000,10.03,06/09/2030,Medium-Term Exposure,21663797
GHA-DEBT-4431,GRIDCo (Energy),Domestic Treasury Bond,08/04/2023,7,171340000,8.92,08/04/2030,Medium-Term Exposure,15283528
GHA-DEBT-4432,Central Government,Eurobond,18/08/2022,5,18730000,10.33,18/08/2027,Short-Term Refinancing Risk,1934809
GHA-DEBT-4433,Central Government,Domestic Treasury Bond,05/07/2020,7,239700000,12.03,05/07/2027,Medium-Term Exposure,28835909.999999996
GHA-DEBT-4434,Central Government,Domestic Treasury Bond,04/05/2020,30,61740000,14.33,04/05/2050,Long-Term Sovereign Structural Debt,8847342
GHA-DEBT-4435,Central Government,Domestic Treasury Bond,22/11/2023,5,129030000,6.42,22/11/2028,Short-Term Refinancing Risk,8283725.999999999
GHA-DEBT-4436,Central Government,Domestic Treasury Bond,29/08/2022,5,201920000,6.39,29/08/2027,Short-Term Refinancing Risk,12902688
GHA-DEBT-4437,Central Government,SOE Guaranteed Loan,10/08/2020,3,23630000,12.39,10/08/2023,Short-Term Refinancing Risk,2927757.0000000005
GHA-DEBT-4438,VRA (Energy),Eurobond,21/08/2024,30,80600000,7.38,21/08/2054,Long-Term Sovereign Structural Debt,5948280
GHA-DEBT-4439,VRA (Energy),Bilateral Debt,16/10/2025,5,59100000,10.01,16/10/2030,Short-Term Refinancing Risk,5915910
GHA-DEBT-4440,Central Government,Bilateral Debt,16/02/2020,3,94990000,10.75,16/02/2023,Short-Term Refinancing Risk,10211425
GHA-DEBT-4441,Central Government,SOE Guaranteed Loan,27/08/2020,7,31580000,13.44,27/08/2027,Medium-Term Exposure,4244352
GHA-DEBT-4442,GRIDCo (Energy),SOE Guaranteed Loan,07/04/2023,15,17740000,10.33,07/04/2038,Long-Term Sovereign Structural Debt,1832542
GHA-DEBT-4443,GRIDCo (Energy),SOE Guaranteed Loan,10/07/2023,5,82030000,14.44,10/07/2028,Short-Term Refinancing Risk,11845132
GHA-DEBT-4444,Central Government,Bilateral Debt,25/08/2021,7,8920000,14.38,25/08/2028,Medium-Term Exposure,1282696
GHA-DEBT-4445,Central Government,Eurobond,21/03/2025,30,199230000,6.58,21/03/2055,Long-Term Sovereign Structural Debt,13109334
GHA-DEBT-4446,VRA (Energy),Bilateral Debt,13/02/2024,3,234060000,12.02,13/02/2027,Short-Term Refinancing Risk,28134012
GHA-DEBT-4447,GRIDCo (Energy),SOE Guaranteed Loan,08/03/2022,30,141100000,6.19,08/03/2052,Long-Term Sovereign Structural Debt,8734090
GHA-DEBT-4448,Unspecified SOE,Domestic Treasury Bond,13/07/2023,3,76280000,7.96,13/07/2026,Short-Term Refinancing Risk,6071888
GHA-DEBT-4449,COCOBOD (Agric),Domestic Treasury Bond,08/02/2022,15,179440000,10.57,08/02/2037,Long-Term Sovereign Structural Debt,18966808
GHA-DEBT-4450,GRIDCo (Energy),SOE Guaranteed Loan,30/06/2024,7,92650000,11.2,30/06/2031,Medium-Term Exposure,10376799.999999998
GHA-DEBT-4451,Central Government,Domestic Treasury Bond,11/12/2023,15,222610000,6.5,11/12/2038,Long-Term Sovereign Structural Debt,14469650
GHA-DEBT-4452,Central Government,Bilateral Debt,17/05/2021,15,30450000,6.42,17/05/2036,Long-Term Sovereign Structural Debt,1954889.9999999998
GHA-DEBT-4453,GRIDCo (Energy),Eurobond,05/02/2021,7,51940000,13.51,05/02/2028,Medium-Term Exposure,7017094
GHA-DEBT-4454,Central Government,Domestic Treasury Bond,03/06/2021,30,220640000,13.96,03/06/2051,Long-Term Sovereign Structural Debt,30801344
GHA-DEBT-4455,Central Government,SOE Guaranteed Loan,10/09/2024,30,25370000,11.7,10/09/2054,Long-Term Sovereign Structural Debt,2968290
GHA-DEBT-4456,Central Government,Domestic Treasury Bond,11/09/2023,5,197510000,8.67,11/09/2028,Short-Term Refinancing Risk,17124117
GHA-DEBT-4457,Central Government,Eurobond,20/08/2022,30,85060000,5.77,20/08/2052,Long-Term Sovereign Structural Debt,4907961.999999999
GHA-DEBT-4458,GRA (Revenue),Domestic Treasury Bond,14/06/2025,10,125070000,6.06,14/06/2035,Medium-Term Exposure,7579241.999999999
GHA-DEBT-4459,Central Government,Domestic Treasury Bond,04/06/2022,5,51380000,9.82,04/06/2027,Short-Term Refinancing Risk,5045516.000000001
GHA-DEBT-4460,GRIDCo (Energy),SOE Guaranteed Loan,31/10/2020,15,159920000,6.02,31/10/2035,Long-Term Sovereign Structural Debt,9627184
GHA-DEBT-4461,Central Government,Eurobond,26/03/2024,15,220940000,7.76,26/03/2039,Long-Term Sovereign Structural Debt,17144944
GHA-DEBT-4462,Central Government,Bilateral Debt,17/02/2020,10,84800000,7.77,17/02/2030,Medium-Term Exposure,6588959.999999999
GHA-DEBT-4463,Central Government,SOE Guaranteed Loan,16/02/2022,30,130340000,7.11,16/02/2052,Long-Term Sovereign Structural Debt,9267174
GHA-DEBT-4464,COCOBOD (Agric),Bilateral Debt,01/11/2025,3,218330000,5.72,01/11/2028,Short-Term Refinancing Risk,12488476
GHA-DEBT-4465,COCOBOD (Agric),Bilateral Debt,06/01/2020,5,234350000,8.24,06/01/2025,Short-Term Refinancing Risk,19310440
GHA-DEBT-4466,Central Government,SOE Guaranteed Loan,04/11/2022,7,184160000,8.15,04/11/2029,Medium-Term Exposure,15009040
GHA-DEBT-4467,Central Government,Bilateral Debt,23/04/2021,3,210020000,6.68,23/04/2024,Short-Term Refinancing Risk,14029336
GHA-DEBT-4468,Central Government,Eurobond,19/10/2022,5,167850000,10.92,19/10/2027,Short-Term Refinancing Risk,18329220
GHA-DEBT-4469,Central Government,SOE Guaranteed Loan,04/11/2023,3,173610000,11,04/11/2026,Short-Term Refinancing Risk,19097100
GHA-DEBT-4470,VRA (Energy),Domestic Treasury Bond,14/08/2022,10,24840000,7.07,14/08/2032,Medium-Term Exposure,1756188
GHA-DEBT-4471,VRA (Energy),Domestic Treasury Bond,20/04/2023,30,23960000,13.96,20/04/2053,Long-Term Sovereign Structural Debt,3344816
GHA-DEBT-4472,GRIDCo (Energy),Eurobond,11/08/2021,5,128550000,14.37,11/08/2026,Short-Term Refinancing Risk,18472635
GHA-DEBT-4473,COCOBOD (Agric),Domestic Treasury Bond,06/02/2020,10,89410000,11.9,06/02/2030,Medium-Term Exposure,10639790
GHA-DEBT-4474,Central Government,SOE Guaranteed Loan,23/04/2025,10,111830000,12.46,23/04/2035,Medium-Term Exposure,13934018
GHA-DEBT-4475,Central Government,Domestic Treasury Bond,16/11/2023,15,96630000,12.23,16/11/2038,Long-Term Sovereign Structural Debt,11817849
GHA-DEBT-4476,Central Government,Bilateral Debt,24/07/2024,3,120960000,7.56,24/07/2027,Short-Term Refinancing Risk,9144576
GHA-DEBT-4477,Central Government,Domestic Treasury Bond,30/08/2020,3,46820000,9.25,30/08/2023,Short-Term Refinancing Risk,4330850
GHA-DEBT-4478,Central Government,Domestic Treasury Bond,04/10/2020,7,153220000,7.38,04/10/2027,Medium-Term Exposure,11307636
GHA-DEBT-4479,Central Government,Domestic Treasury Bond,05/06/2022,5,207590000,7.67,05/06/2027,Short-Term Refinancing Risk,15922153
GHA-DEBT-4480,Central Government,Bilateral Debt,28/10/2025,30,198690000,12.51,28/10/2055,Long-Term Sovereign Structural Debt,24856118.999999996
GHA-DEBT-4481,GRIDCo (Energy),Domestic Treasury Bond,09/06/2020,10,53760000,13.83,09/06/2030,Medium-Term Exposure,7435008
GHA-DEBT-4482,Central Government,Domestic Treasury Bond,22/01/2022,30,231440000,7.09,22/01/2052,Long-Term Sovereign Structural Debt,16409096.000000002
GHA-DEBT-4483,Central Government,SOE Guaranteed Loan,30/07/2025,30,184520000,10.19,30/07/2055,Long-Term Sovereign Structural Debt,18802588
GHA-DEBT-4484,Central Government,Domestic Treasury Bond,09/10/2022,3,197800000,6.68,09/10/2025,Short-Term Refinancing Risk,13213040
GHA-DEBT-4485,Central Government,Eurobond,06/11/2024,10,64250000,5.85,06/11/2034,Medium-Term Exposure,3758625
GHA-DEBT-4486,Central Government,Eurobond,18/01/2025,7,104490000,13.11,18/01/2032,Medium-Term Exposure,13698639
GHA-DEBT-4487,COCOBOD (Agric),Eurobond,04/06/2025,15,97610000,11.92,04/06/2040,Long-Term Sovereign Structural Debt,11635112
GHA-DEBT-4488,VRA (Energy),Eurobond,03/01/2024,7,147020000,13.39,03/01/2031,Medium-Term Exposure,19685978.000000004
GHA-DEBT-4489,Central Government,Eurobond,11/08/2020,10,215420000,5.83,11/08/2030,Medium-Term Exposure,12558986
GHA-DEBT-4490,GRA (Revenue),Bilateral Debt,25/02/2024,3,33070000,10.68,25/02/2027,Short-Term Refinancing Risk,3531875.9999999995
GHA-DEBT-4491,Central Government,Domestic Treasury Bond,07/05/2023,30,131670000,10.02,07/05/2053,Long-Term Sovereign Structural Debt,13193334
GHA-DEBT-4492,GRIDCo (Energy),Eurobond,22/06/2021,10,133410000,10.96,22/06/2031,Medium-Term Exposure,14621736
GHA-DEBT-4493,Central Government,SOE Guaranteed Loan,03/02/2022,30,63980000,7.51,03/02/2052,Long-Term Sovereign Structural Debt,4804898
GHA-DEBT-4494,Central Government,Domestic Treasury Bond,20/05/2021,7,80710000,13.75,20/05/2028,Medium-Term Exposure,11097625
GHA-DEBT-4495,Central Government,Eurobond,22/04/2024,3,10910000,12.95,22/04/2027,Short-Term Refinancing Risk,1412845
GHA-DEBT-4496,VRA (Energy),Domestic Treasury Bond,18/02/2021,10,204260000,11.69,18/02/2031,Medium-Term Exposure,23877993.999999996
GHA-DEBT-4497,Central Government,Domestic Treasury Bond,01/06/2023,7,117450000,8.66,01/06/2030,Medium-Term Exposure,10171170
GHA-DEBT-4498,Central Government,SOE Guaranteed Loan,07/02/2025,7,62070000,9.56,07/02/2032,Medium-Term Exposure,5933892
GHA-DEBT-4499,Unspecified SOE,Eurobond,23/07/2021,3,219800000,12.04,23/07/2024,Short-Term Refinancing Risk,26463920
GHA-DEBT-4500,VRA (Energy),Eurobond,05/06/2020,5,154530000,11.83,05/06/2025,Short-Term Refinancing Risk,18280899
